Workbook

Sheet Motivos De Parada
A1: ANO | B1: MÊS | C1: OPERADOR | D1: TURNO | E1: DATA APONTAMENTO | F1: EQUIPAMENTO DIGITADO | G1: EQUIPAMENTO | H1: TIPO DE EQUIPAMENTO | I1: HORA INICIO PARADA | J1: HORA FINAL PARADA | K1: TEMPO DE PARADA | L1: CÓDIGO MOTIVO PARADA | M1: DETALHAMENTO | N1: DESCRIÇÃO | O1: TIPO INDISPONIBILIDADE | P1: DESCONSIDERADO ? | Q1: STATUS | R1: QUANTIDADE DE PARADAS POR TURNO | S1: CONSIDERAR?
A2: =IFERROR(YEAR(E2),"-") -> 2026 | B2: =IFERROR(DATE(YEAR(E2),MONTH(E2),MONTH(E2)),"-") -> 46023 | C2: OPERADOR 1 | D2: =IF(AND(I2>=TIME(6,0,0),I2<TIME(18,0,0),OR(J2<=TIME(18,0,0),J2<TIME(6,0,0))),"TURNO 1","TURNO 2") -> TURNO 1 | E2: 46023 | F2: FELLER1 | G2: =IFERROR(VLOOKUP(F2,Cadastros!A:B,2,FALSE),"-") -> FELLER BUNCHER 1 | H2: =IFERROR(VLOOKUP(G2,Cadastros!B:D,3,FALSE),"-") -> CORTE | I2: 0.25 | J2: 0.25 | K2: =IFERROR(IF(J2="-","-",((J2-I2)-INT(J2-I2))*24),"0") -> 0 | L2: 13 | M2: =IFERROR(VLOOKUP($L2,Justificativas!$A:$E,2,FALSE),"-") -> DETALHE 13 | N2: =IFERROR(VLOOKUP($L2,Justificativas!$A:$E,3,FALSE),"-") -> DESCRIÇÃO 12 | O2: =IFERROR(VLOOKUP($L2,Justificativas!$A:$E,4,FALSE),"-") -> DISPONIBILIDADE MECÂNICA | P2: =IFERROR(VLOOKUP($L2,Justificativas!$A:$E,5,FALSE),"-") -> NÃO | Q2: =IF(K2=0,"NÃO PUXA NO BI","PUXA") -> NÃO PUXA NO BI | R2: =COUNTIFS($B$1:B1,B2,$E$1:E1,E2,$G$1:G1,G2,$D$1:D1,D2) -> 0 | S2: =IF(OR(L2="100-1",L2="100-2",L2="100-3"),"NÃO","SIM") -> SIM
A3: =IFERROR(YEAR(E3),"-") -> 2026 | B3: =IFERROR(DATE(YEAR(E3),MONTH(E3),MONTH(E3)),"-") -> 46023 | C3: OPERADOR 1 | D3: =IF(AND(I3>=TIME(6,0,0),I3<TIME(18,0,0),OR(J3<=TIME(18,0,0),J3<TIME(6,0,0))),"TURNO 1","TURNO 2") -> TURNO 1 | E3: 46023 | F3: FELLER1 | G3: =IFERROR(VLOOKUP(F3,Cadastros!A:B,2,FALSE),"-") -> FELLER BUNCHER 1 | H3: =IFERROR(VLOOKUP(G3,Cadastros!B:D,3,FALSE),"-") -> CORTE | I3: =J2 -> 0.25 | J3: 0.33333333 | K3: =IFERROR(IF(J3="-","-",((J3-I3)-INT(J3-I3))*24),"0") -> 2 | L3: 3 | M3: =IFERROR(VLOOKUP($L3,Justificativas!$A:$E,2,FALSE),"-") -> DETALHE 3 | N3: =IFERROR(VLOOKUP($L3,Justificativas!$A:$E,3,FALSE),"-") -> DESCRIÇÃO 2 | O3: =IFERROR(VLOOKUP($L3,Justificativas!$A:$E,4,FALSE),"-") -> NÃO É INDISPONIBILIDADE | P3: =IFERROR(VLOOKUP($L3,Justificativas!$A:$E,5,FALSE),"-") -> SIM | Q3: =IF(K3=0,"NÃO PUXA NO BI","PUXA") -> PUXA | R3: =COUNTIFS($B$1:B2,B3,$E$1:E2,E3,$G$1:G2,G3,$D$1:D2,D3) -> 1 | S3: =IF(OR(L3="100-1",L3="100-2",L3="100-3"),"NÃO","SIM") -> SIM
A4: =IFERROR(YEAR(E4),"-") -> 2026 | B4: =IFERROR(DATE(YEAR(E4),MONTH(E4),MONTH(E4)),"-") -> 46023 | C4: OPERADOR 1 | D4: =IF(AND(I4>=TIME(6,0,0),I4<TIME(18,0,0),OR(J4<=TIME(18,0,0),J4<TIME(6,0,0))),"TURNO 1","TURNO 2") -> TURNO 1 | E4: 46023 | F4: FELLER1 | G4: =IFERROR(VLOOKUP(F4,Cadastros!A:B,2,FALSE),"-") -> FELLER BUNCHER 1 | H4: =IFERROR(VLOOKUP(G4,Cadastros!B:D,3,FALSE),"-") -> CORTE | I4: =J3 -> 0.33333333 | J4: 0.45833333 | K4: =IFERROR(IF(J4="-","-",((J4-I4)-INT(J4-I4))*24),"0") -> 3 | L4: 8 | M4: =IFERROR(VLOOKUP($L4,Justificativas!$A:$E,2,FALSE),"-") -> DETALHE 8 | N4: =IFERROR(VLOOKUP($L4,Justificativas!$A:$E,3,FALSE),"-") -> DESCRIÇÃO 7 | O4: =IFERROR(VLOOKUP($L4,Justificativas!$A:$E,4,FALSE),"-") -> DISPONIBILIDADE OPERACIONAL | P4: =IFERROR(VLOOKUP($L4,Justificativas!$A:$E,5,FALSE),"-") -> NÃO | Q4: =IF(K4=0,"NÃO PUXA NO BI","PUXA") -> PUXA | R4: =COUNTIFS($B$1:B3,B4,$E$1:E3,E4,$G$1:G3,G4,$D$1:D3,D4) -> 2 | S4: =IF(OR(L4="100-1",L4="100-2",L4="100-3"),"NÃO","SIM") -> SIM
A5: =IFERROR(YEAR(E5),"-") -> 2026 | B5: =IFERROR(DATE(YEAR(E5),MONTH(E5),MONTH(E5)),"-") -> 46023 | C5: OPERADOR 1 | D5: =IF(AND(I5>=TIME(6,0,0),I5<TIME(18,0,0),OR(J5<=TIME(18,0,0),J5<TIME(6,0,0))),"TURNO 1","TURNO 2") -> TURNO 1 | E5: 46023 | F5: FELLER1 | G5: =IFERROR(VLOOKUP(F5,Cadastros!A:B,2,FALSE),"-") -> FELLER BUNCHER 1 | H5: =IFERROR(VLOOKUP(G5,Cadastros!B:D,3,FALSE),"-") -> CORTE | I5: =J4 -> 0.45833333 | J5: 0.625 | K5: =IFERROR(IF(J5="-","-",((J5-I5)-INT(J5-I5))*24),"0") -> 4 | L5: 17 | M5: =IFERROR(VLOOKUP($L5,Justificativas!$A:$E,2,FALSE),"-") -> DETALHE 17 | N5: =IFERROR(VLOOKUP($L5,Justificativas!$A:$E,3,FALSE),"-") -> DESCRIÇÃO 16 | O5: =IFERROR(VLOOKUP($L5,Justificativas!$A:$E,4,FALSE),"-") -> DISPONIBILIDADE MECÂNICA | P5: =IFERROR(VLOOKUP($L5,Justificativas!$A:$E,5,FALSE),"-") -> NÃO | Q5: =IF(K5=0,"NÃO PUXA NO BI","PUXA") -> PUXA | R5: =COUNTIFS($B$1:B4,B5,$E$1:E4,E5,$G$1:G4,G5,$D$1:D4,D5) -> 3 | S5: =IF(OR(L5="100-1",L5="100-2",L5="100-3"),"NÃO","SIM") -> SIM
A6: =IFERROR(YEAR(E6),"-") -> 2026 | B6: =IFERROR(DATE(YEAR(E6),MONTH(E6),MONTH(E6)),"-") -> 46023 | C6: OPERADOR 1 | D6: =IF(AND(I6>=TIME(6,0,0),I6<TIME(18,0,0),OR(J6<=TIME(18,0,0),J6<TIME(6,0,0))),"TURNO 1","TURNO 2") -> TURNO 1 | E6: 46023 | F6: FELLER1 | G6: =IFERROR(VLOOKUP(F6,Cadastros!A:B,2,FALSE),"-") -> FELLER BUNCHER 1 | H6: =IFERROR(VLOOKUP(G6,Cadastros!B:D,3,FALSE),"-") -> CORTE | I6: =J5 -> 0.625 | J6: 0.75 | K6: =IFERROR(IF(J6="-","-",((J6-I6)-INT(J6-I6))*24),"0") -> 3 | L6: 11 | M6: =IFERROR(VLOOKUP($L6,Justificativas!$A:$E,2,FALSE),"-") -> DETALHE 11 | N6: =IFERROR(VLOOKUP($L6,Justificativas!$A:$E,3,FALSE),"-") -> DESCRIÇÃO 10 | O6: =IFERROR(VLOOKUP($L6,Justificativas!$A:$E,4,FALSE),"-") -> DISPONIBILIDADE OPERACIONAL | P6: =IFERROR(VLOOKUP($L6,Justificativas!$A:$E,5,FALSE),"-") -> NÃO | Q6: =IF(K6=0,"NÃO PUXA NO BI","PUXA") -> PUXA | R6: =COUNTIFS($B$1:B5,B6,$E$1:E5,E6,$G$1:G5,G6,$D$1:D5,D6) -> 4 | S6: =IF(OR(L6="100-1",L6="100-2",L6="100-3"),"NÃO","SIM") -> SIM
A7: =IFERROR(YEAR(E7),"-") -> 2026 | B7: =IFERROR(DATE(YEAR(E7),MONTH(E7),MONTH(E7)),"-") -> 46023 | C7: OPERADOR 2 | D7: =IF(AND(I7>=TIME(6,0,0),I7<TIME(18,0,0),OR(J7<=TIME(18,0,0),J7<TIME(6,0,0))),"TURNO 1","TURNO 2") -> TURNO 2 | E7: 46023 | F7: FELLER1 | G7: =IFERROR(VLOOKUP(F7,Cadastros!A:B,2,FALSE),"-") -> FELLER BUNCHER 1 | H7: =IFERROR(VLOOKUP(G7,Cadastros!B:D,3,FALSE),"-") -> CORTE | I7: =J6 -> 0.75 | J7: 0.83333333 | K7: =IFERROR(IF(J7="-","-",((J7-I7)-INT(J7-I7))*24),"0") -> 2 | L7: 19 | M7: =IFERROR(VLOOKUP($L7,Justificativas!$A:$E,2,FALSE),"-") -> DETALHE 19 | N7: =IFERROR(VLOOKUP($L7,Justificativas!$A:$E,3,FALSE),"-") -> DESCRIÇÃO 18 | O7: =IFERROR(VLOOKUP($L7,Justificativas!$A:$E,4,FALSE),"-") -> DISPONIBILIDADE MECÂNICA | P7: =IFERROR(VLOOKUP($L7,Justificativas!$A:$E,5,FALSE),"-") -> NÃO | Q7: =IF(K7=0,"NÃO PUXA NO BI","PUXA") -> PUXA | R7: =COUNTIFS($B$1:B6,B7,$E$1:E6,E7,$G$1:G6,G7,$D$1:D6,D7) -> 0 | S7: =IF(OR(L7="100-1",L7="100-2",L7="100-3"),"NÃO","SIM") -> SIM
A8: =IFERROR(YEAR(E8),"-") -> 2026 | B8: =IFERROR(DATE(YEAR(E8),MONTH(E8),MONTH(E8)),"-") -> 46023 | C8: OPERADOR 2 | D8: =IF(AND(I8>=TIME(6,0,0),I8<TIME(18,0,0),OR(J8<=TIME(18,0,0),J8<TIME(6,0,0))),"TURNO 1","TURNO 2") -> TURNO 2 | E8: 46023 | F8: FELLER1 | G8: =IFERROR(VLOOKUP(F8,Cadastros!A:B,2,FALSE),"-") -> FELLER BUNCHER 1 | H8: =IFERROR(VLOOKUP(G8,Cadastros!B:D,3,FALSE),"-") -> CORTE | I8: =J7 -> 0.83333333 | J8: 0.041666667 | K8: =IFERROR(IF(J8="-","-",((J8-I8)-INT(J8-I8))*24),"0") -> 5 | L8: 6 | M8: =IFERROR(VLOOKUP($L8,Justificativas!$A:$E,2,FALSE),"-") -> DETALHE 6 | N8: =IFERROR(VLOOKUP($L8,Justificativas!$A:$E,3,FALSE),"-") -> DESCRIÇÃO 5 | O8: =IFERROR(VLOOKUP($L8,Justificativas!$A:$E,4,FALSE),"-") -> DISPONIBILIDADE OPERACIONAL | P8: =IFERROR(VLOOKUP($L8,Justificativas!$A:$E,5,FALSE),"-") -> NÃO | Q8: =IF(K8=0,"NÃO PUXA NO BI","PUXA") -> PUXA | R8: =COUNTIFS($B$1:B7,B8,$E$1:E7,E8,$G$1:G7,G8,$D$1:D7,D8) -> 1 | S8: =IF(OR(L8="100-1",L8="100-2",L8="100-3"),"NÃO","SIM") -> SIM
A9: =IFERROR(YEAR(E9),"-") -> 2026 | B9: =IFERROR(DATE(YEAR(E9),MONTH(E9),MONTH(E9)),"-") -> 46023 | C9: OPERADOR 2 | D9: =IF(AND(I9>=TIME(6,0,0),I9<TIME(18,0,0),OR(J9<=TIME(18,0,0),J9<TIME(6,0,0))),"TURNO 1","TURNO 2") -> TURNO 2 | E9: 46023 | F9: FELLER1 | G9: =IFERROR(VLOOKUP(F9,Cadastros!A:B,2,FALSE),"-") -> FELLER BUNCHER 1 | H9: =IFERROR(VLOOKUP(G9,Cadastros!B:D,3,FALSE),"-") -> CORTE | I9: =J8 -> 0.041666667 | J9: 0.25 | K9: =IFERROR(IF(J9="-","-",((J9-I9)-INT(J9-I9))*24),"0") -> 5 | L9: 14 | M9: =IFERROR(VLOOKUP($L9,Justificativas!$A:$E,2,FALSE),"-") -> DETALHE 14 | N9: =IFERROR(VLOOKUP($L9,Justificativas!$A:$E,3,FALSE),"-") -> DESCRIÇÃO 13 | O9: =IFERROR(VLOOKUP($L9,Justificativas!$A:$E,4,FALSE),"-") -> DISPONIBILIDADE MECÂNICA | P9: =IFERROR(VLOOKUP($L9,Justificativas!$A:$E,5,FALSE),"-") -> NÃO | Q9: =IF(K9=0,"NÃO PUXA NO BI","PUXA") -> PUXA | R9: =COUNTIFS($B$1:B8,B9,$E$1:E8,E9,$G$1:G8,G9,$D$1:D8,D9) -> 2 | S9: =IF(OR(L9="100-1",L9="100-2",L9="100-3"),"NÃO","SIM") -> SIM
A10: =IFERROR(YEAR(E10),"-") -> 2026 | B10: =IFERROR(DATE(YEAR(E10),MONTH(E10),MONTH(E10)),"-") -> 46023 | C10: OPERADOR 3 | D10: =IF(AND(I10>=TIME(6,0,0),I10<TIME(18,0,0),OR(J10<=TIME(18,0,0),J10<TIME(6,0,0))),"TURNO 1","TURNO 2") -> TURNO 1 | E10: 46024 | F10: SKIDDER2 | G10: =IFERROR(VLOOKUP(F10,Cadastros!A:B,2,FALSE),"-") -> SKIDDER 2 | H10: =IFERROR(VLOOKUP(G10,Cadastros!B:D,3,FALSE),"-") -> ARRASTE | I10: =J9 -> 0.25 | J10: 0.75 | K10: =IFERROR(IF(J10="-","-",((J10-I10)-INT(J10-I10))*24),"0") -> 12 | L10: 15 | M10: =IFERROR(VLOOKUP($L10,Justificativas!$A:$E,2,FALSE),"-") -> DETALHE 15 | N10: =IFERROR(VLOOKUP($L10,Justificativas!$A:$E,3,FALSE),"-") -> DESCRIÇÃO 14 | O10: =IFERROR(VLOOKUP($L10,Justificativas!$A:$E,4,FALSE),"-") -> DISPONIBILIDADE MECÂNICA | P10: =IFERROR(VLOOKUP($L10,Justificativas!$A:$E,5,FALSE),"-") -> NÃO | Q10: =IF(K10=0,"NÃO PUXA NO BI","PUXA") -> PUXA | R10: =COUNTIFS($B$1:B9,B10,$E$1:E9,E10,$G$1:G9,G10,$D$1:D9,D10) -> 0 | S10: =IF(OR(L10="100-1",L10="100-2",L10="100-3"),"NÃO","SIM") -> SIM
A11: =IFERROR(YEAR(E11),"-") -> 2026 | B11: =IFERROR(DATE(YEAR(E11),MONTH(E11),MONTH(E11)),"-") -> 46023 | C11: OPERADOR 4 | D11: =IF(AND(I11>=TIME(6,0,0),I11<TIME(18,0,0),OR(J11<=TIME(18,0,0),J11<TIME(6,0,0))),"TURNO 1","TURNO 2") -> TURNO 2 | E11: 46024 | F11: SKIDDER2 | G11: =IFERROR(VLOOKUP(F11,Cadastros!A:B,2,FALSE),"-") -> SKIDDER 2 | H11: =IFERROR(VLOOKUP(G11,Cadastros!B:D,3,FALSE),"-") -> ARRASTE | I11: =J10 -> 0.75 | J11: 0.25 | K11: =IFERROR(IF(J11="-","-",((J11-I11)-INT(J11-I11))*24),"0") -> 12 | L11: 10 | M11: =IFERROR(VLOOKUP($L11,Justificativas!$A:$E,2,FALSE),"-") -> DETALHE 10 | N11: =IFERROR(VLOOKUP($L11,Justificativas!$A:$E,3,FALSE),"-") -> DESCRIÇÃO 9 | O11: =IFERROR(VLOOKUP($L11,Justificativas!$A:$E,4,FALSE),"-") -> DISPONIBILIDADE OPERACIONAL | P11: =IFERROR(VLOOKUP($L11,Justificativas!$A:$E,5,FALSE),"-") -> NÃO | Q11: =IF(K11=0,"NÃO PUXA NO BI","PUXA") -> PUXA | R11: =COUNTIFS($B$1:B10,B11,$E$1:E10,E11,$G$1:G10,G11,$D$1:D10,D11) -> 0 | S11: =IF(OR(L11="100-1",L11="100-2",L11="100-3"),"NÃO","SIM") -> SIM
A12: =IFERROR(YEAR(E12),"-") -> 2026 | B12: =IFERROR(DATE(YEAR(E12),MONTH(E12),MONTH(E12)),"-") -> 46023 | C12: OPERADOR 1 | D12: =IF(AND(I12>=TIME(6,0,0),I12<TIME(18,0,0),OR(J12<=TIME(18,0,0),J12<TIME(6,0,0))),"TURNO 1","TURNO 2") -> TURNO 1 | E12: 46025 | F12: FELLER1 | G12: =IFERROR(VLOOKUP(F12,Cadastros!A:B,2,FALSE),"-") -> FELLER BUNCHER 1 | H12: =IFERROR(VLOOKUP(G12,Cadastros!B:D,3,FALSE),"-") -> CORTE | I12: =J11 -> 0.25 | J12: 0.75 | K12: =IFERROR(IF(J12="-","-",((J12-I12)-INT(J12-I12))*24),"0") -> 12 | L12: 1 | M12: =IFERROR(VLOOKUP($L12,Justificativas!$A:$E,2,FALSE),"-") -> OPERAÇÃO | N12: =IFERROR(VLOOKUP($L12,Justificativas!$A:$E,3,FALSE),"-") -> EM OPERAÇÃO | O12: =IFERROR(VLOOKUP($L12,Justificativas!$A:$E,4,FALSE),"-") -> OPERAÇÃO | P12: =IFERROR(VLOOKUP($L12,Justificativas!$A:$E,5,FALSE),"-") -> NÃO | Q12: =IF(K12=0,"NÃO PUXA NO BI","PUXA") -> PUXA | R12: =COUNTIFS($B$1:B11,B12,$E$1:E11,E12,$G$1:G11,G12,$D$1:D11,D12) -> 0 | S12: =IF(OR(L12="100-1",L12="100-2",L12="100-3"),"NÃO","SIM") -> SIM
A13: =IFERROR(YEAR(E13),"-") -> 2026 | B13: =IFERROR(DATE(YEAR(E13),MONTH(E13),MONTH(E13)),"-") -> 46023 | C13: OPERADOR 2 | D13: =IF(AND(I13>=TIME(6,0,0),I13<TIME(18,0,0),OR(J13<=TIME(18,0,0),J13<TIME(6,0,0))),"TURNO 1","TURNO 2") -> TURNO 2 | E13: 46025 | F13: FELLER1 | G13: =IFERROR(VLOOKUP(F13,Cadastros!A:B,2,FALSE),"-") -> FELLER BUNCHER 1 | H13: =IFERROR(VLOOKUP(G13,Cadastros!B:D,3,FALSE),"-") -> CORTE | I13: =J12 -> 0.75 | J13: 0.25 | K13: =IFERROR(IF(J13="-","-",((J13-I13)-INT(J13-I13))*24),"0") -> 12 | L13: 20 | M13: =IFERROR(VLOOKUP($L13,Justificativas!$A:$E,2,FALSE),"-") -> DETALHE 20 | N13: =IFERROR(VLOOKUP($L13,Justificativas!$A:$E,3,FALSE),"-") -> DESCRIÇÃO 19 | O13: =IFERROR(VLOOKUP($L13,Justificativas!$A:$E,4,FALSE),"-") -> DISPONIBILIDADE MECÂNICA | P13: =IFERROR(VLOOKUP($L13,Justificativas!$A:$E,5,FALSE),"-") -> NÃO | Q13: =IF(K13=0,"NÃO PUXA NO BI","PUXA") -> PUXA | R13: =COUNTIFS($B$1:B12,B13,$E$1:E12,E13,$G$1:G12,G13,$D$1:D12,D13) -> 0 | S13: =IF(OR(L13="100-1",L13="100-2",L13="100-3"),"NÃO","SIM") -> SIM
A14: =IFERROR(YEAR(E14),"-") -> 2026 | B14: =IFERROR(DATE(YEAR(E14),MONTH(E14),MONTH(E14)),"-") -> 46023 | C14: OPERADOR 3 | D14: =IF(AND(I14>=TIME(6,0,0),I14<TIME(18,0,0),OR(J14<=TIME(18,0,0),J14<TIME(6,0,0))),"TURNO 1","TURNO 2") -> TURNO 1 | E14: 46026 | F14: SKIDDER2 | G14: =IFERROR(VLOOKUP(F14,Cadastros!A:B,2,FALSE),"-") -> SKIDDER 2 | H14: =IFERROR(VLOOKUP(G14,Cadastros!B:D,3,FALSE),"-") -> ARRASTE | I14: =J13 -> 0.25 | J14: 0.75 | K14: =IFERROR(IF(J14="-","-",((J14-I14)-INT(J14-I14))*24),"0") -> 12 | L14: 8 | M14: =IFERROR(VLOOKUP($L14,Justificativas!$A:$E,2,FALSE),"-") -> DETALHE 8 | N14: =IFERROR(VLOOKUP($L14,Justificativas!$A:$E,3,FALSE),"-") -> DESCRIÇÃO 7 | O14: =IFERROR(VLOOKUP($L14,Justificativas!$A:$E,4,FALSE),"-") -> DISPONIBILIDADE OPERACIONAL | P14: =IFERROR(VLOOKUP($L14,Justificativas!$A:$E,5,FALSE),"-") -> NÃO | Q14: =IF(K14=0,"NÃO PUXA NO BI","PUXA") -> PUXA | R14: =COUNTIFS($B$1:B13,B14,$E$1:E13,E14,$G$1:G13,G14,$D$1:D13,D14) -> 0 | S14: =IF(OR(L14="100-1",L14="100-2",L14="100-3"),"NÃO","SIM") -> SIM
... A30: =IFERROR(YEAR(E30),"-") -> 2026 | B30: =IFERROR(DATE(YEAR(E30),MONTH(E30),MONTH(E30)),"-") -> 46023 | C30: OPERADOR 8 | D30: =IF(AND(I30>=TIME(6,0,0),I30<TIME(18,0,0),OR(J30<=TIME(18,0,0),J30<TIME(6,0,0))),"TURNO 1","TURNO 2") -> TURNO 2 | E30: 46028 | F30: FELLER2 | G30: =IFERROR(VLOOKUP(F30,Cadastros!A:B,2,FALSE),"-") -> FELLER BUNCHER 2 | H30: =IFERROR(VLOOKUP(G30,Cadastros!B:D,3,FALSE),"-") -> CORTE | I30: =J29 -> 0.125 | J30: 0.25 | K30: =IFERROR(IF(J30="-","-",((J30-I30)-INT(J30-I30))*24),"0") -> 3 | L30: 11 | M30: =IFERROR(VLOOKUP($L30,Justificativas!$A:$E,2,FALSE),"-") -> DETALHE 11 | N30: =IFERROR(VLOOKUP($L30,Justificativas!$A:$E,3,FALSE),"-") -> DESCRIÇÃO 10 | O30: =IFERROR(VLOOKUP($L30,Justificativas!$A:$E,4,FALSE),"-") -> DISPONIBILIDADE OPERACIONAL | P30: =IFERROR(VLOOKUP($L30,Justificativas!$A:$E,5,FALSE),"-") -> NÃO | Q30: =IF(K30=0,"NÃO PUXA NO BI","PUXA") -> PUXA | R30: =COUNTIFS($B$1:B29,B30,$E$1:E29,E30,$G$1:G29,G30,$D$1:D29,D30) -> 1 | S30: =IF(OR(L30="100-1",L30="100-2",L30="100-3"),"NÃO","SIM") -> SIM

Sheet Disponibilidade
A1: ANO | B1: MÊS | C1: DATA | D1: EQUIPAMENTO DIGITADO | E1: TURNO | F1: OPERADOR | G1: EQUIPAMENTO | H1: TIPO DE EQUIPAMENTO | I1: DISPONIBILIDADE MECÂNICA | J1: D.M | K1: META D.M BASE | L1: META D.M DESAFIO | M1: TETO META D.M | N1: STATUS D.M | O1: DISPONIBILIDADE OPERACIONAL | P1: D.O | Q1: META D.O BASE | R1: META D.O DESAFIO | S1: TETO META D.O | T1: STATUS D.O | U1: HORAS | V1: HORAS D.M | W1: HORAS D.O | X1: MÉDIA HORAS PARADAS | Y1: TOTAL HORAS | Z1: CHECK TOTAL HORAS | AA1: TOTAL HORAS PARADAS | AB1: TEMPO REFEIÇÃO | AC1: HORAS RODADAS | AD1: CHECK HORAS RODADAS | AE1: HORAS PARADAS | AF1: HORAS DESCONSIDERADAS | AG1: HORAS TRABALHADAS REAL | AH1: CHECK HORAS TRABALHADAS | AI1: META HORAS BASE | AJ1: META HORAS DESAFIO | AK1: TETO META HORAS | AL1: STATUS META HORAS
A2: =IFERROR(YEAR(C2),"-") -> 2026 | B2: =IFERROR(DATE(YEAR(C2),MONTH(C2),MONTH(C2)),"-") -> 46023 | C2: 46023 | D2: FELLER1 | E2: TURNO 1 | F2: {=IFERROR(INDEX('Motivos De Parada'!C:C,MATCH(1,('Motivos De Parada'!E:E=Disponibilidade!C2)*('Motivos De Parada'!G:G=Disponibilidade!G2)*('Motivos De Parada'!D:D=Disponibilidade!E2),0)),"-")} -> OPERADOR 1 | G2: =IFERROR(VLOOKUP(D2,Cadastros!A:B,2,FALSE),"-") -> FELLER BUNCHER 1 | H2: =IFERROR(VLOOKUP(G2,Cadastros!B:D,3,FALSE),"-") -> CORTE | I2: DISPONIBILIDADE MECÂNICA | J2: =IFERROR(MAX(0,1 - (SUMIFS('Motivos De Parada'!K:K,'Motivos De Parada'!G:G,Disponibilidade!G2,'Motivos De Parada'!H:H,Disponibilidade!H2,'Motivos De Parada'!O:O,Disponibilidade!I2,'Motivos De Parada'!E:E,Disponibilidade!C2,'Motivos De Parada'!D:D,Disponibilidade!E2) / 24)),"-") -> 0.83333333 | K2: {=IFERROR(INDEX('Metas DM & DO'!$A:$AAD,MATCH(Disponibilidade!$G2,'Metas DM & DO'!$A:$A,0),MATCH(Disponibilidade!$I2,'Metas DM & DO'!$1:$1,0)+1),"-")} -> 0.45882353 | L2: {=IFERROR(INDEX('Metas DM & DO'!$A:$AAD,MATCH(Disponibilidade!$G2,'Metas DM & DO'!$A:$A,0),MATCH(Disponibilidade!$I2,'Metas DM & DO'!$1:$1,0)+2),"-")} -> 0.66341463 | M2: {=IFERROR(INDEX('Metas DM & DO'!$A:$AAD,MATCH(Disponibilidade!$G2,'Metas DM & DO'!$A:$A,0),MATCH(Disponibilidade!$I2,'Metas DM & DO'!$1:$1,0)+3),"-")} -> 0.83333333 | N2: =IFERROR(IF(J2<K2,"RUIM",IF(AND(J2>=K2,J2<L2),"MEDIA",IF(AND(J2>=L2,J2<M2),"BOA","-"))),"-") -> - | O2: DISPONIBILIDADE OPERACIONAL | P2: =IFERROR(MAX(0,1 - (SUMIFS('Motivos De Parada'!K:K,'Motivos De Parada'!G:G,Disponibilidade!G2,'Motivos De Parada'!H:H,Disponibilidade!H2,'Motivos De Parada'!O:O,Disponibilidade!O2,'Motivos De Parada'!E:E,Disponibilidade!C2,'Motivos De Parada'!D:D,Disponibilidade!E2) / 24)),"-") -> 0.75 | Q2: {=IFERROR(INDEX('Metas DM & DO'!$A:$AAD,MATCH(Disponibilidade!$G2,'Metas DM & DO'!$A:$A,0),MATCH(Disponibilidade!$O2,'Metas DM & DO'!$1:$1,0)+1),"-")} -> 0.74117647 | R2: {=IFERROR(INDEX('Metas DM & DO'!$A:$AAD,MATCH(Disponibilidade!$G2,'Metas DM & DO'!$A:$A,0),MATCH(Disponibilidade!$O2,'Metas DM & DO'!$1:$1,0)+2),"-")} -> 0.83902439 | S2: {=IFERROR(INDEX('Metas DM & DO'!$A:$AAD,MATCH(Disponibilidade!$G2,'Metas DM & DO'!$A:$A,0),MATCH(Disponibilidade!$O2,'Metas DM & DO'!$1:$1,0)+3),"-")} -> 0.79166667 | T2: =IFERROR(IF(P2<Q2,"RUIM",IF(AND(P2>=Q2,P2<R2),"MEDIA",IF(AND(P2>=R2,P2<S2),"BOA","-"))),"-") -> MEDIA | U2: HORAS | V2: =IFERROR(SUMIFS('Motivos De Parada'!K:K,'Motivos De Parada'!G:G,Disponibilidade!G2,'Motivos De Parada'!H:H,Disponibilidade!H2,'Motivos De Parada'!O:O,Disponibilidade!I2,'Motivos De Parada'!E:E,Disponibilidade!C2,'Motivos De Parada'!D:D,Disponibilidade!E2),"-") -> 4 | W2: =IFERROR(SUMIFS('Motivos De Parada'!K:K,'Motivos De Parada'!G:G,Disponibilidade!G2,'Motivos De Parada'!H:H,Disponibilidade!H2,'Motivos De Parada'!O:O,Disponibilidade!O2,'Motivos De Parada'!E:E,Disponibilidade!C2,'Motivos De Parada'!D:D,Disponibilidade!E2),"-") -> 6 | X2: =IFERROR(AVERAGE(V2,W2),"-") -> 5 | Y2: =IFERROR(SUMIFS('Motivos De Parada'!K:K,'Motivos De Parada'!G:G,Disponibilidade!G2,'Motivos De Parada'!H:H,Disponibilidade!H2,'Motivos De Parada'!E:E,Disponibilidade!C2,'Motivos De Parada'!D:D,Disponibilidade!E2),"-") -> 12 | Z2: =IFERROR(IF(Y2=0,"OK",IF(OR(Y2>12,Y2<12),"VERIFICAR","OK")),"-") -> OK | AA2: =IFERROR(W2+V2,"-") -> 10 | AB2: =IFERROR(SUMIFS('Motivos De Parada'!K:K,'Motivos De Parada'!G:G,Disponibilidade!G2,'Motivos De Parada'!H:H,Disponibilidade!H2,'Motivos De Parada'!E:E,Disponibilidade!C2,'Motivos De Parada'!D:D,Disponibilidade!E2,'Motivos De Parada'!M:M,"REFEIÇÃO"),"-") -> 0 | AC2: =IFERROR(Y2-AA2-AB2,"-") -> 2 | AD2: =IFERROR(IF(AC2<0,"VERIFICAR","OK"),"-") -> OK | AE2: {=IFERROR(SUM(SUMIFS('Motivos De Parada'!K:K,'Motivos De Parada'!G:G,Disponibilidade!G2,'Motivos De Parada'!H:H,Disponibilidade!H2,'Motivos De Parada'!E:E,Disponibilidade!C2,'Motivos De Parada'!D:D,Disponibilidade!E2,'Motivos De Parada'!O:O,{"DISPONIBILIDADE MECÂNICA";"DISPONIBILIDADE OPERACIONAL"},'Motivos De Parada'!P:P,"NÃO")),"-")} -> 10 | AF2: {=IFERROR(SUM(SUMIFS('Motivos De Parada'!K:K,'Motivos De Parada'!G:G,Disponibilidade!G2,'Motivos De Parada'!H:H,Disponibilidade!H2,'Motivos De Parada'!E:E,Disponibilidade!C2,'Motivos De Parada'!D:D,Disponibilidade!E2,'Motivos De Parada'!O:O,{"DISPONIBILIDADE MECÂNICA";"DISPONIBILIDADE OPERACIONAL"},'Motivos De Parada'!P:P,"SIM")),"-")} -> 0 | AG2: =IFERROR(IF((AC2-AF2)<0,0,(AC2-AF2)),"-") -> 2 | AH2: =IFERROR(IF(AND(AG2=0,AC2=0),"OK",IF(AG2=AC2,"VERIFICAR","OK")),"-") -> VERIFICAR | AI2: {=IFERROR(INDEX('Metas DM & DO'!$A:$AAD,MATCH(Disponibilidade!$G2,'Metas DM & DO'!$A:$A,0),MATCH(Disponibilidade!$U2,'Metas DM & DO'!$1:$1,0)+2),"-")} -> 4.8 | AJ2: {=IFERROR(INDEX('Metas DM & DO'!$A:$AAD,MATCH(Disponibilidade!$G2,'Metas DM & DO'!$A:$A,0),MATCH(Disponibilidade!$U2,'Metas DM & DO'!$1:$1,0)+3),"-")} -> 2.9853659 | AK2: {=IFERROR(INDEX('Metas DM & DO'!$A:$AAD,MATCH(Disponibilidade!$G2,'Metas DM & DO'!$A:$A,0),MATCH(Disponibilidade!$U2,'Metas DM & DO'!$1:$1,0)+4),"-")} -> 12 | AL2: =IFERROR(IF(X2<=AJ2,"EXCELENTE", IF(X2<=AI2,"BOM", IF(X2<=AK2,"ATENÇÃO",IF(X2>AK2,"CRÍTICO","-")))),"-") -> ATENÇÃO
A3: =IFERROR(YEAR(C3),"-") -> 2026 | B3: =IFERROR(DATE(YEAR(C3),MONTH(C3),MONTH(C3)),"-") -> 46023 | C3: 46023 | D3: FELLER1 | E3: TURNO 2 | F3: {=IFERROR(INDEX('Motivos De Parada'!C:C,MATCH(1,('Motivos De Parada'!E:E=Disponibilidade!C3)*('Motivos De Parada'!G:G=Disponibilidade!G3)*('Motivos De Parada'!D:D=Disponibilidade!E3),0)),"-")} -> OPERADOR 2 | G3: =IFERROR(VLOOKUP(D3,Cadastros!A:B,2,FALSE),"-") -> FELLER BUNCHER 1 | H3: =IFERROR(VLOOKUP(G3,Cadastros!B:D,3,FALSE),"-") -> CORTE | I3: DISPONIBILIDADE MECÂNICA | J3: =IFERROR(MAX(0,1 - (SUMIFS('Motivos De Parada'!K:K,'Motivos De Parada'!G:G,Disponibilidade!G3,'Motivos De Parada'!H:H,Disponibilidade!H3,'Motivos De Parada'!O:O,Disponibilidade!I3,'Motivos De Parada'!E:E,Disponibilidade!C3,'Motivos De Parada'!D:D,Disponibilidade!E3) / 24)),"-") -> 0.70833333 | K3: {=IFERROR(INDEX('Metas DM & DO'!$A:$AAD,MATCH(Disponibilidade!$G3,'Metas DM & DO'!$A:$A,0),MATCH(Disponibilidade!$I3,'Metas DM & DO'!$1:$1,0)+1),"-")} -> 0.45882353 | L3: {=IFERROR(INDEX('Metas DM & DO'!$A:$AAD,MATCH(Disponibilidade!$G3,'Metas DM & DO'!$A:$A,0),MATCH(Disponibilidade!$I3,'Metas DM & DO'!$1:$1,0)+2),"-")} -> 0.66341463 | M3: {=IFERROR(INDEX('Metas DM & DO'!$A:$AAD,MATCH(Disponibilidade!$G3,'Metas DM & DO'!$A:$A,0),MATCH(Disponibilidade!$I3,'Metas DM & DO'!$1:$1,0)+3),"-")} -> 0.83333333 | N3: =IFERROR(IF(J3<K3,"RUIM",IF(AND(J3>=K3,J3<L3),"MEDIA",IF(AND(J3>=L3,J3<M3),"BOA","-"))),"-") -> BOA | O3: DISPONIBILIDADE OPERACIONAL | P3: =IFERROR(MAX(0,1 - (SUMIFS('Motivos De Parada'!K:K,'Motivos De Parada'!G:G,Disponibilidade!G3,'Motivos De Parada'!H:H,Disponibilidade!H3,'Motivos De Parada'!O:O,Disponibilidade!O3,'Motivos De Parada'!E:E,Disponibilidade!C3,'Motivos De Parada'!D:D,Disponibilidade!E3) / 24)),"-") -> 0.79166667 | Q3: {=IFERROR(INDEX('Metas DM & DO'!$A:$AAD,MATCH(Disponibilidade!$G3,'Metas DM & DO'!$A:$A,0),MATCH(Disponibilidade!$O3,'Metas DM & DO'!$1:$1,0)+1),"-")} -> 0.74117647 | R3: {=IFERROR(INDEX('Metas DM & DO'!$A:$AAD,MATCH(Disponibilidade!$G3,'Metas DM & DO'!$A:$A,0),MATCH(Disponibilidade!$O3,'Metas DM & DO'!$1:$1,0)+2),"-")} -> 0.83902439 | S3: {=IFERROR(INDEX('Metas DM & DO'!$A:$AAD,MATCH(Disponibilidade!$G3,'Metas DM & DO'!$A:$A,0),MATCH(Disponibilidade!$O3,'Metas DM & DO'!$1:$1,0)+3),"-")} -> 0.79166667 | T3: =IFERROR(IF(P3<Q3,"RUIM",IF(AND(P3>=Q3,P3<R3),"MEDIA",IF(AND(P3>=R3,P3<S3),"BOA","-"))),"-") -> MEDIA | U3: HORAS | V3: =IFERROR(SUMIFS('Motivos De Parada'!K:K,'Motivos De Parada'!G:G,Disponibilidade!G3,'Motivos De Parada'!H:H,Disponibilidade!H3,'Motivos De Parada'!O:O,Disponibilidade!I3,'Motivos De Parada'!E:E,Disponibilidade!C3,'Motivos De Parada'!D:D,Disponibilidade!E3),"-") -> 7 | W3: =IFERROR(SUMIFS('Motivos De Parada'!K:K,'Motivos De Parada'!G:G,Disponibilidade!G3,'Motivos De Parada'!H:H,Disponibilidade!H3,'Motivos De Parada'!O:O,Disponibilidade!O3,'Motivos De Parada'!E:E,Disponibilidade!C3,'Motivos De Parada'!D:D,Disponibilidade!E3),"-") -> 5 | X3: =IFERROR(AVERAGE(V3,W3),"-") -> 6 | Y3: =IFERROR(SUMIFS('Motivos De Parada'!K:K,'Motivos De Parada'!G:G,Disponibilidade!G3,'Motivos De Parada'!H:H,Disponibilidade!H3,'Motivos De Parada'!E:E,Disponibilidade!C3,'Motivos De Parada'!D:D,Disponibilidade!E3),"-") -> 12 | Z3: =IFERROR(IF(Y3=0,"OK",IF(OR(Y3>12,Y3<12),"VERIFICAR","OK")),"-") -> OK | AA3: =IFERROR(W3+V3,"-") -> 12 | AB3: =IFERROR(SUMIFS('Motivos De Parada'!K:K,'Motivos De Parada'!G:G,Disponibilidade!G3,'Motivos De Parada'!H:H,Disponibilidade!H3,'Motivos De Parada'!E:E,Disponibilidade!C3,'Motivos De Parada'!D:D,Disponibilidade!E3,'Motivos De Parada'!M:M,"REFEIÇÃO"),"-") -> 0 | AC3: =IFERROR(Y3-AA3-AB3,"-") -> 0 | AD3: =IFERROR(IF(AC3<0,"VERIFICAR","OK"),"-") -> OK | AE3: {=IFERROR(SUM(SUMIFS('Motivos De Parada'!K:K,'Motivos De Parada'!G:G,Disponibilidade!G3,'Motivos De Parada'!H:H,Disponibilidade!H3,'Motivos De Parada'!E:E,Disponibilidade!C3,'Motivos De Parada'!D:D,Disponibilidade!E3,'Motivos De Parada'!O:O,{"DISPONIBILIDADE MECÂNICA";"DISPONIBILIDADE OPERACIONAL"},'Motivos De Parada'!P:P,"NÃO")),"-")} -> 12 | AF3: {=IFERROR(SUM(SUMIFS('Motivos De Parada'!K:K,'Motivos De Parada'!G:G,Disponibilidade!G3,'Motivos De Parada'!H:H,Disponibilidade!H3,'Motivos De Parada'!E:E,Disponibilidade!C3,'Motivos De Parada'!D:D,Disponibilidade!E3,'Motivos De Parada'!O:O,{"DISPONIBILIDADE MECÂNICA";"DISPONIBILIDADE OPERACIONAL"},'Motivos De Parada'!P:P,"SIM")),"-")} -> 0 | AG3: =IFERROR(IF((AC3-AF3)<0,0,(AC3-AF3)),"-") -> 0 | AH3: =IFERROR(IF(AND(AG3=0,AC3=0),"OK",IF(AG3=AC3,"VERIFICAR","OK")),"-") -> OK | AI3: {=IFERROR(INDEX('Metas DM & DO'!$A:$AAD,MATCH(Disponibilidade!$G3,'Metas DM & DO'!$A:$A,0),MATCH(Disponibilidade!$U3,'Metas DM & DO'!$1:$1,0)+2),"-")} -> 4.8 | AJ3: {=IFERROR(INDEX('Metas DM & DO'!$A:$AAD,MATCH(Disponibilidade!$G3,'Metas DM & DO'!$A:$A,0),MATCH(Disponibilidade!$U3,'Metas DM & DO'!$1:$1,0)+3),"-")} -> 2.9853659 | AK3: {=IFERROR(INDEX('Metas DM & DO'!$A:$AAD,MATCH(Disponibilidade!$G3,'Metas DM & DO'!$A:$A,0),MATCH(Disponibilidade!$U3,'Metas DM & DO'!$1:$1,0)+4),"-")} -> 12 | AL3: =IFERROR(IF(X3<=AJ3,"EXCELENTE", IF(X3<=AI3,"BOM", IF(X3<=AK3,"ATENÇÃO",IF(X3>AK3,"CRÍTICO","-")))),"-") -> ATENÇÃO
A4: =IFERROR(YEAR(C4),"-") -> 2026 | B4: =IFERROR(DATE(YEAR(C4),MONTH(C4),MONTH(C4)),"-") -> 46023 | C4: 46023 | D4: FELLER2 | E4: TURNO 1 | F4: {=IFERROR(INDEX('Motivos De Parada'!C:C,MATCH(1,('Motivos De Parada'!E:E=Disponibilidade!C4)*('Motivos De Parada'!G:G=Disponibilidade!G4)*('Motivos De Parada'!D:D=Disponibilidade!E4),0)),"-")} -> - | G4: =IFERROR(VLOOKUP(D4,Cadastros!A:B,2,FALSE),"-") -> FELLER BUNCHER 2 | H4: =IFERROR(VLOOKUP(G4,Cadastros!B:D,3,FALSE),"-") -> CORTE | I4: DISPONIBILIDADE MECÂNICA | J4: =IFERROR(MAX(0,1 - (SUMIFS('Motivos De Parada'!K:K,'Motivos De Parada'!G:G,Disponibilidade!G4,'Motivos De Parada'!H:H,Disponibilidade!H4,'Motivos De Parada'!O:O,Disponibilidade!I4,'Motivos De Parada'!E:E,Disponibilidade!C4,'Motivos De Parada'!D:D,Disponibilidade!E4) / 24)),"-") -> 1 | K4: {=IFERROR(INDEX('Metas DM & DO'!$A:$AAD,MATCH(Disponibilidade!$G4,'Metas DM & DO'!$A:$A,0),MATCH(Disponibilidade!$I4,'Metas DM & DO'!$1:$1,0)+1),"-")} -> 1 | L4: {=IFERROR(INDEX('Metas DM & DO'!$A:$AAD,MATCH(Disponibilidade!$G4,'Metas DM & DO'!$A:$A,0),MATCH(Disponibilidade!$I4,'Metas DM & DO'!$1:$1,0)+2),"-")} -> 1 | M4: {=IFERROR(INDEX('Metas DM & DO'!$A:$AAD,MATCH(Disponibilidade!$G4,'Metas DM & DO'!$A:$A,0),MATCH(Disponibilidade!$I4,'Metas DM & DO'!$1:$1,0)+3),"-")} -> - | N4: =IFERROR(IF(J4<K4,"RUIM",IF(AND(J4>=K4,J4<L4),"MEDIA",IF(AND(J4>=L4,J4<M4),"BOA","-"))),"-") -> BOA | O4: DISPONIBILIDADE OPERACIONAL | P4: =IFERROR(MAX(0,1 - (SUMIFS('Motivos De Parada'!K:K,'Motivos De Parada'!G:G,Disponibilidade!G4,'Motivos De Parada'!H:H,Disponibilidade!H4,'Motivos De Parada'!O:O,Disponibilidade!O4,'Motivos De Parada'!E:E,Disponibilidade!C4,'Motivos De Parada'!D:D,Disponibilidade!E4) / 24)),"-") -> 1 | Q4: {=IFERROR(INDEX('Metas DM & DO'!$A:$AAD,MATCH(Disponibilidade!$G4,'Metas DM & DO'!$A:$A,0),MATCH(Disponibilidade!$O4,'Metas DM & DO'!$1:$1,0)+1),"-")} -> 0.12 | R4: {=IFERROR(INDEX('Metas DM & DO'!$A:$AAD,MATCH(Disponibilidade!$G4,'Metas DM & DO'!$A:$A,0),MATCH(Disponibilidade!$O4,'Metas DM & DO'!$1:$1,0)+2),"-")} -> 0.25842697 | S4: {=IFERROR(INDEX('Metas DM & DO'!$A:$AAD,MATCH(Disponibilidade!$G4,'Metas DM & DO'!$A:$A,0),MATCH(Disponibilidade!$O4,'Metas DM & DO'!$1:$1,0)+3),"-")} -> 0.58333333 | T4: =IFERROR(IF(P4<Q4,"RUIM",IF(AND(P4>=Q4,P4<R4),"MEDIA",IF(AND(P4>=R4,P4<S4),"BOA","-"))),"-") -> - | U4: HORAS | V4: =IFERROR(SUMIFS('Motivos De Parada'!K:K,'Motivos De Parada'!G:G,Disponibilidade!G4,'Motivos De Parada'!H:H,Disponibilidade!H4,'Motivos De Parada'!O:O,Disponibilidade!I4,'Motivos De Parada'!E:E,Disponibilidade!C4,'Motivos De Parada'!D:D,Disponibilidade!E4),"-") -> 0 | W4: =IFERROR(SUMIFS('Motivos De Parada'!K:K,'Motivos De Parada'!G:G,Disponibilidade!G4,'Motivos De Parada'!H:H,Disponibilidade!H4,'Motivos De Parada'!O:O,Disponibilidade!O4,'Motivos De Parada'!E:E,Disponibilidade!C4,'Motivos De Parada'!D:D,Disponibilidade!E4),"-") -> 0 | X4: =IFERROR(AVERAGE(V4,W4),"-") -> 0 | Y4: =IFERROR(SUMIFS('Motivos De Parada'!K:K,'Motivos De Parada'!G:G,Disponibilidade!G4,'Motivos De Parada'!H:H,Disponibilidade!H4,'Motivos De Parada'!E:E,Disponibilidade!C4,'Motivos De Parada'!D:D,Disponibilidade!E4),"-") -> 0 | Z4: =IFERROR(IF(Y4=0,"OK",IF(OR(Y4>12,Y4<12),"VERIFICAR","OK")),"-") -> OK | AA4: =IFERROR(W4+V4,"-") -> 0 | AB4: =IFERROR(SUMIFS('Motivos De Parada'!K:K,'Motivos De Parada'!G:G,Disponibilidade!G4,'Motivos De Parada'!H:H,Disponibilidade!H4,'Motivos De Parada'!E:E,Disponibilidade!C4,'Motivos De Parada'!D:D,Disponibilidade!E4,'Motivos De Parada'!M:M,"REFEIÇÃO"),"-") -> 0 | AC4: =IFERROR(Y4-AA4-AB4,"-") -> 0 | AD4: =IFERROR(IF(AC4<0,"VERIFICAR","OK"),"-") -> OK | AE4: {=IFERROR(SUM(SUMIFS('Motivos De Parada'!K:K,'Motivos De Parada'!G:G,Disponibilidade!G4,'Motivos De Parada'!H:H,Disponibilidade!H4,'Motivos De Parada'!E:E,Disponibilidade!C4,'Motivos De Parada'!D:D,Disponibilidade!E4,'Motivos De Parada'!O:O,{"DISPONIBILIDADE MECÂNICA";"DISPONIBILIDADE OPERACIONAL"},'Motivos De Parada'!P:P,"NÃO")),"-")} -> 0 | AF4: {=IFERROR(SUM(SUMIFS('Motivos De Parada'!K:K,'Motivos De Parada'!G:G,Disponibilidade!G4,'Motivos De Parada'!H:H,Disponibilidade!H4,'Motivos De Parada'!E:E,Disponibilidade!C4,'Motivos De Parada'!D:D,Disponibilidade!E4,'Motivos De Parada'!O:O,{"DISPONIBILIDADE MECÂNICA";"DISPONIBILIDADE OPERACIONAL"},'Motivos De Parada'!P:P,"SIM")),"-")} -> 0 | AG4: =IFERROR(IF((AC4-AF4)<0,0,(AC4-AF4)),"-") -> 0 | AH4: =IFERROR(IF(AND(AG4=0,AC4=0),"OK",IF(AG4=AC4,"VERIFICAR","OK")),"-") -> OK | AI4: {=IFERROR(INDEX('Metas DM & DO'!$A:$AAD,MATCH(Disponibilidade!$G4,'Metas DM & DO'!$A:$A,0),MATCH(Disponibilidade!$U4,'Metas DM & DO'!$1:$1,0)+2),"-")} -> 5.28 | AJ4: {=IFERROR(INDEX('Metas DM & DO'!$A:$AAD,MATCH(Disponibilidade!$G4,'Metas DM & DO'!$A:$A,0),MATCH(Disponibilidade!$U4,'Metas DM & DO'!$1:$1,0)+3),"-")} -> 4.4494382 | AK4: {=IFERROR(INDEX('Metas DM & DO'!$A:$AAD,MATCH(Disponibilidade!$G4,'Metas DM & DO'!$A:$A,0),MATCH(Disponibilidade!$U4,'Metas DM & DO'!$1:$1,0)+4),"-")} -> 9 | AL4: =IFERROR(IF(X4<=AJ4,"EXCELENTE", IF(X4<=AI4,"BOM", IF(X4<=AK4,"ATENÇÃO",IF(X4>AK4,"CRÍTICO","-")))),"-") -> EXCELENTE
A5: =IFERROR(YEAR(C5),"-") -> 2026 | B5: =IFERROR(DATE(YEAR(C5),MONTH(C5),MONTH(C5)),"-") -> 46023 | C5: 46023 | D5: FELLER2 | E5: TURNO 2 | F5: {=IFERROR(INDEX('Motivos De Parada'!C:C,MATCH(1,('Motivos De Parada'!E:E=Disponibilidade!C5)*('Motivos De Parada'!G:G=Disponibilidade!G5)*('Motivos De Parada'!D:D=Disponibilidade!E5),0)),"-")} -> - | G5: =IFERROR(VLOOKUP(D5,Cadastros!A:B,2,FALSE),"-") -> FELLER BUNCHER 2 | H5: =IFERROR(VLOOKUP(G5,Cadastros!B:D,3,FALSE),"-") -> CORTE | I5: DISPONIBILIDADE MECÂNICA | J5: =IFERROR(MAX(0,1 - (SUMIFS('Motivos De Parada'!K:K,'Motivos De Parada'!G:G,Disponibilidade!G5,'Motivos De Parada'!H:H,Disponibilidade!H5,'Motivos De Parada'!O:O,Disponibilidade!I5,'Motivos De Parada'!E:E,Disponibilidade!C5,'Motivos De Parada'!D:D,Disponibilidade!E5) / 24)),"-") -> 1 | K5: {=IFERROR(INDEX('Metas DM & DO'!$A:$AAD,MATCH(Disponibilidade!$G5,'Metas DM & DO'!$A:$A,0),MATCH(Disponibilidade!$I5,'Metas DM & DO'!$1:$1,0)+1),"-")} -> 1 | L5: {=IFERROR(INDEX('Metas DM & DO'!$A:$AAD,MATCH(Disponibilidade!$G5,'Metas DM & DO'!$A:$A,0),MATCH(Disponibilidade!$I5,'Metas DM & DO'!$1:$1,0)+2),"-")} -> 1 | M5: {=IFERROR(INDEX('Metas DM & DO'!$A:$AAD,MATCH(Disponibilidade!$G5,'Metas DM & DO'!$A:$A,0),MATCH(Disponibilidade!$I5,'Metas DM & DO'!$1:$1,0)+3),"-")} -> - | N5: =IFERROR(IF(J5<K5,"RUIM",IF(AND(J5>=K5,J5<L5),"MEDIA",IF(AND(J5>=L5,J5<M5),"BOA","-"))),"-") -> BOA | O5: DISPONIBILIDADE OPERACIONAL | P5: =IFERROR(MAX(0,1 - (SUMIFS('Motivos De Parada'!K:K,'Motivos De Parada'!G:G,Disponibilidade!G5,'Motivos De Parada'!H:H,Disponibilidade!H5,'Motivos De Parada'!O:O,Disponibilidade!O5,'Motivos De Parada'!E:E,Disponibilidade!C5,'Motivos De Parada'!D:D,Disponibilidade!E5) / 24)),"-") -> 1 | Q5: {=IFERROR(INDEX('Metas DM & DO'!$A:$AAD,MATCH(Disponibilidade!$G5,'Metas DM & DO'!$A:$A,0),MATCH(Disponibilidade!$O5,'Metas DM & DO'!$1:$1,0)+1),"-")} -> 0.12 | R5: {=IFERROR(INDEX('Metas DM & DO'!$A:$AAD,MATCH(Disponibilidade!$G5,'Metas DM & DO'!$A:$A,0),MATCH(Disponibilidade!$O5,'Metas DM & DO'!$1:$1,0)+2),"-")} -> 0.25842697 | S5: {=IFERROR(INDEX('Metas DM & DO'!$A:$AAD,MATCH(Disponibilidade!$G5,'Metas DM & DO'!$A:$A,0),MATCH(Disponibilidade!$O5,'Metas DM & DO'!$1:$1,0)+3),"-")} -> 0.58333333 | T5: =IFERROR(IF(P5<Q5,"RUIM",IF(AND(P5>=Q5,P5<R5),"MEDIA",IF(AND(P5>=R5,P5<S5),"BOA","-"))),"-") -> - | U5: HORAS | V5: =IFERROR(SUMIFS('Motivos De Parada'!K:K,'Motivos De Parada'!G:G,Disponibilidade!G5,'Motivos De Parada'!H:H,Disponibilidade!H5,'Motivos De Parada'!O:O,Disponibilidade!I5,'Motivos De Parada'!E:E,Disponibilidade!C5,'Motivos De Parada'!D:D,Disponibilidade!E5),"-") -> 0 | W5: =IFERROR(SUMIFS('Motivos De Parada'!K:K,'Motivos De Parada'!G:G,Disponibilidade!G5,'Motivos De Parada'!H:H,Disponibilidade!H5,'Motivos De Parada'!O:O,Disponibilidade!O5,'Motivos De Parada'!E:E,Disponibilidade!C5,'Motivos De Parada'!D:D,Disponibilidade!E5),"-") -> 0 | X5: =IFERROR(AVERAGE(V5,W5),"-") -> 0 | Y5: =IFERROR(SUMIFS('Motivos De Parada'!K:K,'Motivos De Parada'!G:G,Disponibilidade!G5,'Motivos De Parada'!H:H,Disponibilidade!H5,'Motivos De Parada'!E:E,Disponibilidade!C5,'Motivos De Parada'!D:D,Disponibilidade!E5),"-") -> 0 | Z5: =IFERROR(IF(Y5=0,"OK",IF(OR(Y5>12,Y5<12),"VERIFICAR","OK")),"-") -> OK | AA5: =IFERROR(W5+V5,"-") -> 0 | AB5: =IFERROR(SUMIFS('Motivos De Parada'!K:K,'Motivos De Parada'!G:G,Disponibilidade!G5,'Motivos De Parada'!H:H,Disponibilidade!H5,'Motivos De Parada'!E:E,Disponibilidade!C5,'Motivos De Parada'!D:D,Disponibilidade!E5,'Motivos De Parada'!M:M,"REFEIÇÃO"),"-") -> 0 | AC5: =IFERROR(Y5-AA5-AB5,"-") -> 0 | AD5: =IFERROR(IF(AC5<0,"VERIFICAR","OK"),"-") -> OK | AE5: {=IFERROR(SUM(SUMIFS('Motivos De Parada'!K:K,'Motivos De Parada'!G:G,Disponibilidade!G5,'Motivos De Parada'!H:H,Disponibilidade!H5,'Motivos De Parada'!E:E,Disponibilidade!C5,'Motivos De Parada'!D:D,Disponibilidade!E5,'Motivos De Parada'!O:O,{"DISPONIBILIDADE MECÂNICA";"DISPONIBILIDADE OPERACIONAL"},'Motivos De Parada'!P:P,"NÃO")),"-")} -> 0 | AF5: {=IFERROR(SUM(SUMIFS('Motivos De Parada'!K:K,'Motivos De Parada'!G:G,Disponibilidade!G5,'Motivos De Parada'!H:H,Disponibilidade!H5,'Motivos De Parada'!E:E,Disponibilidade!C5,'Motivos De Parada'!D:D,Disponibilidade!E5,'Motivos De Parada'!O:O,{"DISPONIBILIDADE MECÂNICA";"DISPONIBILIDADE OPERACIONAL"},'Motivos De Parada'!P:P,"SIM")),"-")} -> 0 | AG5: =IFERROR(IF((AC5-AF5)<0,0,(AC5-AF5)),"-") -> 0 | AH5: =IFERROR(IF(AND(AG5=0,AC5=0),"OK",IF(AG5=AC5,"VERIFICAR","OK")),"-") -> OK | AI5: {=IFERROR(INDEX('Metas DM & DO'!$A:$AAD,MATCH(Disponibilidade!$G5,'Metas DM & DO'!$A:$A,0),MATCH(Disponibilidade!$U5,'Metas DM & DO'!$1:$1,0)+2),"-")} -> 5.28 | AJ5: {=IFERROR(INDEX('Metas DM & DO'!$A:$AAD,MATCH(Disponibilidade!$G5,'Metas DM & DO'!$A:$A,0),MATCH(Disponibilidade!$U5,'Metas DM & DO'!$1:$1,0)+3),"-")} -> 4.4494382 | AK5: {=IFERROR(INDEX('Metas DM & DO'!$A:$AAD,MATCH(Disponibilidade!$G5,'Metas DM & DO'!$A:$A,0),MATCH(Disponibilidade!$U5,'Metas DM & DO'!$1:$1,0)+4),"-")} -> 9 | AL5: =IFERROR(IF(X5<=AJ5,"EXCELENTE", IF(X5<=AI5,"BOM", IF(X5<=AK5,"ATENÇÃO",IF(X5>AK5,"CRÍTICO","-")))),"-") -> EXCELENTE
A6: =IFERROR(YEAR(C6),"-") -> 2026 | B6: =IFERROR(DATE(YEAR(C6),MONTH(C6),MONTH(C6)),"-") -> 46023 | C6: 46023 | D6: SKIDDER1 | E6: TURNO 1 | F6: {=IFERROR(INDEX('Motivos De Parada'!C:C,MATCH(1,('Motivos De Parada'!E:E=Disponibilidade!C6)*('Motivos De Parada'!G:G=Disponibilidade!G6)*('Motivos De Parada'!D:D=Disponibilidade!E6),0)),"-")} -> - | G6: =IFERROR(VLOOKUP(D6,Cadastros!A:B,2,FALSE),"-") -> SKIDDER 1 | H6: =IFERROR(VLOOKUP(G6,Cadastros!B:D,3,FALSE),"-") -> ARRASTE | I6: DISPONIBILIDADE MECÂNICA | J6: =IFERROR(MAX(0,1 - (SUMIFS('Motivos De Parada'!K:K,'Motivos De Parada'!G:G,Disponibilidade!G6,'Motivos De Parada'!H:H,Disponibilidade!H6,'Motivos De Parada'!O:O,Disponibilidade!I6,'Motivos De Parada'!E:E,Disponibilidade!C6,'Motivos De Parada'!D:D,Disponibilidade!E6) / 24)),"-") -> 1 | K6: {=IFERROR(INDEX('Metas DM & DO'!$A:$AAD,MATCH(Disponibilidade!$G6,'Metas DM & DO'!$A:$A,0),MATCH(Disponibilidade!$I6,'Metas DM & DO'!$1:$1,0)+1),"-")} -> - | L6: {=IFERROR(INDEX('Metas DM & DO'!$A:$AAD,MATCH(Disponibilidade!$G6,'Metas DM & DO'!$A:$A,0),MATCH(Disponibilidade!$I6,'Metas DM & DO'!$1:$1,0)+2),"-")} -> - | M6: {=IFERROR(INDEX('Metas DM & DO'!$A:$AAD,MATCH(Disponibilidade!$G6,'Metas DM & DO'!$A:$A,0),MATCH(Disponibilidade!$I6,'Metas DM & DO'!$1:$1,0)+3),"-")} -> - | N6: =IFERROR(IF(J6<K6,"RUIM",IF(AND(J6>=K6,J6<L6),"MEDIA",IF(AND(J6>=L6,J6<M6),"BOA","-"))),"-") -> RUIM | O6: DISPONIBILIDADE OPERACIONAL | P6: =IFERROR(MAX(0,1 - (SUMIFS('Motivos De Parada'!K:K,'Motivos De Parada'!G:G,Disponibilidade!G6,'Motivos De Parada'!H:H,Disponibilidade!H6,'Motivos De Parada'!O:O,Disponibilidade!O6,'Motivos De Parada'!E:E,Disponibilidade!C6,'Motivos De Parada'!D:D,Disponibilidade!E6) / 24)),"-") -> 1 | Q6: {=IFERROR(INDEX('Metas DM & DO'!$A:$AAD,MATCH(Disponibilidade!$G6,'Metas DM & DO'!$A:$A,0),MATCH(Disponibilidade!$O6,'Metas DM & DO'!$1:$1,0)+1),"-")} -> - | R6: {=IFERROR(INDEX('Metas DM & DO'!$A:$AAD,MATCH(Disponibilidade!$G6,'Metas DM & DO'!$A:$A,0),MATCH(Disponibilidade!$O6,'Metas DM & DO'!$1:$1,0)+2),"-")} -> - | S6: {=IFERROR(INDEX('Metas DM & DO'!$A:$AAD,MATCH(Disponibilidade!$G6,'Metas DM & DO'!$A:$A,0),MATCH(Disponibilidade!$O6,'Metas DM & DO'!$1:$1,0)+3),"-")} -> - | T6: =IFERROR(IF(P6<Q6,"RUIM",IF(AND(P6>=Q6,P6<R6),"MEDIA",IF(AND(P6>=R6,P6<S6),"BOA","-"))),"-") -> RUIM | U6: HORAS | V6: =IFERROR(SUMIFS('Motivos De Parada'!K:K,'Motivos De Parada'!G:G,Disponibilidade!G6,'Motivos De Parada'!H:H,Disponibilidade!H6,'Motivos De Parada'!O:O,Disponibilidade!I6,'Motivos De Parada'!E:E,Disponibilidade!C6,'Motivos De Parada'!D:D,Disponibilidade!E6),"-") -> 0 | W6: =IFERROR(SUMIFS('Motivos De Parada'!K:K,'Motivos De Parada'!G:G,Disponibilidade!G6,'Motivos De Parada'!H:H,Disponibilidade!H6,'Motivos De Parada'!O:O,Disponibilidade!O6,'Motivos De Parada'!E:E,Disponibilidade!C6,'Motivos De Parada'!D:D,Disponibilidade!E6),"-") -> 0 | X6: =IFERROR(AVERAGE(V6,W6),"-") -> 0 | Y6: =IFERROR(SUMIFS('Motivos De Parada'!K:K,'Motivos De Parada'!G:G,Disponibilidade!G6,'Motivos De Parada'!H:H,Disponibilidade!H6,'Motivos De Parada'!E:E,Disponibilidade!C6,'Motivos De Parada'!D:D,Disponibilidade!E6),"-") -> 0 | Z6: =IFERROR(IF(Y6=0,"OK",IF(OR(Y6>12,Y6<12),"VERIFICAR","OK")),"-") -> OK | AA6: =IFERROR(W6+V6,"-") -> 0 | AB6: =IFERROR(SUMIFS('Motivos De Parada'!K:K,'Motivos De Parada'!G:G,Disponibilidade!G6,'Motivos De Parada'!H:H,Disponibilidade!H6,'Motivos De Parada'!E:E,Disponibilidade!C6,'Motivos De Parada'!D:D,Disponibilidade!E6,'Motivos De Parada'!M:M,"REFEIÇÃO"),"-") -> 0 | AC6: =IFERROR(Y6-AA6-AB6,"-") -> 0 | AD6: =IFERROR(IF(AC6<0,"VERIFICAR","OK"),"-") -> OK | AE6: {=IFERROR(SUM(SUMIFS('Motivos De Parada'!K:K,'Motivos De Parada'!G:G,Disponibilidade!G6,'Motivos De Parada'!H:H,Disponibilidade!H6,'Motivos De Parada'!E:E,Disponibilidade!C6,'Motivos De Parada'!D:D,Disponibilidade!E6,'Motivos De Parada'!O:O,{"DISPONIBILIDADE MECÂNICA";"DISPONIBILIDADE OPERACIONAL"},'Motivos De Parada'!P:P,"NÃO")),"-")} -> 0 | AF6: {=IFERROR(SUM(SUMIFS('Motivos De Parada'!K:K,'Motivos De Parada'!G:G,Disponibilidade!G6,'Motivos De Parada'!H:H,Disponibilidade!H6,'Motivos De Parada'!E:E,Disponibilidade!C6,'Motivos De Parada'!D:D,Disponibilidade!E6,'Motivos De Parada'!O:O,{"DISPONIBILIDADE MECÂNICA";"DISPONIBILIDADE OPERACIONAL"},'Motivos De Parada'!P:P,"SIM")),"-")} -> 0 | AG6: =IFERROR(IF((AC6-AF6)<0,0,(AC6-AF6)),"-") -> 0 | AH6: =IFERROR(IF(AND(AG6=0,AC6=0),"OK",IF(AG6=AC6,"VERIFICAR","OK")),"-") -> OK | AI6: {=IFERROR(INDEX('Metas DM & DO'!$A:$AAD,MATCH(Disponibilidade!$G6,'Metas DM & DO'!$A:$A,0),MATCH(Disponibilidade!$U6,'Metas DM & DO'!$1:$1,0)+2),"-")} -> - | AJ6: {=IFERROR(INDEX('Metas DM & DO'!$A:$AAD,MATCH(Disponibilidade!$G6,'Metas DM & DO'!$A:$A,0),MATCH(Disponibilidade!$U6,'Metas DM & DO'!$1:$1,0)+3),"-")} -> - | AK6: {=IFERROR(INDEX('Metas DM & DO'!$A:$AAD,MATCH(Disponibilidade!$G6,'Metas DM & DO'!$A:$A,0),MATCH(Disponibilidade!$U6,'Metas DM & DO'!$1:$1,0)+4),"-")} -> - | AL6: =IFERROR(IF(X6<=AJ6,"EXCELENTE", IF(X6<=AI6,"BOM", IF(X6<=AK6,"ATENÇÃO",IF(X6>AK6,"CRÍTICO","-")))),"-") -> EXCELENTE
A7: =IFERROR(YEAR(C7),"-") -> 2026 | B7: =IFERROR(DATE(YEAR(C7),MONTH(C7),MONTH(C7)),"-") -> 46023 | C7: 46023 | D7: SKIDDER1 | E7: TURNO 2 | F7: {=IFERROR(INDEX('Motivos De Parada'!C:C,MATCH(1,('Motivos De Parada'!E:E=Disponibilidade!C7)*('Motivos De Parada'!G:G=Disponibilidade!G7)*('Motivos De Parada'!D:D=Disponibilidade!E7),0)),"-")} -> - | G7: =IFERROR(VLOOKUP(D7,Cadastros!A:B,2,FALSE),"-") -> SKIDDER 1 | H7: =IFERROR(VLOOKUP(G7,Cadastros!B:D,3,FALSE),"-") -> ARRASTE | I7: DISPONIBILIDADE MECÂNICA | J7: =IFERROR(MAX(0,1 - (SUMIFS('Motivos De Parada'!K:K,'Motivos De Parada'!G:G,Disponibilidade!G7,'Motivos De Parada'!H:H,Disponibilidade!H7,'Motivos De Parada'!O:O,Disponibilidade!I7,'Motivos De Parada'!E:E,Disponibilidade!C7,'Motivos De Parada'!D:D,Disponibilidade!E7) / 24)),"-") -> 1 | K7: {=IFERROR(INDEX('Metas DM & DO'!$A:$AAD,MATCH(Disponibilidade!$G7,'Metas DM & DO'!$A:$A,0),MATCH(Disponibilidade!$I7,'Metas DM & DO'!$1:$1,0)+1),"-")} -> - | L7: {=IFERROR(INDEX('Metas DM & DO'!$A:$AAD,MATCH(Disponibilidade!$G7,'Metas DM & DO'!$A:$A,0),MATCH(Disponibilidade!$I7,'Metas DM & DO'!$1:$1,0)+2),"-")} -> - | M7: {=IFERROR(INDEX('Metas DM & DO'!$A:$AAD,MATCH(Disponibilidade!$G7,'Metas DM & DO'!$A:$A,0),MATCH(Disponibilidade!$I7,'Metas DM & DO'!$1:$1,0)+3),"-")} -> - | N7: =IFERROR(IF(J7<K7,"RUIM",IF(AND(J7>=K7,J7<L7),"MEDIA",IF(AND(J7>=L7,J7<M7),"BOA","-"))),"-") -> RUIM | O7: DISPONIBILIDADE OPERACIONAL | P7: =IFERROR(MAX(0,1 - (SUMIFS('Motivos De Parada'!K:K,'Motivos De Parada'!G:G,Disponibilidade!G7,'Motivos De Parada'!H:H,Disponibilidade!H7,'Motivos De Parada'!O:O,Disponibilidade!O7,'Motivos De Parada'!E:E,Disponibilidade!C7,'Motivos De Parada'!D:D,Disponibilidade!E7) / 24)),"-") -> 1 | Q7: {=IFERROR(INDEX('Metas DM & DO'!$A:$AAD,MATCH(Disponibilidade!$G7,'Metas DM & DO'!$A:$A,0),MATCH(Disponibilidade!$O7,'Metas DM & DO'!$1:$1,0)+1),"-")} -> - | R7: {=IFERROR(INDEX('Metas DM & DO'!$A:$AAD,MATCH(Disponibilidade!$G7,'Metas DM & DO'!$A:$A,0),MATCH(Disponibilidade!$O7,'Metas DM & DO'!$1:$1,0)+2),"-")} -> - | S7: {=IFERROR(INDEX('Metas DM & DO'!$A:$AAD,MATCH(Disponibilidade!$G7,'Metas DM & DO'!$A:$A,0),MATCH(Disponibilidade!$O7,'Metas DM & DO'!$1:$1,0)+3),"-")} -> - | T7: =IFERROR(IF(P7<Q7,"RUIM",IF(AND(P7>=Q7,P7<R7),"MEDIA",IF(AND(P7>=R7,P7<S7),"BOA","-"))),"-") -> RUIM | U7: HORAS | V7: =IFERROR(SUMIFS('Motivos De Parada'!K:K,'Motivos De Parada'!G:G,Disponibilidade!G7,'Motivos De Parada'!H:H,Disponibilidade!H7,'Motivos De Parada'!O:O,Disponibilidade!I7,'Motivos De Parada'!E:E,Disponibilidade!C7,'Motivos De Parada'!D:D,Disponibilidade!E7),"-") -> 0 | W7: =IFERROR(SUMIFS('Motivos De Parada'!K:K,'Motivos De Parada'!G:G,Disponibilidade!G7,'Motivos De Parada'!H:H,Disponibilidade!H7,'Motivos De Parada'!O:O,Disponibilidade!O7,'Motivos De Parada'!E:E,Disponibilidade!C7,'Motivos De Parada'!D:D,Disponibilidade!E7),"-") -> 0 | X7: =IFERROR(AVERAGE(V7,W7),"-") -> 0 | Y7: =IFERROR(SUMIFS('Motivos De Parada'!K:K,'Motivos De Parada'!G:G,Disponibilidade!G7,'Motivos De Parada'!H:H,Disponibilidade!H7,'Motivos De Parada'!E:E,Disponibilidade!C7,'Motivos De Parada'!D:D,Disponibilidade!E7),"-") -> 0 | Z7: =IFERROR(IF(Y7=0,"OK",IF(OR(Y7>12,Y7<12),"VERIFICAR","OK")),"-") -> OK | AA7: =IFERROR(W7+V7,"-") -> 0 | AB7: =IFERROR(SUMIFS('Motivos De Parada'!K:K,'Motivos De Parada'!G:G,Disponibilidade!G7,'Motivos De Parada'!H:H,Disponibilidade!H7,'Motivos De Parada'!E:E,Disponibilidade!C7,'Motivos De Parada'!D:D,Disponibilidade!E7,'Motivos De Parada'!M:M,"REFEIÇÃO"),"-") -> 0 | AC7: =IFERROR(Y7-AA7-AB7,"-") -> 0 | AD7: =IFERROR(IF(AC7<0,"VERIFICAR","OK"),"-") -> OK | AE7: {=IFERROR(SUM(SUMIFS('Motivos De Parada'!K:K,'Motivos De Parada'!G:G,Disponibilidade!G7,'Motivos De Parada'!H:H,Disponibilidade!H7,'Motivos De Parada'!E:E,Disponibilidade!C7,'Motivos De Parada'!D:D,Disponibilidade!E7,'Motivos De Parada'!O:O,{"DISPONIBILIDADE MECÂNICA";"DISPONIBILIDADE OPERACIONAL"},'Motivos De Parada'!P:P,"NÃO")),"-")} -> 0 | AF7: {=IFERROR(SUM(SUMIFS('Motivos De Parada'!K:K,'Motivos De Parada'!G:G,Disponibilidade!G7,'Motivos De Parada'!H:H,Disponibilidade!H7,'Motivos De Parada'!E:E,Disponibilidade!C7,'Motivos De Parada'!D:D,Disponibilidade!E7,'Motivos De Parada'!O:O,{"DISPONIBILIDADE MECÂNICA";"DISPONIBILIDADE OPERACIONAL"},'Motivos De Parada'!P:P,"SIM")),"-")} -> 0 | AG7: =IFERROR(IF((AC7-AF7)<0,0,(AC7-AF7)),"-") -> 0 | AH7: =IFERROR(IF(AND(AG7=0,AC7=0),"OK",IF(AG7=AC7,"VERIFICAR","OK")),"-") -> OK | AI7: {=IFERROR(INDEX('Metas DM & DO'!$A:$AAD,MATCH(Disponibilidade!$G7,'Metas DM & DO'!$A:$A,0),MATCH(Disponibilidade!$U7,'Metas DM & DO'!$1:$1,0)+2),"-")} -> - | AJ7: {=IFERROR(INDEX('Metas DM & DO'!$A:$AAD,MATCH(Disponibilidade!$G7,'Metas DM & DO'!$A:$A,0),MATCH(Disponibilidade!$U7,'Metas DM & DO'!$1:$1,0)+3),"-")} -> - | AK7: {=IFERROR(INDEX('Metas DM & DO'!$A:$AAD,MATCH(Disponibilidade!$G7,'Metas DM & DO'!$A:$A,0),MATCH(Disponibilidade!$U7,'Metas DM & DO'!$1:$1,0)+4),"-")} -> - | AL7: =IFERROR(IF(X7<=AJ7,"EXCELENTE", IF(X7<=AI7,"BOM", IF(X7<=AK7,"ATENÇÃO",IF(X7>AK7,"CRÍTICO","-")))),"-") -> EXCELENTE
A8: =IFERROR(YEAR(C8),"-") -> 2026 | B8: =IFERROR(DATE(YEAR(C8),MONTH(C8),MONTH(C8)),"-") -> 46023 | C8: 46023 | D8: SKIDDER2 | E8: TURNO 1 | F8: {=IFERROR(INDEX('Motivos De Parada'!C:C,MATCH(1,('Motivos De Parada'!E:E=Disponibilidade!C8)*('Motivos De Parada'!G:G=Disponibilidade!G8)*('Motivos De Parada'!D:D=Disponibilidade!E8),0)),"-")} -> - | G8: =IFERROR(VLOOKUP(D8,Cadastros!A:B,2,FALSE),"-") -> SKIDDER 2 | H8: =IFERROR(VLOOKUP(G8,Cadastros!B:D,3,FALSE),"-") -> ARRASTE | I8: DISPONIBILIDADE MECÂNICA | J8: =IFERROR(MAX(0,1 - (SUMIFS('Motivos De Parada'!K:K,'Motivos De Parada'!G:G,Disponibilidade!G8,'Motivos De Parada'!H:H,Disponibilidade!H8,'Motivos De Parada'!O:O,Disponibilidade!I8,'Motivos De Parada'!E:E,Disponibilidade!C8,'Motivos De Parada'!D:D,Disponibilidade!E8) / 24)),"-") -> 1 | K8: {=IFERROR(INDEX('Metas DM & DO'!$A:$AAD,MATCH(Disponibilidade!$G8,'Metas DM & DO'!$A:$A,0),MATCH(Disponibilidade!$I8,'Metas DM & DO'!$1:$1,0)+1),"-")} -> 0.5 | L8: {=IFERROR(INDEX('Metas DM & DO'!$A:$AAD,MATCH(Disponibilidade!$G8,'Metas DM & DO'!$A:$A,0),MATCH(Disponibilidade!$I8,'Metas DM & DO'!$1:$1,0)+2),"-")} -> 0.5 | M8: {=IFERROR(INDEX('Metas DM & DO'!$A:$AAD,MATCH(Disponibilidade!$G8,'Metas DM & DO'!$A:$A,0),MATCH(Disponibilidade!$I8,'Metas DM & DO'!$1:$1,0)+3),"-")} -> 0.5 | N8: =IFERROR(IF(J8<K8,"RUIM",IF(AND(J8>=K8,J8<L8),"MEDIA",IF(AND(J8>=L8,J8<M8),"BOA","-"))),"-") -> - | O8: DISPONIBILIDADE OPERACIONAL | P8: =IFERROR(MAX(0,1 - (SUMIFS('Motivos De Parada'!K:K,'Motivos De Parada'!G:G,Disponibilidade!G8,'Motivos De Parada'!H:H,Disponibilidade!H8,'Motivos De Parada'!O:O,Disponibilidade!O8,'Motivos De Parada'!E:E,Disponibilidade!C8,'Motivos De Parada'!D:D,Disponibilidade!E8) / 24)),"-") -> 1 | Q8: {=IFERROR(INDEX('Metas DM & DO'!$A:$AAD,MATCH(Disponibilidade!$G8,'Metas DM & DO'!$A:$A,0),MATCH(Disponibilidade!$O8,'Metas DM & DO'!$1:$1,0)+1),"-")} -> 0.5 | R8: {=IFERROR(INDEX('Metas DM & DO'!$A:$AAD,MATCH(Disponibilidade!$G8,'Metas DM & DO'!$A:$A,0),MATCH(Disponibilidade!$O8,'Metas DM & DO'!$1:$1,0)+2),"-")} -> 0.5 | S8: {=IFERROR(INDEX('Metas DM & DO'!$A:$AAD,MATCH(Disponibilidade!$G8,'Metas DM & DO'!$A:$A,0),MATCH(Disponibilidade!$O8,'Metas DM & DO'!$1:$1,0)+3),"-")} -> 0.5 | T8: =IFERROR(IF(P8<Q8,"RUIM",IF(AND(P8>=Q8,P8<R8),"MEDIA",IF(AND(P8>=R8,P8<S8),"BOA","-"))),"-") -> - | U8: HORAS | V8: =IFERROR(SUMIFS('Motivos De Parada'!K:K,'Motivos De Parada'!G:G,Disponibilidade!G8,'Motivos De Parada'!H:H,Disponibilidade!H8,'Motivos De Parada'!O:O,Disponibilidade!I8,'Motivos De Parada'!E:E,Disponibilidade!C8,'Motivos De Parada'!D:D,Disponibilidade!E8),"-") -> 0 | W8: =IFERROR(SUMIFS('Motivos De Parada'!K:K,'Motivos De Parada'!G:G,Disponibilidade!G8,'Motivos De Parada'!H:H,Disponibilidade!H8,'Motivos De Parada'!O:O,Disponibilidade!O8,'Motivos De Parada'!E:E,Disponibilidade!C8,'Motivos De Parada'!D:D,Disponibilidade!E8),"-") -> 0 | X8: =IFERROR(AVERAGE(V8,W8),"-") -> 0 | Y8: =IFERROR(SUMIFS('Motivos De Parada'!K:K,'Motivos De Parada'!G:G,Disponibilidade!G8,'Motivos De Parada'!H:H,Disponibilidade!H8,'Motivos De Parada'!E:E,Disponibilidade!C8,'Motivos De Parada'!D:D,Disponibilidade!E8),"-") -> 0 | Z8: =IFERROR(IF(Y8=0,"OK",IF(OR(Y8>12,Y8<12),"VERIFICAR","OK")),"-") -> OK | AA8: =IFERROR(W8+V8,"-") -> 0 | AB8: =IFERROR(SUMIFS('Motivos De Parada'!K:K,'Motivos De Parada'!G:G,Disponibilidade!G8,'Motivos De Parada'!H:H,Disponibilidade!H8,'Motivos De Parada'!E:E,Disponibilidade!C8,'Motivos De Parada'!D:D,Disponibilidade!E8,'Motivos De Parada'!M:M,"REFEIÇÃO"),"-") -> 0 | AC8: =IFERROR(Y8-AA8-AB8,"-") -> 0 | AD8: =IFERROR(IF(AC8<0,"VERIFICAR","OK"),"-") -> OK | AE8: {=IFERROR(SUM(SUMIFS('Motivos De Parada'!K:K,'Motivos De Parada'!G:G,Disponibilidade!G8,'Motivos De Parada'!H:H,Disponibilidade!H8,'Motivos De Parada'!E:E,Disponibilidade!C8,'Motivos De Parada'!D:D,Disponibilidade!E8,'Motivos De Parada'!O:O,{"DISPONIBILIDADE MECÂNICA";"DISPONIBILIDADE OPERACIONAL"},'Motivos De Parada'!P:P,"NÃO")),"-")} -> 0 | AF8: {=IFERROR(SUM(SUMIFS('Motivos De Parada'!K:K,'Motivos De Parada'!G:G,Disponibilidade!G8,'Motivos De Parada'!H:H,Disponibilidade!H8,'Motivos De Parada'!E:E,Disponibilidade!C8,'Motivos De Parada'!D:D,Disponibilidade!E8,'Motivos De Parada'!O:O,{"DISPONIBILIDADE MECÂNICA";"DISPONIBILIDADE OPERACIONAL"},'Motivos De Parada'!P:P,"SIM")),"-")} -> 0 | AG8: =IFERROR(IF((AC8-AF8)<0,0,(AC8-AF8)),"-") -> 0 | AH8: =IFERROR(IF(AND(AG8=0,AC8=0),"OK",IF(AG8=AC8,"VERIFICAR","OK")),"-") -> OK | AI8: {=IFERROR(INDEX('Metas DM & DO'!$A:$AAD,MATCH(Disponibilidade!$G8,'Metas DM & DO'!$A:$A,0),MATCH(Disponibilidade!$U8,'Metas DM & DO'!$1:$1,0)+2),"-")} -> 12 | AJ8: {=IFERROR(INDEX('Metas DM & DO'!$A:$AAD,MATCH(Disponibilidade!$G8,'Metas DM & DO'!$A:$A,0),MATCH(Disponibilidade!$U8,'Metas DM & DO'!$1:$1,0)+3),"-")} -> 12 | AK8: {=IFERROR(INDEX('Metas DM & DO'!$A:$AAD,MATCH(Disponibilidade!$G8,'Metas DM & DO'!$A:$A,0),MATCH(Disponibilidade!$U8,'Metas DM & DO'!$1:$1,0)+4),"-")} -> 12 | AL8: =IFERROR(IF(X8<=AJ8,"EXCELENTE", IF(X8<=AI8,"BOM", IF(X8<=AK8,"ATENÇÃO",IF(X8>AK8,"CRÍTICO","-")))),"-") -> EXCELENTE
A9: =IFERROR(YEAR(C9),"-") -> 2026 | B9: =IFERROR(DATE(YEAR(C9),MONTH(C9),MONTH(C9)),"-") -> 46023 | C9: 46023 | D9: SKIDDER2 | E9: TURNO 2 | F9: {=IFERROR(INDEX('Motivos De Parada'!C:C,MATCH(1,('Motivos De Parada'!E:E=Disponibilidade!C9)*('Motivos De Parada'!G:G=Disponibilidade!G9)*('Motivos De Parada'!D:D=Disponibilidade!E9),0)),"-")} -> - | G9: =IFERROR(VLOOKUP(D9,Cadastros!A:B,2,FALSE),"-") -> SKIDDER 2 | H9: =IFERROR(VLOOKUP(G9,Cadastros!B:D,3,FALSE),"-") -> ARRASTE | I9: DISPONIBILIDADE MECÂNICA | J9: =IFERROR(MAX(0,1 - (SUMIFS('Motivos De Parada'!K:K,'Motivos De Parada'!G:G,Disponibilidade!G9,'Motivos De Parada'!H:H,Disponibilidade!H9,'Motivos De Parada'!O:O,Disponibilidade!I9,'Motivos De Parada'!E:E,Disponibilidade!C9,'Motivos De Parada'!D:D,Disponibilidade!E9) / 24)),"-") -> 1 | K9: {=IFERROR(INDEX('Metas DM & DO'!$A:$AAD,MATCH(Disponibilidade!$G9,'Metas DM & DO'!$A:$A,0),MATCH(Disponibilidade!$I9,'Metas DM & DO'!$1:$1,0)+1),"-")} -> 0.5 | L9: {=IFERROR(INDEX('Metas DM & DO'!$A:$AAD,MATCH(Disponibilidade!$G9,'Metas DM & DO'!$A:$A,0),MATCH(Disponibilidade!$I9,'Metas DM & DO'!$1:$1,0)+2),"-")} -> 0.5 | M9: {=IFERROR(INDEX('Metas DM & DO'!$A:$AAD,MATCH(Disponibilidade!$G9,'Metas DM & DO'!$A:$A,0),MATCH(Disponibilidade!$I9,'Metas DM & DO'!$1:$1,0)+3),"-")} -> 0.5 | N9: =IFERROR(IF(J9<K9,"RUIM",IF(AND(J9>=K9,J9<L9),"MEDIA",IF(AND(J9>=L9,J9<M9),"BOA","-"))),"-") -> - | O9: DISPONIBILIDADE OPERACIONAL | P9: =IFERROR(MAX(0,1 - (SUMIFS('Motivos De Parada'!K:K,'Motivos De Parada'!G:G,Disponibilidade!G9,'Motivos De Parada'!H:H,Disponibilidade!H9,'Motivos De Parada'!O:O,Disponibilidade!O9,'Motivos De Parada'!E:E,Disponibilidade!C9,'Motivos De Parada'!D:D,Disponibilidade!E9) / 24)),"-") -> 1 | Q9: {=IFERROR(INDEX('Metas DM & DO'!$A:$AAD,MATCH(Disponibilidade!$G9,'Metas DM & DO'!$A:$A,0),MATCH(Disponibilidade!$O9,'Metas DM & DO'!$1:$1,0)+1),"-")} -> 0.5 | R9: {=IFERROR(INDEX('Metas DM & DO'!$A:$AAD,MATCH(Disponibilidade!$G9,'Metas DM & DO'!$A:$A,0),MATCH(Disponibilidade!$O9,'Metas DM & DO'!$1:$1,0)+2),"-")} -> 0.5 | S9: {=IFERROR(INDEX('Metas DM & DO'!$A:$AAD,MATCH(Disponibilidade!$G9,'Metas DM & DO'!$A:$A,0),MATCH(Disponibilidade!$O9,'Metas DM & DO'!$1:$1,0)+3),"-")} -> 0.5 | T9: =IFERROR(IF(P9<Q9,"RUIM",IF(AND(P9>=Q9,P9<R9),"MEDIA",IF(AND(P9>=R9,P9<S9),"BOA","-"))),"-") -> - | U9: HORAS | V9: =IFERROR(SUMIFS('Motivos De Parada'!K:K,'Motivos De Parada'!G:G,Disponibilidade!G9,'Motivos De Parada'!H:H,Disponibilidade!H9,'Motivos De Parada'!O:O,Disponibilidade!I9,'Motivos De Parada'!E:E,Disponibilidade!C9,'Motivos De Parada'!D:D,Disponibilidade!E9),"-") -> 0 | W9: =IFERROR(SUMIFS('Motivos De Parada'!K:K,'Motivos De Parada'!G:G,Disponibilidade!G9,'Motivos De Parada'!H:H,Disponibilidade!H9,'Motivos De Parada'!O:O,Disponibilidade!O9,'Motivos De Parada'!E:E,Disponibilidade!C9,'Motivos De Parada'!D:D,Disponibilidade!E9),"-") -> 0 | X9: =IFERROR(AVERAGE(V9,W9),"-") -> 0 | Y9: =IFERROR(SUMIFS('Motivos De Parada'!K:K,'Motivos De Parada'!G:G,Disponibilidade!G9,'Motivos De Parada'!H:H,Disponibilidade!H9,'Motivos De Parada'!E:E,Disponibilidade!C9,'Motivos De Parada'!D:D,Disponibilidade!E9),"-") -> 0 | Z9: =IFERROR(IF(Y9=0,"OK",IF(OR(Y9>12,Y9<12),"VERIFICAR","OK")),"-") -> OK | AA9: =IFERROR(W9+V9,"-") -> 0 | AB9: =IFERROR(SUMIFS('Motivos De Parada'!K:K,'Motivos De Parada'!G:G,Disponibilidade!G9,'Motivos De Parada'!H:H,Disponibilidade!H9,'Motivos De Parada'!E:E,Disponibilidade!C9,'Motivos De Parada'!D:D,Disponibilidade!E9,'Motivos De Parada'!M:M,"REFEIÇÃO"),"-") -> 0 | AC9: =IFERROR(Y9-AA9-AB9,"-") -> 0 | AD9: =IFERROR(IF(AC9<0,"VERIFICAR","OK"),"-") -> OK | AE9: {=IFERROR(SUM(SUMIFS('Motivos De Parada'!K:K,'Motivos De Parada'!G:G,Disponibilidade!G9,'Motivos De Parada'!H:H,Disponibilidade!H9,'Motivos De Parada'!E:E,Disponibilidade!C9,'Motivos De Parada'!D:D,Disponibilidade!E9,'Motivos De Parada'!O:O,{"DISPONIBILIDADE MECÂNICA";"DISPONIBILIDADE OPERACIONAL"},'Motivos De Parada'!P:P,"NÃO")),"-")} -> 0 | AF9: {=IFERROR(SUM(SUMIFS('Motivos De Parada'!K:K,'Motivos De Parada'!G:G,Disponibilidade!G9,'Motivos De Parada'!H:H,Disponibilidade!H9,'Motivos De Parada'!E:E,Disponibilidade!C9,'Motivos De Parada'!D:D,Disponibilidade!E9,'Motivos De Parada'!O:O,{"DISPONIBILIDADE MECÂNICA";"DISPONIBILIDADE OPERACIONAL"},'Motivos De Parada'!P:P,"SIM")),"-")} -> 0 | AG9: =IFERROR(IF((AC9-AF9)<0,0,(AC9-AF9)),"-") -> 0 | AH9: =IFERROR(IF(AND(AG9=0,AC9=0),"OK",IF(AG9=AC9,"VERIFICAR","OK")),"-") -> OK | AI9: {=IFERROR(INDEX('Metas DM & DO'!$A:$AAD,MATCH(Disponibilidade!$G9,'Metas DM & DO'!$A:$A,0),MATCH(Disponibilidade!$U9,'Metas DM & DO'!$1:$1,0)+2),"-")} -> 12 | AJ9: {=IFERROR(INDEX('Metas DM & DO'!$A:$AAD,MATCH(Disponibilidade!$G9,'Metas DM & DO'!$A:$A,0),MATCH(Disponibilidade!$U9,'Metas DM & DO'!$1:$1,0)+3),"-")} -> 12 | AK9: {=IFERROR(INDEX('Metas DM & DO'!$A:$AAD,MATCH(Disponibilidade!$G9,'Metas DM & DO'!$A:$A,0),MATCH(Disponibilidade!$U9,'Metas DM & DO'!$1:$1,0)+4),"-")} -> 12 | AL9: =IFERROR(IF(X9<=AJ9,"EXCELENTE", IF(X9<=AI9,"BOM", IF(X9<=AK9,"ATENÇÃO",IF(X9>AK9,"CRÍTICO","-")))),"-") -> EXCELENTE
A10: =IFERROR(YEAR(C10),"-") -> 2026 | B10: =IFERROR(DATE(YEAR(C10),MONTH(C10),MONTH(C10)),"-") -> 46023 | C10: 46023 | D10: GARRA1 | E10: TURNO 1 | F10: {=IFERROR(INDEX('Motivos De Parada'!C:C,MATCH(1,('Motivos De Parada'!E:E=Disponibilidade!C10)*('Motivos De Parada'!G:G=Disponibilidade!G10)*('Motivos De Parada'!D:D=Disponibilidade!E10),0)),"-")} -> - | G10: =IFERROR(VLOOKUP(D10,Cadastros!A:B,2,FALSE),"-") -> GARRA TRAÇADORA 1 | H10: =IFERROR(VLOOKUP(G10,Cadastros!B:D,3,FALSE),"-") -> TRAÇAMENTO | I10: DISPONIBILIDADE MECÂNICA | J10: =IFERROR(MAX(0,1 - (SUMIFS('Motivos De Parada'!K:K,'Motivos De Parada'!G:G,Disponibilidade!G10,'Motivos De Parada'!H:H,Disponibilidade!H10,'Motivos De Parada'!O:O,Disponibilidade!I10,'Motivos De Parada'!E:E,Disponibilidade!C10,'Motivos De Parada'!D:D,Disponibilidade!E10) / 24)),"-") -> 1 | K10: {=IFERROR(INDEX('Metas DM & DO'!$A:$AAD,MATCH(Disponibilidade!$G10,'Metas DM & DO'!$A:$A,0),MATCH(Disponibilidade!$I10,'Metas DM & DO'!$1:$1,0)+1),"-")} -> 0.91724138 | L10: {=IFERROR(INDEX('Metas DM & DO'!$A:$AAD,MATCH(Disponibilidade!$G10,'Metas DM & DO'!$A:$A,0),MATCH(Disponibilidade!$I10,'Metas DM & DO'!$1:$1,0)+2),"-")} -> 0.92489569 | M10: {=IFERROR(INDEX('Metas DM & DO'!$A:$AAD,MATCH(Disponibilidade!$G10,'Metas DM & DO'!$A:$A,0),MATCH(Disponibilidade!$I10,'Metas DM & DO'!$1:$1,0)+3),"-")} -> 0.90625 | N10: =IFERROR(IF(J10<K10,"RUIM",IF(AND(J10>=K10,J10<L10),"MEDIA",IF(AND(J10>=L10,J10<M10),"BOA","-"))),"-") -> - | O10: DISPONIBILIDADE OPERACIONAL | P10: =IFERROR(MAX(0,1 - (SUMIFS('Motivos De Parada'!K:K,'Motivos De Parada'!G:G,Disponibilidade!G10,'Motivos De Parada'!H:H,Disponibilidade!H10,'Motivos De Parada'!O:O,Disponibilidade!O10,'Motivos De Parada'!E:E,Disponibilidade!C10,'Motivos De Parada'!D:D,Disponibilidade!E10) / 24)),"-") -> 1 | Q10: {=IFERROR(INDEX('Metas DM & DO'!$A:$AAD,MATCH(Disponibilidade!$G10,'Metas DM & DO'!$A:$A,0),MATCH(Disponibilidade!$O10,'Metas DM & DO'!$1:$1,0)+1),"-")} -> 0.43601533 | R10: {=IFERROR(INDEX('Metas DM & DO'!$A:$AAD,MATCH(Disponibilidade!$G10,'Metas DM & DO'!$A:$A,0),MATCH(Disponibilidade!$O10,'Metas DM & DO'!$1:$1,0)+2),"-")} -> 0.48817803 | S10: {=IFERROR(INDEX('Metas DM & DO'!$A:$AAD,MATCH(Disponibilidade!$G10,'Metas DM & DO'!$A:$A,0),MATCH(Disponibilidade!$O10,'Metas DM & DO'!$1:$1,0)+3),"-")} -> 0.71875 | T10: =IFERROR(IF(P10<Q10,"RUIM",IF(AND(P10>=Q10,P10<R10),"MEDIA",IF(AND(P10>=R10,P10<S10),"BOA","-"))),"-") -> - | U10: HORAS | V10: =IFERROR(SUMIFS('Motivos De Parada'!K:K,'Motivos De Parada'!G:G,Disponibilidade!G10,'Motivos De Parada'!H:H,Disponibilidade!H10,'Motivos De Parada'!O:O,Disponibilidade!I10,'Motivos De Parada'!E:E,Disponibilidade!C10,'Motivos De Parada'!D:D,Disponibilidade!E10),"-") -> 0 | W10: =IFERROR(SUMIFS('Motivos De Parada'!K:K,'Motivos De Parada'!G:G,Disponibilidade!G10,'Motivos De Parada'!H:H,Disponibilidade!H10,'Motivos De Parada'!O:O,Disponibilidade!O10,'Motivos De Parada'!E:E,Disponibilidade!C10,'Motivos De Parada'!D:D,Disponibilidade!E10),"-") -> 0 | X10: =IFERROR(AVERAGE(V10,W10),"-") -> 0 | Y10: =IFERROR(SUMIFS('Motivos De Parada'!K:K,'Motivos De Parada'!G:G,Disponibilidade!G10,'Motivos De Parada'!H:H,Disponibilidade!H10,'Motivos De Parada'!E:E,Disponibilidade!C10,'Motivos De Parada'!D:D,Disponibilidade!E10),"-") -> 0 | Z10: =IFERROR(IF(Y10=0,"OK",IF(OR(Y10>12,Y10<12),"VERIFICAR","OK")),"-") -> OK | AA10: =IFERROR(W10+V10,"-") -> 0 | AB10: =IFERROR(SUMIFS('Motivos De Parada'!K:K,'Motivos De Parada'!G:G,Disponibilidade!G10,'Motivos De Parada'!H:H,Disponibilidade!H10,'Motivos De Parada'!E:E,Disponibilidade!C10,'Motivos De Parada'!D:D,Disponibilidade!E10,'Motivos De Parada'!M:M,"REFEIÇÃO"),"-") -> 0 | AC10: =IFERROR(Y10-AA10-AB10,"-") -> 0 | AD10: =IFERROR(IF(AC10<0,"VERIFICAR","OK"),"-") -> OK | AE10: {=IFERROR(SUM(SUMIFS('Motivos De Parada'!K:K,'Motivos De Parada'!G:G,Disponibilidade!G10,'Motivos De Parada'!H:H,Disponibilidade!H10,'Motivos De Parada'!E:E,Disponibilidade!C10,'Motivos De Parada'!D:D,Disponibilidade!E10,'Motivos De Parada'!O:O,{"DISPONIBILIDADE MECÂNICA";"DISPONIBILIDADE OPERACIONAL"},'Motivos De Parada'!P:P,"NÃO")),"-")} -> 0 | AF10: {=IFERROR(SUM(SUMIFS('Motivos De Parada'!K:K,'Motivos De Parada'!G:G,Disponibilidade!G10,'Motivos De Parada'!H:H,Disponibilidade!H10,'Motivos De Parada'!E:E,Disponibilidade!C10,'Motivos De Parada'!D:D,Disponibilidade!E10,'Motivos De Parada'!O:O,{"DISPONIBILIDADE MECÂNICA";"DISPONIBILIDADE OPERACIONAL"},'Motivos De Parada'!P:P,"SIM")),"-")} -> 0 | AG10: =IFERROR(IF((AC10-AF10)<0,0,(AC10-AF10)),"-") -> 0 | AH10: =IFERROR(IF(AND(AG10=0,AC10=0),"OK",IF(AG10=AC10,"VERIFICAR","OK")),"-") -> OK | AI10: {=IFERROR(INDEX('Metas DM & DO'!$A:$AAD,MATCH(Disponibilidade!$G10,'Metas DM & DO'!$A:$A,0),MATCH(Disponibilidade!$U10,'Metas DM & DO'!$1:$1,0)+2),"-")} -> 2.2174056 | AJ10: {=IFERROR(INDEX('Metas DM & DO'!$A:$AAD,MATCH(Disponibilidade!$G10,'Metas DM & DO'!$A:$A,0),MATCH(Disponibilidade!$U10,'Metas DM & DO'!$1:$1,0)+3),"-")} -> 2.0123187 | AK10: {=IFERROR(INDEX('Metas DM & DO'!$A:$AAD,MATCH(Disponibilidade!$G10,'Metas DM & DO'!$A:$A,0),MATCH(Disponibilidade!$U10,'Metas DM & DO'!$1:$1,0)+4),"-")} -> 4 | AL10: =IFERROR(IF(X10<=AJ10,"EXCELENTE", IF(X10<=AI10,"BOM", IF(X10<=AK10,"ATENÇÃO",IF(X10>AK10,"CRÍTICO","-")))),"-") -> EXCELENTE
A11: =IFERROR(YEAR(C11),"-") -> 2026 | B11: =IFERROR(DATE(YEAR(C11),MONTH(C11),MONTH(C11)),"-") -> 46023 | C11: 46023 | D11: GARRA1 | E11: TURNO 2 | F11: {=IFERROR(INDEX('Motivos De Parada'!C:C,MATCH(1,('Motivos De Parada'!E:E=Disponibilidade!C11)*('Motivos De Parada'!G:G=Disponibilidade!G11)*('Motivos De Parada'!D:D=Disponibilidade!E11),0)),"-")} -> - | G11: =IFERROR(VLOOKUP(D11,Cadastros!A:B,2,FALSE),"-") -> GARRA TRAÇADORA 1 | H11: =IFERROR(VLOOKUP(G11,Cadastros!B:D,3,FALSE),"-") -> TRAÇAMENTO | I11: DISPONIBILIDADE MECÂNICA | J11: =IFERROR(MAX(0,1 - (SUMIFS('Motivos De Parada'!K:K,'Motivos De Parada'!G:G,Disponibilidade!G11,'Motivos De Parada'!H:H,Disponibilidade!H11,'Motivos De Parada'!O:O,Disponibilidade!I11,'Motivos De Parada'!E:E,Disponibilidade!C11,'Motivos De Parada'!D:D,Disponibilidade!E11) / 24)),"-") -> 1 | K11: {=IFERROR(INDEX('Metas DM & DO'!$A:$AAD,MATCH(Disponibilidade!$G11,'Metas DM & DO'!$A:$A,0),MATCH(Disponibilidade!$I11,'Metas DM & DO'!$1:$1,0)+1),"-")} -> 0.91724138 | L11: {=IFERROR(INDEX('Metas DM & DO'!$A:$AAD,MATCH(Disponibilidade!$G11,'Metas DM & DO'!$A:$A,0),MATCH(Disponibilidade!$I11,'Metas DM & DO'!$1:$1,0)+2),"-")} -> 0.92489569 | M11: {=IFERROR(INDEX('Metas DM & DO'!$A:$AAD,MATCH(Disponibilidade!$G11,'Metas DM & DO'!$A:$A,0),MATCH(Disponibilidade!$I11,'Metas DM & DO'!$1:$1,0)+3),"-")} -> 0.90625 | N11: =IFERROR(IF(J11<K11,"RUIM",IF(AND(J11>=K11,J11<L11),"MEDIA",IF(AND(J11>=L11,J11<M11),"BOA","-"))),"-") -> - | O11: DISPONIBILIDADE OPERACIONAL | P11: =IFERROR(MAX(0,1 - (SUMIFS('Motivos De Parada'!K:K,'Motivos De Parada'!G:G,Disponibilidade!G11,'Motivos De Parada'!H:H,Disponibilidade!H11,'Motivos De Parada'!O:O,Disponibilidade!O11,'Motivos De Parada'!E:E,Disponibilidade!C11,'Motivos De Parada'!D:D,Disponibilidade!E11) / 24)),"-") -> 1 | Q11: {=IFERROR(INDEX('Metas DM & DO'!$A:$AAD,MATCH(Disponibilidade!$G11,'Metas DM & DO'!$A:$A,0),MATCH(Disponibilidade!$O11,'Metas DM & DO'!$1:$1,0)+1),"-")} -> 0.43601533 | R11: {=IFERROR(INDEX('Metas DM & DO'!$A:$AAD,MATCH(Disponibilidade!$G11,'Metas DM & DO'!$A:$A,0),MATCH(Disponibilidade!$O11,'Metas DM & DO'!$1:$1,0)+2),"-")} -> 0.48817803 | S11: {=IFERROR(INDEX('Metas DM & DO'!$A:$AAD,MATCH(Disponibilidade!$G11,'Metas DM & DO'!$A:$A,0),MATCH(Disponibilidade!$O11,'Metas DM & DO'!$1:$1,0)+3),"-")} -> 0.71875 | T11: =IFERROR(IF(P11<Q11,"RUIM",IF(AND(P11>=Q11,P11<R11),"MEDIA",IF(AND(P11>=R11,P11<S11),"BOA","-"))),"-") -> - | U11: HORAS | V11: =IFERROR(SUMIFS('Motivos De Parada'!K:K,'Motivos De Parada'!G:G,Disponibilidade!G11,'Motivos De Parada'!H:H,Disponibilidade!H11,'Motivos De Parada'!O:O,Disponibilidade!I11,'Motivos De Parada'!E:E,Disponibilidade!C11,'Motivos De Parada'!D:D,Disponibilidade!E11),"-") -> 0 | W11: =IFERROR(SUMIFS('Motivos De Parada'!K:K,'Motivos De Parada'!G:G,Disponibilidade!G11,'Motivos De Parada'!H:H,Disponibilidade!H11,'Motivos De Parada'!O:O,Disponibilidade!O11,'Motivos De Parada'!E:E,Disponibilidade!C11,'Motivos De Parada'!D:D,Disponibilidade!E11),"-") -> 0 | X11: =IFERROR(AVERAGE(V11,W11),"-") -> 0 | Y11: =IFERROR(SUMIFS('Motivos De Parada'!K:K,'Motivos De Parada'!G:G,Disponibilidade!G11,'Motivos De Parada'!H:H,Disponibilidade!H11,'Motivos De Parada'!E:E,Disponibilidade!C11,'Motivos De Parada'!D:D,Disponibilidade!E11),"-") -> 0 | Z11: =IFERROR(IF(Y11=0,"OK",IF(OR(Y11>12,Y11<12),"VERIFICAR","OK")),"-") -> OK | AA11: =IFERROR(W11+V11,"-") -> 0 | AB11: =IFERROR(SUMIFS('Motivos De Parada'!K:K,'Motivos De Parada'!G:G,Disponibilidade!G11,'Motivos De Parada'!H:H,Disponibilidade!H11,'Motivos De Parada'!E:E,Disponibilidade!C11,'Motivos De Parada'!D:D,Disponibilidade!E11,'Motivos De Parada'!M:M,"REFEIÇÃO"),"-") -> 0 | AC11: =IFERROR(Y11-AA11-AB11,"-") -> 0 | AD11: =IFERROR(IF(AC11<0,"VERIFICAR","OK"),"-") -> OK | AE11: {=IFERROR(SUM(SUMIFS('Motivos De Parada'!K:K,'Motivos De Parada'!G:G,Disponibilidade!G11,'Motivos De Parada'!H:H,Disponibilidade!H11,'Motivos De Parada'!E:E,Disponibilidade!C11,'Motivos De Parada'!D:D,Disponibilidade!E11,'Motivos De Parada'!O:O,{"DISPONIBILIDADE MECÂNICA";"DISPONIBILIDADE OPERACIONAL"},'Motivos De Parada'!P:P,"NÃO")),"-")} -> 0 | AF11: {=IFERROR(SUM(SUMIFS('Motivos De Parada'!K:K,'Motivos De Parada'!G:G,Disponibilidade!G11,'Motivos De Parada'!H:H,Disponibilidade!H11,'Motivos De Parada'!E:E,Disponibilidade!C11,'Motivos De Parada'!D:D,Disponibilidade!E11,'Motivos De Parada'!O:O,{"DISPONIBILIDADE MECÂNICA";"DISPONIBILIDADE OPERACIONAL"},'Motivos De Parada'!P:P,"SIM")),"-")} -> 0 | AG11: =IFERROR(IF((AC11-AF11)<0,0,(AC11-AF11)),"-") -> 0 | AH11: =IFERROR(IF(AND(AG11=0,AC11=0),"OK",IF(AG11=AC11,"VERIFICAR","OK")),"-") -> OK | AI11: {=IFERROR(INDEX('Metas DM & DO'!$A:$AAD,MATCH(Disponibilidade!$G11,'Metas DM & DO'!$A:$A,0),MATCH(Disponibilidade!$U11,'Metas DM & DO'!$1:$1,0)+2),"-")} -> 2.2174056 | AJ11: {=IFERROR(INDEX('Metas DM & DO'!$A:$AAD,MATCH(Disponibilidade!$G11,'Metas DM & DO'!$A:$A,0),MATCH(Disponibilidade!$U11,'Metas DM & DO'!$1:$1,0)+3),"-")} -> 2.0123187 | AK11: {=IFERROR(INDEX('Metas DM & DO'!$A:$AAD,MATCH(Disponibilidade!$G11,'Metas DM & DO'!$A:$A,0),MATCH(Disponibilidade!$U11,'Metas DM & DO'!$1:$1,0)+4),"-")} -> 4 | AL11: =IFERROR(IF(X11<=AJ11,"EXCELENTE", IF(X11<=AI11,"BOM", IF(X11<=AK11,"ATENÇÃO",IF(X11>AK11,"CRÍTICO","-")))),"-") -> EXCELENTE
A12: =IFERROR(YEAR(C12),"-") -> 2026 | B12: =IFERROR(DATE(YEAR(C12),MONTH(C12),MONTH(C12)),"-") -> 46023 | C12: 46023 | D12: GARRA2 | E12: TURNO 1 | F12: {=IFERROR(INDEX('Motivos De Parada'!C:C,MATCH(1,('Motivos De Parada'!E:E=Disponibilidade!C12)*('Motivos De Parada'!G:G=Disponibilidade!G12)*('Motivos De Parada'!D:D=Disponibilidade!E12),0)),"-")} -> - | G12: =IFERROR(VLOOKUP(D12,Cadastros!A:B,2,FALSE),"-") -> GARRA TRAÇADORA 2 | H12: =IFERROR(VLOOKUP(G12,Cadastros!B:D,3,FALSE),"-") -> TRAÇAMENTO | I12: DISPONIBILIDADE MECÂNICA | J12: =IFERROR(MAX(0,1 - (SUMIFS('Motivos De Parada'!K:K,'Motivos De Parada'!G:G,Disponibilidade!G12,'Motivos De Parada'!H:H,Disponibilidade!H12,'Motivos De Parada'!O:O,Disponibilidade!I12,'Motivos De Parada'!E:E,Disponibilidade!C12,'Motivos De Parada'!D:D,Disponibilidade!E12) / 24)),"-") -> 1 | K12: {=IFERROR(INDEX('Metas DM & DO'!$A:$AAD,MATCH(Disponibilidade!$G12,'Metas DM & DO'!$A:$A,0),MATCH(Disponibilidade!$I12,'Metas DM & DO'!$1:$1,0)+1),"-")} -> - | L12: {=IFERROR(INDEX('Metas DM & DO'!$A:$AAD,MATCH(Disponibilidade!$G12,'Metas DM & DO'!$A:$A,0),MATCH(Disponibilidade!$I12,'Metas DM & DO'!$1:$1,0)+2),"-")} -> - | M12: {=IFERROR(INDEX('Metas DM & DO'!$A:$AAD,MATCH(Disponibilidade!$G12,'Metas DM & DO'!$A:$A,0),MATCH(Disponibilidade!$I12,'Metas DM & DO'!$1:$1,0)+3),"-")} -> - | N12: =IFERROR(IF(J12<K12,"RUIM",IF(AND(J12>=K12,J12<L12),"MEDIA",IF(AND(J12>=L12,J12<M12),"BOA","-"))),"-") -> RUIM | O12: DISPONIBILIDADE OPERACIONAL | P12: =IFERROR(MAX(0,1 - (SUMIFS('Motivos De Parada'!K:K,'Motivos De Parada'!G:G,Disponibilidade!G12,'Motivos De Parada'!H:H,Disponibilidade!H12,'Motivos De Parada'!O:O,Disponibilidade!O12,'Motivos De Parada'!E:E,Disponibilidade!C12,'Motivos De Parada'!D:D,Disponibilidade!E12) / 24)),"-") -> 1 | Q12: {=IFERROR(INDEX('Metas DM & DO'!$A:$AAD,MATCH(Disponibilidade!$G12,'Metas DM & DO'!$A:$A,0),MATCH(Disponibilidade!$O12,'Metas DM & DO'!$1:$1,0)+1),"-")} -> - | R12: {=IFERROR(INDEX('Metas DM & DO'!$A:$AAD,MATCH(Disponibilidade!$G12,'Metas DM & DO'!$A:$A,0),MATCH(Disponibilidade!$O12,'Metas DM & DO'!$1:$1,0)+2),"-")} -> - | S12: {=IFERROR(INDEX('Metas DM & DO'!$A:$AAD,MATCH(Disponibilidade!$G12,'Metas DM & DO'!$A:$A,0),MATCH(Disponibilidade!$O12,'Metas DM & DO'!$1:$1,0)+3),"-")} -> - | T12: =IFERROR(IF(P12<Q12,"RUIM",IF(AND(P12>=Q12,P12<R12),"MEDIA",IF(AND(P12>=R12,P12<S12),"BOA","-"))),"-") -> RUIM | U12: HORAS | V12: =IFERROR(SUMIFS('Motivos De Parada'!K:K,'Motivos De Parada'!G:G,Disponibilidade!G12,'Motivos De Parada'!H:H,Disponibilidade!H12,'Motivos De Parada'!O:O,Disponibilidade!I12,'Motivos De Parada'!E:E,Disponibilidade!C12,'Motivos De Parada'!D:D,Disponibilidade!E12),"-") -> 0 | W12: =IFERROR(SUMIFS('Motivos De Parada'!K:K,'Motivos De Parada'!G:G,Disponibilidade!G12,'Motivos De Parada'!H:H,Disponibilidade!H12,'Motivos De Parada'!O:O,Disponibilidade!O12,'Motivos De Parada'!E:E,Disponibilidade!C12,'Motivos De Parada'!D:D,Disponibilidade!E12),"-") -> 0 | X12: =IFERROR(AVERAGE(V12,W12),"-") -> 0 | Y12: =IFERROR(SUMIFS('Motivos De Parada'!K:K,'Motivos De Parada'!G:G,Disponibilidade!G12,'Motivos De Parada'!H:H,Disponibilidade!H12,'Motivos De Parada'!E:E,Disponibilidade!C12,'Motivos De Parada'!D:D,Disponibilidade!E12),"-") -> 0 | Z12: =IFERROR(IF(Y12=0,"OK",IF(OR(Y12>12,Y12<12),"VERIFICAR","OK")),"-") -> OK | AA12: =IFERROR(W12+V12,"-") -> 0 | AB12: =IFERROR(SUMIFS('Motivos De Parada'!K:K,'Motivos De Parada'!G:G,Disponibilidade!G12,'Motivos De Parada'!H:H,Disponibilidade!H12,'Motivos De Parada'!E:E,Disponibilidade!C12,'Motivos De Parada'!D:D,Disponibilidade!E12,'Motivos De Parada'!M:M,"REFEIÇÃO"),"-") -> 0 | AC12: =IFERROR(Y12-AA12-AB12,"-") -> 0 | AD12: =IFERROR(IF(AC12<0,"VERIFICAR","OK"),"-") -> OK | AE12: {=IFERROR(SUM(SUMIFS('Motivos De Parada'!K:K,'Motivos De Parada'!G:G,Disponibilidade!G12,'Motivos De Parada'!H:H,Disponibilidade!H12,'Motivos De Parada'!E:E,Disponibilidade!C12,'Motivos De Parada'!D:D,Disponibilidade!E12,'Motivos De Parada'!O:O,{"DISPONIBILIDADE MECÂNICA";"DISPONIBILIDADE OPERACIONAL"},'Motivos De Parada'!P:P,"NÃO")),"-")} -> 0 | AF12: {=IFERROR(SUM(SUMIFS('Motivos De Parada'!K:K,'Motivos De Parada'!G:G,Disponibilidade!G12,'Motivos De Parada'!H:H,Disponibilidade!H12,'Motivos De Parada'!E:E,Disponibilidade!C12,'Motivos De Parada'!D:D,Disponibilidade!E12,'Motivos De Parada'!O:O,{"DISPONIBILIDADE MECÂNICA";"DISPONIBILIDADE OPERACIONAL"},'Motivos De Parada'!P:P,"SIM")),"-")} -> 0 | AG12: =IFERROR(IF((AC12-AF12)<0,0,(AC12-AF12)),"-") -> 0 | AH12: =IFERROR(IF(AND(AG12=0,AC12=0),"OK",IF(AG12=AC12,"VERIFICAR","OK")),"-") -> OK | AI12: {=IFERROR(INDEX('Metas DM & DO'!$A:$AAD,MATCH(Disponibilidade!$G12,'Metas DM & DO'!$A:$A,0),MATCH(Disponibilidade!$U12,'Metas DM & DO'!$1:$1,0)+2),"-")} -> - | AJ12: {=IFERROR(INDEX('Metas DM & DO'!$A:$AAD,MATCH(Disponibilidade!$G12,'Metas DM & DO'!$A:$A,0),MATCH(Disponibilidade!$U12,'Metas DM & DO'!$1:$1,0)+3),"-")} -> - | AK12: {=IFERROR(INDEX('Metas DM & DO'!$A:$AAD,MATCH(Disponibilidade!$G12,'Metas DM & DO'!$A:$A,0),MATCH(Disponibilidade!$U12,'Metas DM & DO'!$1:$1,0)+4),"-")} -> - | AL12: =IFERROR(IF(X12<=AJ12,"EXCELENTE", IF(X12<=AI12,"BOM", IF(X12<=AK12,"ATENÇÃO",IF(X12>AK12,"CRÍTICO","-")))),"-") -> EXCELENTE
A13: =IFERROR(YEAR(C13),"-") -> 2026 | B13: =IFERROR(DATE(YEAR(C13),MONTH(C13),MONTH(C13)),"-") -> 46023 | C13: 46023 | D13: GARRA2 | E13: TURNO 2 | F13: {=IFERROR(INDEX('Motivos De Parada'!C:C,MATCH(1,('Motivos De Parada'!E:E=Disponibilidade!C13)*('Motivos De Parada'!G:G=Disponibilidade!G13)*('Motivos De Parada'!D:D=Disponibilidade!E13),0)),"-")} -> - | G13: =IFERROR(VLOOKUP(D13,Cadastros!A:B,2,FALSE),"-") -> GARRA TRAÇADORA 2 | H13: =IFERROR(VLOOKUP(G13,Cadastros!B:D,3,FALSE),"-") -> TRAÇAMENTO | I13: DISPONIBILIDADE MECÂNICA | J13: =IFERROR(MAX(0,1 - (SUMIFS('Motivos De Parada'!K:K,'Motivos De Parada'!G:G,Disponibilidade!G13,'Motivos De Parada'!H:H,Disponibilidade!H13,'Motivos De Parada'!O:O,Disponibilidade!I13,'Motivos De Parada'!E:E,Disponibilidade!C13,'Motivos De Parada'!D:D,Disponibilidade!E13) / 24)),"-") -> 1 | K13: {=IFERROR(INDEX('Metas DM & DO'!$A:$AAD,MATCH(Disponibilidade!$G13,'Metas DM & DO'!$A:$A,0),MATCH(Disponibilidade!$I13,'Metas DM & DO'!$1:$1,0)+1),"-")} -> - | L13: {=IFERROR(INDEX('Metas DM & DO'!$A:$AAD,MATCH(Disponibilidade!$G13,'Metas DM & DO'!$A:$A,0),MATCH(Disponibilidade!$I13,'Metas DM & DO'!$1:$1,0)+2),"-")} -> - | M13: {=IFERROR(INDEX('Metas DM & DO'!$A:$AAD,MATCH(Disponibilidade!$G13,'Metas DM & DO'!$A:$A,0),MATCH(Disponibilidade!$I13,'Metas DM & DO'!$1:$1,0)+3),"-")} -> - | N13: =IFERROR(IF(J13<K13,"RUIM",IF(AND(J13>=K13,J13<L13),"MEDIA",IF(AND(J13>=L13,J13<M13),"BOA","-"))),"-") -> RUIM | O13: DISPONIBILIDADE OPERACIONAL | P13: =IFERROR(MAX(0,1 - (SUMIFS('Motivos De Parada'!K:K,'Motivos De Parada'!G:G,Disponibilidade!G13,'Motivos De Parada'!H:H,Disponibilidade!H13,'Motivos De Parada'!O:O,Disponibilidade!O13,'Motivos De Parada'!E:E,Disponibilidade!C13,'Motivos De Parada'!D:D,Disponibilidade!E13) / 24)),"-") -> 1 | Q13: {=IFERROR(INDEX('Metas DM & DO'!$A:$AAD,MATCH(Disponibilidade!$G13,'Metas DM & DO'!$A:$A,0),MATCH(Disponibilidade!$O13,'Metas DM & DO'!$1:$1,0)+1),"-")} -> - | R13: {=IFERROR(INDEX('Metas DM & DO'!$A:$AAD,MATCH(Disponibilidade!$G13,'Metas DM & DO'!$A:$A,0),MATCH(Disponibilidade!$O13,'Metas DM & DO'!$1:$1,0)+2),"-")} -> - | S13: {=IFERROR(INDEX('Metas DM & DO'!$A:$AAD,MATCH(Disponibilidade!$G13,'Metas DM & DO'!$A:$A,0),MATCH(Disponibilidade!$O13,'Metas DM & DO'!$1:$1,0)+3),"-")} -> - | T13: =IFERROR(IF(P13<Q13,"RUIM",IF(AND(P13>=Q13,P13<R13),"MEDIA",IF(AND(P13>=R13,P13<S13),"BOA","-"))),"-") -> RUIM | U13: HORAS | V13: =IFERROR(SUMIFS('Motivos De Parada'!K:K,'Motivos De Parada'!G:G,Disponibilidade!G13,'Motivos De Parada'!H:H,Disponibilidade!H13,'Motivos De Parada'!O:O,Disponibilidade!I13,'Motivos De Parada'!E:E,Disponibilidade!C13,'Motivos De Parada'!D:D,Disponibilidade!E13),"-") -> 0 | W13: =IFERROR(SUMIFS('Motivos De Parada'!K:K,'Motivos De Parada'!G:G,Disponibilidade!G13,'Motivos De Parada'!H:H,Disponibilidade!H13,'Motivos De Parada'!O:O,Disponibilidade!O13,'Motivos De Parada'!E:E,Disponibilidade!C13,'Motivos De Parada'!D:D,Disponibilidade!E13),"-") -> 0 | X13: =IFERROR(AVERAGE(V13,W13),"-") -> 0 | Y13: =IFERROR(SUMIFS('Motivos De Parada'!K:K,'Motivos De Parada'!G:G,Disponibilidade!G13,'Motivos De Parada'!H:H,Disponibilidade!H13,'Motivos De Parada'!E:E,Disponibilidade!C13,'Motivos De Parada'!D:D,Disponibilidade!E13),"-") -> 0 | Z13: =IFERROR(IF(Y13=0,"OK",IF(OR(Y13>12,Y13<12),"VERIFICAR","OK")),"-") -> OK | AA13: =IFERROR(W13+V13,"-") -> 0 | AB13: =IFERROR(SUMIFS('Motivos De Parada'!K:K,'Motivos De Parada'!G:G,Disponibilidade!G13,'Motivos De Parada'!H:H,Disponibilidade!H13,'Motivos De Parada'!E:E,Disponibilidade!C13,'Motivos De Parada'!D:D,Disponibilidade!E13,'Motivos De Parada'!M:M,"REFEIÇÃO"),"-") -> 0 | AC13: =IFERROR(Y13-AA13-AB13,"-") -> 0 | AD13: =IFERROR(IF(AC13<0,"VERIFICAR","OK"),"-") -> OK | AE13: {=IFERROR(SUM(SUMIFS('Motivos De Parada'!K:K,'Motivos De Parada'!G:G,Disponibilidade!G13,'Motivos De Parada'!H:H,Disponibilidade!H13,'Motivos De Parada'!E:E,Disponibilidade!C13,'Motivos De Parada'!D:D,Disponibilidade!E13,'Motivos De Parada'!O:O,{"DISPONIBILIDADE MECÂNICA";"DISPONIBILIDADE OPERACIONAL"},'Motivos De Parada'!P:P,"NÃO")),"-")} -> 0 | AF13: {=IFERROR(SUM(SUMIFS('Motivos De Parada'!K:K,'Motivos De Parada'!G:G,Disponibilidade!G13,'Motivos De Parada'!H:H,Disponibilidade!H13,'Motivos De Parada'!E:E,Disponibilidade!C13,'Motivos De Parada'!D:D,Disponibilidade!E13,'Motivos De Parada'!O:O,{"DISPONIBILIDADE MECÂNICA";"DISPONIBILIDADE OPERACIONAL"},'Motivos De Parada'!P:P,"SIM")),"-")} -> 0 | AG13: =IFERROR(IF((AC13-AF13)<0,0,(AC13-AF13)),"-") -> 0 | AH13: =IFERROR(IF(AND(AG13=0,AC13=0),"OK",IF(AG13=AC13,"VERIFICAR","OK")),"-") -> OK | AI13: {=IFERROR(INDEX('Metas DM & DO'!$A:$AAD,MATCH(Disponibilidade!$G13,'Metas DM & DO'!$A:$A,0),MATCH(Disponibilidade!$U13,'Metas DM & DO'!$1:$1,0)+2),"-")} -> - | AJ13: {=IFERROR(INDEX('Metas DM & DO'!$A:$AAD,MATCH(Disponibilidade!$G13,'Metas DM & DO'!$A:$A,0),MATCH(Disponibilidade!$U13,'Metas DM & DO'!$1:$1,0)+3),"-")} -> - | AK13: {=IFERROR(INDEX('Metas DM & DO'!$A:$AAD,MATCH(Disponibilidade!$G13,'Metas DM & DO'!$A:$A,0),MATCH(Disponibilidade!$U13,'Metas DM & DO'!$1:$1,0)+4),"-")} -> - | AL13: =IFERROR(IF(X13<=AJ13,"EXCELENTE", IF(X13<=AI13,"BOM", IF(X13<=AK13,"ATENÇÃO",IF(X13>AK13,"CRÍTICO","-")))),"-") -> EXCELENTE
... A73: =IFERROR(YEAR(C73),"-") -> 2026 | B73: =IFERROR(DATE(YEAR(C73),MONTH(C73),MONTH(C73)),"-") -> 46023 | C73: 46028 | D73: GARRA2 | E73: TURNO 2 | F73: {=IFERROR(INDEX('Motivos De Parada'!C:C,MATCH(1,('Motivos De Parada'!E:E=Disponibilidade!C73)*('Motivos De Parada'!G:G=Disponibilidade!G73)*('Motivos De Parada'!D:D=Disponibilidade!E73),0)),"-")} -> - | G73: =IFERROR(VLOOKUP(D73,Cadastros!A:B,2,FALSE),"-") -> GARRA TRAÇADORA 2 | H73: =IFERROR(VLOOKUP(G73,Cadastros!B:D,3,FALSE),"-") -> TRAÇAMENTO | I73: DISPONIBILIDADE MECÂNICA | J73: =IFERROR(MAX(0,1 - (SUMIFS('Motivos De Parada'!K:K,'Motivos De Parada'!G:G,Disponibilidade!G73,'Motivos De Parada'!H:H,Disponibilidade!H73,'Motivos De Parada'!O:O,Disponibilidade!I73,'Motivos De Parada'!E:E,Disponibilidade!C73,'Motivos De Parada'!D:D,Disponibilidade!E73) / 24)),"-") -> 1 | K73: {=IFERROR(INDEX('Metas DM & DO'!$A:$AAD,MATCH(Disponibilidade!$G73,'Metas DM & DO'!$A:$A,0),MATCH(Disponibilidade!$I73,'Metas DM & DO'!$1:$1,0)+1),"-")} -> - | L73: {=IFERROR(INDEX('Metas DM & DO'!$A:$AAD,MATCH(Disponibilidade!$G73,'Metas DM & DO'!$A:$A,0),MATCH(Disponibilidade!$I73,'Metas DM & DO'!$1:$1,0)+2),"-")} -> - | M73: {=IFERROR(INDEX('Metas DM & DO'!$A:$AAD,MATCH(Disponibilidade!$G73,'Metas DM & DO'!$A:$A,0),MATCH(Disponibilidade!$I73,'Metas DM & DO'!$1:$1,0)+3),"-")} -> - | N73: =IFERROR(IF(J73<K73,"RUIM",IF(AND(J73>=K73,J73<L73),"MEDIA",IF(AND(J73>=L73,J73<M73),"BOA","-"))),"-") -> RUIM | O73: DISPONIBILIDADE OPERACIONAL | P73: =IFERROR(MAX(0,1 - (SUMIFS('Motivos De Parada'!K:K,'Motivos De Parada'!G:G,Disponibilidade!G73,'Motivos De Parada'!H:H,Disponibilidade!H73,'Motivos De Parada'!O:O,Disponibilidade!O73,'Motivos De Parada'!E:E,Disponibilidade!C73,'Motivos De Parada'!D:D,Disponibilidade!E73) / 24)),"-") -> 1 | Q73: {=IFERROR(INDEX('Metas DM & DO'!$A:$AAD,MATCH(Disponibilidade!$G73,'Metas DM & DO'!$A:$A,0),MATCH(Disponibilidade!$O73,'Metas DM & DO'!$1:$1,0)+1),"-")} -> - | R73: {=IFERROR(INDEX('Metas DM & DO'!$A:$AAD,MATCH(Disponibilidade!$G73,'Metas DM & DO'!$A:$A,0),MATCH(Disponibilidade!$O73,'Metas DM & DO'!$1:$1,0)+2),"-")} -> - | S73: {=IFERROR(INDEX('Metas DM & DO'!$A:$AAD,MATCH(Disponibilidade!$G73,'Metas DM & DO'!$A:$A,0),MATCH(Disponibilidade!$O73,'Metas DM & DO'!$1:$1,0)+3),"-")} -> - | T73: =IFERROR(IF(P73<Q73,"RUIM",IF(AND(P73>=Q73,P73<R73),"MEDIA",IF(AND(P73>=R73,P73<S73),"BOA","-"))),"-") -> RUIM | U73: HORAS | V73: =IFERROR(SUMIFS('Motivos De Parada'!K:K,'Motivos De Parada'!G:G,Disponibilidade!G73,'Motivos De Parada'!H:H,Disponibilidade!H73,'Motivos De Parada'!O:O,Disponibilidade!I73,'Motivos De Parada'!E:E,Disponibilidade!C73,'Motivos De Parada'!D:D,Disponibilidade!E73),"-") -> 0 | W73: =IFERROR(SUMIFS('Motivos De Parada'!K:K,'Motivos De Parada'!G:G,Disponibilidade!G73,'Motivos De Parada'!H:H,Disponibilidade!H73,'Motivos De Parada'!O:O,Disponibilidade!O73,'Motivos De Parada'!E:E,Disponibilidade!C73,'Motivos De Parada'!D:D,Disponibilidade!E73),"-") -> 0 | X73: =IFERROR(AVERAGE(V73,W73),"-") -> 0 | Y73: =IFERROR(SUMIFS('Motivos De Parada'!K:K,'Motivos De Parada'!G:G,Disponibilidade!G73,'Motivos De Parada'!H:H,Disponibilidade!H73,'Motivos De Parada'!E:E,Disponibilidade!C73,'Motivos De Parada'!D:D,Disponibilidade!E73),"-") -> 0 | Z73: =IFERROR(IF(Y73=0,"OK",IF(OR(Y73>12,Y73<12),"VERIFICAR","OK")),"-") -> OK | AA73: =IFERROR(W73+V73,"-") -> 0 | AB73: =IFERROR(SUMIFS('Motivos De Parada'!K:K,'Motivos De Parada'!G:G,Disponibilidade!G73,'Motivos De Parada'!H:H,Disponibilidade!H73,'Motivos De Parada'!E:E,Disponibilidade!C73,'Motivos De Parada'!D:D,Disponibilidade!E73,'Motivos De Parada'!M:M,"REFEIÇÃO"),"-") -> 0 | AC73: =IFERROR(Y73-AA73-AB73,"-") -> 0 | AD73: =IFERROR(IF(AC73<0,"VERIFICAR","OK"),"-") -> OK | AE73: {=IFERROR(SUM(SUMIFS('Motivos De Parada'!K:K,'Motivos De Parada'!G:G,Disponibilidade!G73,'Motivos De Parada'!H:H,Disponibilidade!H73,'Motivos De Parada'!E:E,Disponibilidade!C73,'Motivos De Parada'!D:D,Disponibilidade!E73,'Motivos De Parada'!O:O,{"DISPONIBILIDADE MECÂNICA";"DISPONIBILIDADE OPERACIONAL"},'Motivos De Parada'!P:P,"NÃO")),"-")} -> 0 | AF73: {=IFERROR(SUM(SUMIFS('Motivos De Parada'!K:K,'Motivos De Parada'!G:G,Disponibilidade!G73,'Motivos De Parada'!H:H,Disponibilidade!H73,'Motivos De Parada'!E:E,Disponibilidade!C73,'Motivos De Parada'!D:D,Disponibilidade!E73,'Motivos De Parada'!O:O,{"DISPONIBILIDADE MECÂNICA";"DISPONIBILIDADE OPERACIONAL"},'Motivos De Parada'!P:P,"SIM")),"-")} -> 0 | AG73: =IFERROR(IF((AC73-AF73)<0,0,(AC73-AF73)),"-") -> 0 | AH73: =IFERROR(IF(AND(AG73=0,AC73=0),"OK",IF(AG73=AC73,"VERIFICAR","OK")),"-") -> OK | AI73: {=IFERROR(INDEX('Metas DM & DO'!$A:$AAD,MATCH(Disponibilidade!$G73,'Metas DM & DO'!$A:$A,0),MATCH(Disponibilidade!$U73,'Metas DM & DO'!$1:$1,0)+2),"-")} -> - | AJ73: {=IFERROR(INDEX('Metas DM & DO'!$A:$AAD,MATCH(Disponibilidade!$G73,'Metas DM & DO'!$A:$A,0),MATCH(Disponibilidade!$U73,'Metas DM & DO'!$1:$1,0)+3),"-")} -> - | AK73: {=IFERROR(INDEX('Metas DM & DO'!$A:$AAD,MATCH(Disponibilidade!$G73,'Metas DM & DO'!$A:$A,0),MATCH(Disponibilidade!$U73,'Metas DM & DO'!$1:$1,0)+4),"-")} -> - | AL73: =IFERROR(IF(X73<=AJ73,"EXCELENTE", IF(X73<=AI73,"BOM", IF(X73<=AK73,"ATENÇÃO",IF(X73>AK73,"CRÍTICO","-")))),"-") -> EXCELENTE

Sheet Controle Mensal
A1: ANO | B1: MÊS | C1: DATA | D1: EQUIPAMENTO DIGITADO | E1: EQUIPAMENTO | F1: TIPO DE EQUIPAMENTO | G1: DISPONIBILIDADE MECÂNICA | H1: D.M | I1: META D.M BASE | J1: META D.M DESAFIO | K1: TETO META D.M | L1: STATUS D.M | M1: DISPONIBILIDADE OPERACIONAL | N1: D.O | O1: META D.O BASE | P1: META D.O DESAFIO | Q1: TETO META D.O | R1: STATUS D.O | S1: HORAS | T1: HORAS D.M | U1: HORAS D.O | V1: MÉDIA HORAS PARADAS | W1: TOTAL HORAS | X1: TOTAL HORAS PARADAS | Y1: TEMPO REFEIÇÃO | Z1: HORAS RODADAS | AA1: HORAS DESCONSIDERADAS | AB1: HORAS TRABALHADAS REAL | AC1: META HORAS BASE | AD1: META HORAS DESAFIO | AE1: TETO META HORAS | AF1: STATUS META HORAS
A2: =IFERROR(YEAR(C2),"-") -> 2026 | B2: =IFERROR(DATE(YEAR(C2),MONTH(C2),MONTH(C2)),"-") -> 46023 | C2: 46023 | D2: FELLER1 | E2: =IFERROR(VLOOKUP(D2,Cadastros!A:B,2,FALSE),"-") -> FELLER BUNCHER 1 | F2: =IFERROR(VLOOKUP(E2,Cadastros!B:D,3,FALSE),"-") -> CORTE | G2: DISPONIBILIDADE MECÂNICA | H2: =IFERROR(MIN(1,MAX(0,1-(SUMIFS('Motivos De Parada'!K:K,'Motivos De Parada'!G:G,'Controle Mensal'!E2,'Motivos De Parada'!H:H,'Controle Mensal'!F2,'Motivos De Parada'!O:O,'Controle Mensal'!G2,'Motivos De Parada'!B:B,'Controle Mensal'!C2)/(24*DAY(EOMONTH('Controle Mensal'!C2,0)))))),"-") -> 0.96908602 | I2: {=IFERROR(INDEX('Metas DM & DO'!$A:$AAD,MATCH('Controle Mensal'!$E2,'Metas DM & DO'!$A:$A,0),MATCH('Controle Mensal'!$G2,'Metas DM & DO'!$1:$1,0)+1),"-")} -> 0.45882353 | J2: {=IFERROR(INDEX('Metas DM & DO'!$A:$AAD,MATCH('Controle Mensal'!$E2,'Metas DM & DO'!$A:$A,0),MATCH('Controle Mensal'!$G2,'Metas DM & DO'!$1:$1,0)+2),"-")} -> 0.66341463 | K2: {=IFERROR(INDEX('Metas DM & DO'!$A:$AAD,MATCH('Controle Mensal'!$E2,'Metas DM & DO'!$A:$A,0),MATCH('Controle Mensal'!$G2,'Metas DM & DO'!$1:$1,0)+3),"-")} -> 0.83333333 | L2: =IFERROR(IF(H2<I2,"RUIM",IF(AND(H2>=I2,H2<J2),"MEDIA",IF(AND(H2>=J2,H2<K2),"BOA","-"))),"-") -> - | M2: DISPONIBILIDADE OPERACIONAL | N2: =IFERROR(MIN(1,MAX(0,1-(SUMIFS('Motivos De Parada'!K:K,'Motivos De Parada'!G:G,'Controle Mensal'!E2,'Motivos De Parada'!H:H,'Controle Mensal'!F2,'Motivos De Parada'!O:O,'Controle Mensal'!M2,'Motivos De Parada'!B:B,'Controle Mensal'!C2)/(24*DAY(EOMONTH('Controle Mensal'!C2,0)))))),"-") -> 0.98521505 | O2: {=IFERROR(INDEX('Metas DM & DO'!$A:$AAD,MATCH('Controle Mensal'!$E2,'Metas DM & DO'!$A:$A,0),MATCH('Controle Mensal'!$M2,'Metas DM & DO'!$1:$1,0)+1),"-")} -> 0.74117647 | P2: {=IFERROR(INDEX('Metas DM & DO'!$A:$AAD,MATCH('Controle Mensal'!$E2,'Metas DM & DO'!$A:$A,0),MATCH('Controle Mensal'!$M2,'Metas DM & DO'!$1:$1,0)+2),"-")} -> 0.83902439 | Q2: {=IFERROR(INDEX('Metas DM & DO'!$A:$AAD,MATCH('Controle Mensal'!$E2,'Metas DM & DO'!$A:$A,0),MATCH('Controle Mensal'!$M2,'Metas DM & DO'!$1:$1,0)+3),"-")} -> 0.79166667 | R2: =IFERROR(IF(N2<O2,"RUIM",IF(AND(N2>=O2,N2<P2),"MEDIA",IF(AND(N2>=P2,N2<Q2),"BOA","-"))),"-") -> - | S2: HORAS | T2: =IFERROR(SUMIFS('Motivos De Parada'!K:K,'Motivos De Parada'!G:G,'Controle Mensal'!E2,'Motivos De Parada'!H:H,'Controle Mensal'!F2,'Motivos De Parada'!O:O,'Controle Mensal'!G2,'Motivos De Parada'!B:B,'Controle Mensal'!B2),"-") -> 23 | U2: =IFERROR(SUMIFS('Motivos De Parada'!K:K,'Motivos De Parada'!G:G,'Controle Mensal'!E2,'Motivos De Parada'!H:H,'Controle Mensal'!F2,'Motivos De Parada'!O:O,'Controle Mensal'!M2,'Motivos De Parada'!B:B,'Controle Mensal'!B2),"-") -> 11 | V2: =IFERROR(AVERAGE(T2,U2),"-") -> 17 | W2: =IFERROR(SUMIFS('Motivos De Parada'!K:K,'Motivos De Parada'!G:G,'Controle Mensal'!E2,'Motivos De Parada'!H:H,'Controle Mensal'!F2,'Motivos De Parada'!B:B,'Controle Mensal'!B2),"-") -> 48 | X2: =IFERROR(U2+T2,"-") -> 34 | Y2: =IFERROR(SUMIFS('Motivos De Parada'!K:K,'Motivos De Parada'!G:G,'Controle Mensal'!E2,'Motivos De Parada'!H:H,'Controle Mensal'!F2,'Motivos De Parada'!B:B,'Controle Mensal'!B2,'Motivos De Parada'!M:M,"REFEIÇÃO"),"-") -> 0 | Z2: =IFERROR(W2-X2-Y2,"-") -> 14 | AA2: =IFERROR(SUMIFS('Motivos De Parada'!K:K,'Motivos De Parada'!G:G,'Controle Mensal'!E2,'Motivos De Parada'!H:H,'Controle Mensal'!F2,'Motivos De Parada'!B:B,'Controle Mensal'!B2,'Motivos De Parada'!P:P,"SIM"),"-") -> 2 | AB2: =IFERROR(IF((Z2-AA2)<0,0,(Z2-AA2)),"-") -> 12 | AC2: {=IFERROR(INDEX('Metas DM & DO'!$A:$AAD,MATCH('Controle Mensal'!$E2,'Metas DM & DO'!$A:$A,0),MATCH('Controle Mensal'!$S2,'Metas DM & DO'!$1:$1,0)+2),"-")} -> 4.8 | AD2: {=IFERROR(INDEX('Metas DM & DO'!$A:$AAD,MATCH('Controle Mensal'!$E2,'Metas DM & DO'!$A:$A,0),MATCH('Controle Mensal'!$S2,'Metas DM & DO'!$1:$1,0)+3),"-")} -> 2.9853659 | AE2: {=IFERROR(INDEX('Metas DM & DO'!$A:$AAD,MATCH('Controle Mensal'!$E2,'Metas DM & DO'!$A:$A,0),MATCH('Controle Mensal'!$S2,'Metas DM & DO'!$1:$1,0)+4),"-")} -> 12 | AF2: =IFERROR(IF(V2<=AD2,"EXCELENTE",IF(V2<=AC2,"BOM",IF(V2<=AE2,"ATENÇÃO",IF(V2>AE2,"CRÍTICO","-")))),"-") -> CRÍTICO
A3: =IFERROR(YEAR(C3),"-") -> 2026 | B3: =IFERROR(DATE(YEAR(C3),MONTH(C3),MONTH(C3)),"-") -> 46023 | C3: 46023 | D3: FELLER2 | E3: =IFERROR(VLOOKUP(D3,Cadastros!A:B,2,FALSE),"-") -> FELLER BUNCHER 2 | F3: =IFERROR(VLOOKUP(E3,Cadastros!B:D,3,FALSE),"-") -> CORTE | G3: DISPONIBILIDADE MECÂNICA | H3: =IFERROR(MIN(1,MAX(0,1-(SUMIFS('Motivos De Parada'!K:K,'Motivos De Parada'!G:G,'Controle Mensal'!E3,'Motivos De Parada'!H:H,'Controle Mensal'!F3,'Motivos De Parada'!O:O,'Controle Mensal'!G3,'Motivos De Parada'!B:B,'Controle Mensal'!C3)/(24*DAY(EOMONTH('Controle Mensal'!C3,0)))))),"-") -> 1 | I3: {=IFERROR(INDEX('Metas DM & DO'!$A:$AAD,MATCH('Controle Mensal'!$E3,'Metas DM & DO'!$A:$A,0),MATCH('Controle Mensal'!$G3,'Metas DM & DO'!$1:$1,0)+1),"-")} -> 1 | J3: {=IFERROR(INDEX('Metas DM & DO'!$A:$AAD,MATCH('Controle Mensal'!$E3,'Metas DM & DO'!$A:$A,0),MATCH('Controle Mensal'!$G3,'Metas DM & DO'!$1:$1,0)+2),"-")} -> 1 | K3: {=IFERROR(INDEX('Metas DM & DO'!$A:$AAD,MATCH('Controle Mensal'!$E3,'Metas DM & DO'!$A:$A,0),MATCH('Controle Mensal'!$G3,'Metas DM & DO'!$1:$1,0)+3),"-")} -> - | L3: =IFERROR(IF(H3<I3,"RUIM",IF(AND(H3>=I3,H3<J3),"MEDIA",IF(AND(H3>=J3,H3<K3),"BOA","-"))),"-") -> BOA | M3: DISPONIBILIDADE OPERACIONAL | N3: =IFERROR(MIN(1,MAX(0,1-(SUMIFS('Motivos De Parada'!K:K,'Motivos De Parada'!G:G,'Controle Mensal'!E3,'Motivos De Parada'!H:H,'Controle Mensal'!F3,'Motivos De Parada'!O:O,'Controle Mensal'!M3,'Motivos De Parada'!B:B,'Controle Mensal'!C3)/(24*DAY(EOMONTH('Controle Mensal'!C3,0)))))),"-") -> 0.97043011 | O3: {=IFERROR(INDEX('Metas DM & DO'!$A:$AAD,MATCH('Controle Mensal'!$E3,'Metas DM & DO'!$A:$A,0),MATCH('Controle Mensal'!$M3,'Metas DM & DO'!$1:$1,0)+1),"-")} -> 0.12 | P3: {=IFERROR(INDEX('Metas DM & DO'!$A:$AAD,MATCH('Controle Mensal'!$E3,'Metas DM & DO'!$A:$A,0),MATCH('Controle Mensal'!$M3,'Metas DM & DO'!$1:$1,0)+2),"-")} -> 0.25842697 | Q3: {=IFERROR(INDEX('Metas DM & DO'!$A:$AAD,MATCH('Controle Mensal'!$E3,'Metas DM & DO'!$A:$A,0),MATCH('Controle Mensal'!$M3,'Metas DM & DO'!$1:$1,0)+3),"-")} -> 0.58333333 | R3: =IFERROR(IF(N3<O3,"RUIM",IF(AND(N3>=O3,N3<P3),"MEDIA",IF(AND(N3>=P3,N3<Q3),"BOA","-"))),"-") -> - | S3: HORAS | T3: =IFERROR(SUMIFS('Motivos De Parada'!K:K,'Motivos De Parada'!G:G,'Controle Mensal'!E3,'Motivos De Parada'!H:H,'Controle Mensal'!F3,'Motivos De Parada'!O:O,'Controle Mensal'!G3,'Motivos De Parada'!B:B,'Controle Mensal'!B3),"-") -> 0 | U3: =IFERROR(SUMIFS('Motivos De Parada'!K:K,'Motivos De Parada'!G:G,'Controle Mensal'!E3,'Motivos De Parada'!H:H,'Controle Mensal'!F3,'Motivos De Parada'!O:O,'Controle Mensal'!M3,'Motivos De Parada'!B:B,'Controle Mensal'!B3),"-") -> 22 | V3: =IFERROR(AVERAGE(T3,U3),"-") -> 11 | W3: =IFERROR(SUMIFS('Motivos De Parada'!K:K,'Motivos De Parada'!G:G,'Controle Mensal'!E3,'Motivos De Parada'!H:H,'Controle Mensal'!F3,'Motivos De Parada'!B:B,'Controle Mensal'!B3),"-") -> 24 | X3: =IFERROR(U3+T3,"-") -> 22 | Y3: =IFERROR(SUMIFS('Motivos De Parada'!K:K,'Motivos De Parada'!G:G,'Controle Mensal'!E3,'Motivos De Parada'!H:H,'Controle Mensal'!F3,'Motivos De Parada'!B:B,'Controle Mensal'!B3,'Motivos De Parada'!M:M,"REFEIÇÃO"),"-") -> 0 | Z3: =IFERROR(W3-X3-Y3,"-") -> 2 | AA3: =IFERROR(SUMIFS('Motivos De Parada'!K:K,'Motivos De Parada'!G:G,'Controle Mensal'!E3,'Motivos De Parada'!H:H,'Controle Mensal'!F3,'Motivos De Parada'!B:B,'Controle Mensal'!B3,'Motivos De Parada'!P:P,"SIM"),"-") -> 2 | AB3: =IFERROR(IF((Z3-AA3)<0,0,(Z3-AA3)),"-") -> 0 | AC3: {=IFERROR(INDEX('Metas DM & DO'!$A:$AAD,MATCH('Controle Mensal'!$E3,'Metas DM & DO'!$A:$A,0),MATCH('Controle Mensal'!$S3,'Metas DM & DO'!$1:$1,0)+2),"-")} -> 5.28 | AD3: {=IFERROR(INDEX('Metas DM & DO'!$A:$AAD,MATCH('Controle Mensal'!$E3,'Metas DM & DO'!$A:$A,0),MATCH('Controle Mensal'!$S3,'Metas DM & DO'!$1:$1,0)+3),"-")} -> 4.4494382 | AE3: {=IFERROR(INDEX('Metas DM & DO'!$A:$AAD,MATCH('Controle Mensal'!$E3,'Metas DM & DO'!$A:$A,0),MATCH('Controle Mensal'!$S3,'Metas DM & DO'!$1:$1,0)+4),"-")} -> 9 | AF3: =IFERROR(IF(V3<=AD3,"EXCELENTE", IF(V3<=AC3,"BOM", IF(V3<=AE3,"ATENÇÃO",IF(V3>AE3,"CRÍTICO","-")))),"-") -> CRÍTICO
A4: =IFERROR(YEAR(C4),"-") -> 2026 | B4: =IFERROR(DATE(YEAR(C4),MONTH(C4),MONTH(C4)),"-") -> 46023 | C4: 46023 | D4: SKIDDER1 | E4: =IFERROR(VLOOKUP(D4,Cadastros!A:B,2,FALSE),"-") -> SKIDDER 1 | F4: =IFERROR(VLOOKUP(E4,Cadastros!B:D,3,FALSE),"-") -> ARRASTE | G4: DISPONIBILIDADE MECÂNICA | H4: =IFERROR(MIN(1,MAX(0,1-(SUMIFS('Motivos De Parada'!K:K,'Motivos De Parada'!G:G,'Controle Mensal'!E4,'Motivos De Parada'!H:H,'Controle Mensal'!F4,'Motivos De Parada'!O:O,'Controle Mensal'!G4,'Motivos De Parada'!B:B,'Controle Mensal'!C4)/(24*DAY(EOMONTH('Controle Mensal'!C4,0)))))),"-") -> 1 | I4: {=IFERROR(INDEX('Metas DM & DO'!$A:$AAD,MATCH('Controle Mensal'!$E4,'Metas DM & DO'!$A:$A,0),MATCH('Controle Mensal'!$G4,'Metas DM & DO'!$1:$1,0)+1),"-")} -> - | J4: {=IFERROR(INDEX('Metas DM & DO'!$A:$AAD,MATCH('Controle Mensal'!$E4,'Metas DM & DO'!$A:$A,0),MATCH('Controle Mensal'!$G4,'Metas DM & DO'!$1:$1,0)+2),"-")} -> - | K4: {=IFERROR(INDEX('Metas DM & DO'!$A:$AAD,MATCH('Controle Mensal'!$E4,'Metas DM & DO'!$A:$A,0),MATCH('Controle Mensal'!$G4,'Metas DM & DO'!$1:$1,0)+3),"-")} -> - | L4: =IFERROR(IF(H4<I4,"RUIM",IF(AND(H4>=I4,H4<J4),"MEDIA",IF(AND(H4>=J4,H4<K4),"BOA","-"))),"-") -> RUIM | M4: DISPONIBILIDADE OPERACIONAL | N4: =IFERROR(MIN(1,MAX(0,1-(SUMIFS('Motivos De Parada'!K:K,'Motivos De Parada'!G:G,'Controle Mensal'!E4,'Motivos De Parada'!H:H,'Controle Mensal'!F4,'Motivos De Parada'!O:O,'Controle Mensal'!M4,'Motivos De Parada'!B:B,'Controle Mensal'!C4)/(24*DAY(EOMONTH('Controle Mensal'!C4,0)))))),"-") -> 1 | O4: {=IFERROR(INDEX('Metas DM & DO'!$A:$AAD,MATCH('Controle Mensal'!$E4,'Metas DM & DO'!$A:$A,0),MATCH('Controle Mensal'!$M4,'Metas DM & DO'!$1:$1,0)+1),"-")} -> - | P4: {=IFERROR(INDEX('Metas DM & DO'!$A:$AAD,MATCH('Controle Mensal'!$E4,'Metas DM & DO'!$A:$A,0),MATCH('Controle Mensal'!$M4,'Metas DM & DO'!$1:$1,0)+2),"-")} -> - | Q4: {=IFERROR(INDEX('Metas DM & DO'!$A:$AAD,MATCH('Controle Mensal'!$E4,'Metas DM & DO'!$A:$A,0),MATCH('Controle Mensal'!$M4,'Metas DM & DO'!$1:$1,0)+3),"-")} -> - | R4: =IFERROR(IF(N4<O4,"RUIM",IF(AND(N4>=O4,N4<P4),"MEDIA",IF(AND(N4>=P4,N4<Q4),"BOA","-"))),"-") -> RUIM | S4: HORAS | T4: =IFERROR(SUMIFS('Motivos De Parada'!K:K,'Motivos De Parada'!G:G,'Controle Mensal'!E4,'Motivos De Parada'!H:H,'Controle Mensal'!F4,'Motivos De Parada'!O:O,'Controle Mensal'!G4,'Motivos De Parada'!B:B,'Controle Mensal'!B4),"-") -> 0 | U4: =IFERROR(SUMIFS('Motivos De Parada'!K:K,'Motivos De Parada'!G:G,'Controle Mensal'!E4,'Motivos De Parada'!H:H,'Controle Mensal'!F4,'Motivos De Parada'!O:O,'Controle Mensal'!M4,'Motivos De Parada'!B:B,'Controle Mensal'!B4),"-") -> 0 | V4: =IFERROR(AVERAGE(T4,U4),"-") -> 0 | W4: =IFERROR(SUMIFS('Motivos De Parada'!K:K,'Motivos De Parada'!G:G,'Controle Mensal'!E4,'Motivos De Parada'!H:H,'Controle Mensal'!F4,'Motivos De Parada'!B:B,'Controle Mensal'!B4),"-") -> 0 | X4: =IFERROR(U4+T4,"-") -> 0 | Y4: =IFERROR(SUMIFS('Motivos De Parada'!K:K,'Motivos De Parada'!G:G,'Controle Mensal'!E4,'Motivos De Parada'!H:H,'Controle Mensal'!F4,'Motivos De Parada'!B:B,'Controle Mensal'!B4,'Motivos De Parada'!M:M,"REFEIÇÃO"),"-") -> 0 | Z4: =IFERROR(W4-X4-Y4,"-") -> 0 | AA4: =IFERROR(SUMIFS('Motivos De Parada'!K:K,'Motivos De Parada'!G:G,'Controle Mensal'!E4,'Motivos De Parada'!H:H,'Controle Mensal'!F4,'Motivos De Parada'!B:B,'Controle Mensal'!B4,'Motivos De Parada'!P:P,"SIM"),"-") -> 0 | AB4: =IFERROR(IF((Z4-AA4)<0,0,(Z4-AA4)),"-") -> 0 | AC4: {=IFERROR(INDEX('Metas DM & DO'!$A:$AAD,MATCH('Controle Mensal'!$E4,'Metas DM & DO'!$A:$A,0),MATCH('Controle Mensal'!$S4,'Metas DM & DO'!$1:$1,0)+2),"-")} -> - | AD4: {=IFERROR(INDEX('Metas DM & DO'!$A:$AAD,MATCH('Controle Mensal'!$E4,'Metas DM & DO'!$A:$A,0),MATCH('Controle Mensal'!$S4,'Metas DM & DO'!$1:$1,0)+3),"-")} -> - | AE4: {=IFERROR(INDEX('Metas DM & DO'!$A:$AAD,MATCH('Controle Mensal'!$E4,'Metas DM & DO'!$A:$A,0),MATCH('Controle Mensal'!$S4,'Metas DM & DO'!$1:$1,0)+4),"-")} -> - | AF4: =IFERROR(IF(V4<=AD4,"EXCELENTE", IF(V4<=AC4,"BOM", IF(V4<=AE4,"ATENÇÃO",IF(V4>AE4,"CRÍTICO","-")))),"-") -> EXCELENTE
A5: =IFERROR(YEAR(C5),"-") -> 2026 | B5: =IFERROR(DATE(YEAR(C5),MONTH(C5),MONTH(C5)),"-") -> 46023 | C5: 46023 | D5: SKIDDER2 | E5: =IFERROR(VLOOKUP(D5,Cadastros!A:B,2,FALSE),"-") -> SKIDDER 2 | F5: =IFERROR(VLOOKUP(E5,Cadastros!B:D,3,FALSE),"-") -> ARRASTE | G5: DISPONIBILIDADE MECÂNICA | H5: =IFERROR(MIN(1,MAX(0,1-(SUMIFS('Motivos De Parada'!K:K,'Motivos De Parada'!G:G,'Controle Mensal'!E5,'Motivos De Parada'!H:H,'Controle Mensal'!F5,'Motivos De Parada'!O:O,'Controle Mensal'!G5,'Motivos De Parada'!B:B,'Controle Mensal'!C5)/(24*DAY(EOMONTH('Controle Mensal'!C5,0)))))),"-") -> 0.96774194 | I5: {=IFERROR(INDEX('Metas DM & DO'!$A:$AAD,MATCH('Controle Mensal'!$E5,'Metas DM & DO'!$A:$A,0),MATCH('Controle Mensal'!$G5,'Metas DM & DO'!$1:$1,0)+1),"-")} -> 0.5 | J5: {=IFERROR(INDEX('Metas DM & DO'!$A:$AAD,MATCH('Controle Mensal'!$E5,'Metas DM & DO'!$A:$A,0),MATCH('Controle Mensal'!$G5,'Metas DM & DO'!$1:$1,0)+2),"-")} -> 0.5 | K5: {=IFERROR(INDEX('Metas DM & DO'!$A:$AAD,MATCH('Controle Mensal'!$E5,'Metas DM & DO'!$A:$A,0),MATCH('Controle Mensal'!$G5,'Metas DM & DO'!$1:$1,0)+3),"-")} -> 0.5 | L5: =IFERROR(IF(H5<I5,"RUIM",IF(AND(H5>=I5,H5<J5),"MEDIA",IF(AND(H5>=J5,H5<K5),"BOA","-"))),"-") -> - | M5: DISPONIBILIDADE OPERACIONAL | N5: =IFERROR(MIN(1,MAX(0,1-(SUMIFS('Motivos De Parada'!K:K,'Motivos De Parada'!G:G,'Controle Mensal'!E5,'Motivos De Parada'!H:H,'Controle Mensal'!F5,'Motivos De Parada'!O:O,'Controle Mensal'!M5,'Motivos De Parada'!B:B,'Controle Mensal'!C5)/(24*DAY(EOMONTH('Controle Mensal'!C5,0)))))),"-") -> 0.96774194 | O5: {=IFERROR(INDEX('Metas DM & DO'!$A:$AAD,MATCH('Controle Mensal'!$E5,'Metas DM & DO'!$A:$A,0),MATCH('Controle Mensal'!$M5,'Metas DM & DO'!$1:$1,0)+1),"-")} -> 0.5 | P5: {=IFERROR(INDEX('Metas DM & DO'!$A:$AAD,MATCH('Controle Mensal'!$E5,'Metas DM & DO'!$A:$A,0),MATCH('Controle Mensal'!$M5,'Metas DM & DO'!$1:$1,0)+2),"-")} -> 0.5 | Q5: {=IFERROR(INDEX('Metas DM & DO'!$A:$AAD,MATCH('Controle Mensal'!$E5,'Metas DM & DO'!$A:$A,0),MATCH('Controle Mensal'!$M5,'Metas DM & DO'!$1:$1,0)+3),"-")} -> 0.5 | R5: =IFERROR(IF(N5<O5,"RUIM",IF(AND(N5>=O5,N5<P5),"MEDIA",IF(AND(N5>=P5,N5<Q5),"BOA","-"))),"-") -> - | S5: HORAS | T5: =IFERROR(SUMIFS('Motivos De Parada'!K:K,'Motivos De Parada'!G:G,'Controle Mensal'!E5,'Motivos De Parada'!H:H,'Controle Mensal'!F5,'Motivos De Parada'!O:O,'Controle Mensal'!G5,'Motivos De Parada'!B:B,'Controle Mensal'!B5),"-") -> 24 | U5: =IFERROR(SUMIFS('Motivos De Parada'!K:K,'Motivos De Parada'!G:G,'Controle Mensal'!E5,'Motivos De Parada'!H:H,'Controle Mensal'!F5,'Motivos De Parada'!O:O,'Controle Mensal'!M5,'Motivos De Parada'!B:B,'Controle Mensal'!B5),"-") -> 24 | V5: =IFERROR(AVERAGE(T5,U5),"-") -> 24 | W5: =IFERROR(SUMIFS('Motivos De Parada'!K:K,'Motivos De Parada'!G:G,'Controle Mensal'!E5,'Motivos De Parada'!H:H,'Controle Mensal'!F5,'Motivos De Parada'!B:B,'Controle Mensal'!B5),"-") -> 48 | X5: =IFERROR(U5+T5,"-") -> 48 | Y5: =IFERROR(SUMIFS('Motivos De Parada'!K:K,'Motivos De Parada'!G:G,'Controle Mensal'!E5,'Motivos De Parada'!H:H,'Controle Mensal'!F5,'Motivos De Parada'!B:B,'Controle Mensal'!B5,'Motivos De Parada'!M:M,"REFEIÇÃO"),"-") -> 0 | Z5: =IFERROR(W5-X5-Y5,"-") -> 0 | AA5: =IFERROR(SUMIFS('Motivos De Parada'!K:K,'Motivos De Parada'!G:G,'Controle Mensal'!E5,'Motivos De Parada'!H:H,'Controle Mensal'!F5,'Motivos De Parada'!B:B,'Controle Mensal'!B5,'Motivos De Parada'!P:P,"SIM"),"-") -> 0 | AB5: =IFERROR(IF((Z5-AA5)<0,0,(Z5-AA5)),"-") -> 0 | AC5: {=IFERROR(INDEX('Metas DM & DO'!$A:$AAD,MATCH('Controle Mensal'!$E5,'Metas DM & DO'!$A:$A,0),MATCH('Controle Mensal'!$S5,'Metas DM & DO'!$1:$1,0)+2),"-")} -> 12 | AD5: {=IFERROR(INDEX('Metas DM & DO'!$A:$AAD,MATCH('Controle Mensal'!$E5,'Metas DM & DO'!$A:$A,0),MATCH('Controle Mensal'!$S5,'Metas DM & DO'!$1:$1,0)+3),"-")} -> 12 | AE5: {=IFERROR(INDEX('Metas DM & DO'!$A:$AAD,MATCH('Controle Mensal'!$E5,'Metas DM & DO'!$A:$A,0),MATCH('Controle Mensal'!$S5,'Metas DM & DO'!$1:$1,0)+4),"-")} -> 12 | AF5: =IFERROR(IF(V5<=AD5,"EXCELENTE", IF(V5<=AC5,"BOM", IF(V5<=AE5,"ATENÇÃO",IF(V5>AE5,"CRÍTICO","-")))),"-") -> CRÍTICO
A6: =IFERROR(YEAR(C6),"-") -> 2026 | B6: =IFERROR(DATE(YEAR(C6),MONTH(C6),MONTH(C6)),"-") -> 46023 | C6: 46023 | D6: GARRA1 | E6: =IFERROR(VLOOKUP(D6,Cadastros!A:B,2,FALSE),"-") -> GARRA TRAÇADORA 1 | F6: =IFERROR(VLOOKUP(E6,Cadastros!B:D,3,FALSE),"-") -> TRAÇAMENTO | G6: DISPONIBILIDADE MECÂNICA | H6: =IFERROR(MIN(1,MAX(0,1-(SUMIFS('Motivos De Parada'!K:K,'Motivos De Parada'!G:G,'Controle Mensal'!E6,'Motivos De Parada'!H:H,'Controle Mensal'!F6,'Motivos De Parada'!O:O,'Controle Mensal'!G6,'Motivos De Parada'!B:B,'Controle Mensal'!C6)/(24*DAY(EOMONTH('Controle Mensal'!C6,0)))))),"-") -> 0.99697581 | I6: {=IFERROR(INDEX('Metas DM & DO'!$A:$AAD,MATCH('Controle Mensal'!$E6,'Metas DM & DO'!$A:$A,0),MATCH('Controle Mensal'!$G6,'Metas DM & DO'!$1:$1,0)+1),"-")} -> 0.91724138 | J6: {=IFERROR(INDEX('Metas DM & DO'!$A:$AAD,MATCH('Controle Mensal'!$E6,'Metas DM & DO'!$A:$A,0),MATCH('Controle Mensal'!$G6,'Metas DM & DO'!$1:$1,0)+2),"-")} -> 0.92489569 | K6: {=IFERROR(INDEX('Metas DM & DO'!$A:$AAD,MATCH('Controle Mensal'!$E6,'Metas DM & DO'!$A:$A,0),MATCH('Controle Mensal'!$G6,'Metas DM & DO'!$1:$1,0)+3),"-")} -> 0.90625 | L6: =IFERROR(IF(H6<I6,"RUIM",IF(AND(H6>=I6,H6<J6),"MEDIA",IF(AND(H6>=J6,H6<K6),"BOA","-"))),"-") -> - | M6: DISPONIBILIDADE OPERACIONAL | N6: =IFERROR(MIN(1,MAX(0,1-(SUMIFS('Motivos De Parada'!K:K,'Motivos De Parada'!G:G,'Controle Mensal'!E6,'Motivos De Parada'!H:H,'Controle Mensal'!F6,'Motivos De Parada'!O:O,'Controle Mensal'!M6,'Motivos De Parada'!B:B,'Controle Mensal'!C6)/(24*DAY(EOMONTH('Controle Mensal'!C6,0)))))),"-") -> 0.97939068 | O6: {=IFERROR(INDEX('Metas DM & DO'!$A:$AAD,MATCH('Controle Mensal'!$E6,'Metas DM & DO'!$A:$A,0),MATCH('Controle Mensal'!$M6,'Metas DM & DO'!$1:$1,0)+1),"-")} -> 0.43601533 | P6: {=IFERROR(INDEX('Metas DM & DO'!$A:$AAD,MATCH('Controle Mensal'!$E6,'Metas DM & DO'!$A:$A,0),MATCH('Controle Mensal'!$M6,'Metas DM & DO'!$1:$1,0)+2),"-")} -> 0.48817803 | Q6: {=IFERROR(INDEX('Metas DM & DO'!$A:$AAD,MATCH('Controle Mensal'!$E6,'Metas DM & DO'!$A:$A,0),MATCH('Controle Mensal'!$M6,'Metas DM & DO'!$1:$1,0)+3),"-")} -> 0.71875 | R6: =IFERROR(IF(N6<O6,"RUIM",IF(AND(N6>=O6,N6<P6),"MEDIA",IF(AND(N6>=P6,N6<Q6),"BOA","-"))),"-") -> - | S6: HORAS | T6: =IFERROR(SUMIFS('Motivos De Parada'!K:K,'Motivos De Parada'!G:G,'Controle Mensal'!E6,'Motivos De Parada'!H:H,'Controle Mensal'!F6,'Motivos De Parada'!O:O,'Controle Mensal'!G6,'Motivos De Parada'!B:B,'Controle Mensal'!B6),"-") -> 2.25 | U6: =IFERROR(SUMIFS('Motivos De Parada'!K:K,'Motivos De Parada'!G:G,'Controle Mensal'!E6,'Motivos De Parada'!H:H,'Controle Mensal'!F6,'Motivos De Parada'!O:O,'Controle Mensal'!M6,'Motivos De Parada'!B:B,'Controle Mensal'!B6),"-") -> 15.333333 | V6: =IFERROR(AVERAGE(T6,U6),"-") -> 8.7916667 | W6: =IFERROR(SUMIFS('Motivos De Parada'!K:K,'Motivos De Parada'!G:G,'Controle Mensal'!E6,'Motivos De Parada'!H:H,'Controle Mensal'!F6,'Motivos De Parada'!B:B,'Controle Mensal'!B6),"-") -> 24 | X6: =IFERROR(U6+T6,"-") -> 17.583333 | Y6: =IFERROR(SUMIFS('Motivos De Parada'!K:K,'Motivos De Parada'!G:G,'Controle Mensal'!E6,'Motivos De Parada'!H:H,'Controle Mensal'!F6,'Motivos De Parada'!B:B,'Controle Mensal'!B6,'Motivos De Parada'!M:M,"REFEIÇÃO"),"-") -> 0 | Z6: =IFERROR(W6-X6-Y6,"-") -> 6.4166667 | AA6: =IFERROR(SUMIFS('Motivos De Parada'!K:K,'Motivos De Parada'!G:G,'Controle Mensal'!E6,'Motivos De Parada'!H:H,'Controle Mensal'!F6,'Motivos De Parada'!B:B,'Controle Mensal'!B6,'Motivos De Parada'!P:P,"SIM"),"-") -> 5.4166667 | AB6: =IFERROR(IF((Z6-AA6)<0,0,(Z6-AA6)),"-") -> 1 | AC6: {=IFERROR(INDEX('Metas DM & DO'!$A:$AAD,MATCH('Controle Mensal'!$E6,'Metas DM & DO'!$A:$A,0),MATCH('Controle Mensal'!$S6,'Metas DM & DO'!$1:$1,0)+2),"-")} -> 2.2174056 | AD6: {=IFERROR(INDEX('Metas DM & DO'!$A:$AAD,MATCH('Controle Mensal'!$E6,'Metas DM & DO'!$A:$A,0),MATCH('Controle Mensal'!$S6,'Metas DM & DO'!$1:$1,0)+3),"-")} -> 2.0123187 | AE6: {=IFERROR(INDEX('Metas DM & DO'!$A:$AAD,MATCH('Controle Mensal'!$E6,'Metas DM & DO'!$A:$A,0),MATCH('Controle Mensal'!$S6,'Metas DM & DO'!$1:$1,0)+4),"-")} -> 4 | AF6: =IFERROR(IF(V6<=AD6,"EXCELENTE", IF(V6<=AC6,"BOM", IF(V6<=AE6,"ATENÇÃO",IF(V6>AE6,"CRÍTICO","-")))),"-") -> CRÍTICO
A7: =IFERROR(YEAR(C7),"-") -> 2026 | B7: =IFERROR(DATE(YEAR(C7),MONTH(C7),MONTH(C7)),"-") -> 46023 | C7: 46023 | D7: GARRA2 | E7: =IFERROR(VLOOKUP(D7,Cadastros!A:B,2,FALSE),"-") -> GARRA TRAÇADORA 2 | F7: =IFERROR(VLOOKUP(E7,Cadastros!B:D,3,FALSE),"-") -> TRAÇAMENTO | G7: DISPONIBILIDADE MECÂNICA | H7: =IFERROR(MIN(1,MAX(0,1-(SUMIFS('Motivos De Parada'!K:K,'Motivos De Parada'!G:G,'Controle Mensal'!E7,'Motivos De Parada'!H:H,'Controle Mensal'!F7,'Motivos De Parada'!O:O,'Controle Mensal'!G7,'Motivos De Parada'!B:B,'Controle Mensal'!C7)/(24*DAY(EOMONTH('Controle Mensal'!C7,0)))))),"-") -> 1 | I7: {=IFERROR(INDEX('Metas DM & DO'!$A:$AAD,MATCH('Controle Mensal'!$E7,'Metas DM & DO'!$A:$A,0),MATCH('Controle Mensal'!$G7,'Metas DM & DO'!$1:$1,0)+1),"-")} -> - | J7: {=IFERROR(INDEX('Metas DM & DO'!$A:$AAD,MATCH('Controle Mensal'!$E7,'Metas DM & DO'!$A:$A,0),MATCH('Controle Mensal'!$G7,'Metas DM & DO'!$1:$1,0)+2),"-")} -> - | K7: {=IFERROR(INDEX('Metas DM & DO'!$A:$AAD,MATCH('Controle Mensal'!$E7,'Metas DM & DO'!$A:$A,0),MATCH('Controle Mensal'!$G7,'Metas DM & DO'!$1:$1,0)+3),"-")} -> - | L7: =IFERROR(IF(H7<I7,"RUIM",IF(AND(H7>=I7,H7<J7),"MEDIA",IF(AND(H7>=J7,H7<K7),"BOA","-"))),"-") -> RUIM | M7: DISPONIBILIDADE OPERACIONAL | N7: =IFERROR(MIN(1,MAX(0,1-(SUMIFS('Motivos De Parada'!K:K,'Motivos De Parada'!G:G,'Controle Mensal'!E7,'Motivos De Parada'!H:H,'Controle Mensal'!F7,'Motivos De Parada'!O:O,'Controle Mensal'!M7,'Motivos De Parada'!B:B,'Controle Mensal'!C7)/(24*DAY(EOMONTH('Controle Mensal'!C7,0)))))),"-") -> 1 | O7: {=IFERROR(INDEX('Metas DM & DO'!$A:$AAD,MATCH('Controle Mensal'!$E7,'Metas DM & DO'!$A:$A,0),MATCH('Controle Mensal'!$M7,'Metas DM & DO'!$1:$1,0)+1),"-")} -> - | P7: {=IFERROR(INDEX('Metas DM & DO'!$A:$AAD,MATCH('Controle Mensal'!$E7,'Metas DM & DO'!$A:$A,0),MATCH('Controle Mensal'!$M7,'Metas DM & DO'!$1:$1,0)+2),"-")} -> - | Q7: {=IFERROR(INDEX('Metas DM & DO'!$A:$AAD,MATCH('Controle Mensal'!$E7,'Metas DM & DO'!$A:$A,0),MATCH('Controle Mensal'!$M7,'Metas DM & DO'!$1:$1,0)+3),"-")} -> - | R7: =IFERROR(IF(N7<O7,"RUIM",IF(AND(N7>=O7,N7<P7),"MEDIA",IF(AND(N7>=P7,N7<Q7),"BOA","-"))),"-") -> RUIM | S7: HORAS | T7: =IFERROR(SUMIFS('Motivos De Parada'!K:K,'Motivos De Parada'!G:G,'Controle Mensal'!E7,'Motivos De Parada'!H:H,'Controle Mensal'!F7,'Motivos De Parada'!O:O,'Controle Mensal'!G7,'Motivos De Parada'!B:B,'Controle Mensal'!B7),"-") -> 0 | U7: =IFERROR(SUMIFS('Motivos De Parada'!K:K,'Motivos De Parada'!G:G,'Controle Mensal'!E7,'Motivos De Parada'!H:H,'Controle Mensal'!F7,'Motivos De Parada'!O:O,'Controle Mensal'!M7,'Motivos De Parada'!B:B,'Controle Mensal'!B7),"-") -> 0 | V7: =IFERROR(AVERAGE(T7,U7),"-") -> 0 | W7: =IFERROR(SUMIFS('Motivos De Parada'!K:K,'Motivos De Parada'!G:G,'Controle Mensal'!E7,'Motivos De Parada'!H:H,'Controle Mensal'!F7,'Motivos De Parada'!B:B,'Controle Mensal'!B7),"-") -> 0 | X7: =IFERROR(U7+T7,"-") -> 0 | Y7: =IFERROR(SUMIFS('Motivos De Parada'!K:K,'Motivos De Parada'!G:G,'Controle Mensal'!E7,'Motivos De Parada'!H:H,'Controle Mensal'!F7,'Motivos De Parada'!B:B,'Controle Mensal'!B7,'Motivos De Parada'!M:M,"REFEIÇÃO"),"-") -> 0 | Z7: =IFERROR(W7-X7-Y7,"-") -> 0 | AA7: =IFERROR(SUMIFS('Motivos De Parada'!K:K,'Motivos De Parada'!G:G,'Controle Mensal'!E7,'Motivos De Parada'!H:H,'Controle Mensal'!F7,'Motivos De Parada'!B:B,'Controle Mensal'!B7,'Motivos De Parada'!P:P,"SIM"),"-") -> 0 | AB7: =IFERROR(IF((Z7-AA7)<0,0,(Z7-AA7)),"-") -> 0 | AC7: {=IFERROR(INDEX('Metas DM & DO'!$A:$AAD,MATCH('Controle Mensal'!$E7,'Metas DM & DO'!$A:$A,0),MATCH('Controle Mensal'!$S7,'Metas DM & DO'!$1:$1,0)+2),"-")} -> - | AD7: {=IFERROR(INDEX('Metas DM & DO'!$A:$AAD,MATCH('Controle Mensal'!$E7,'Metas DM & DO'!$A:$A,0),MATCH('Controle Mensal'!$S7,'Metas DM & DO'!$1:$1,0)+3),"-")} -> - | AE7: {=IFERROR(INDEX('Metas DM & DO'!$A:$AAD,MATCH('Controle Mensal'!$E7,'Metas DM & DO'!$A:$A,0),MATCH('Controle Mensal'!$S7,'Metas DM & DO'!$1:$1,0)+4),"-")} -> - | AF7: =IFERROR(IF(V7<=AD7,"EXCELENTE", IF(V7<=AC7,"BOM", IF(V7<=AE7,"ATENÇÃO",IF(V7>AE7,"CRÍTICO","-")))),"-") -> EXCELENTE

Sheet Metas DM & DO
A1: MÁQUINAS | B1: TIPO DE EQUIPAMENTO | C1: MÉDIA HORAS REAL | D1: PERCENTIL 50 | E1: PERCENTIL 75 | F1: PERCENTIL 90 | G1: TETO DE HORAS | H1: QUANTIDADE DE REGISTROS | I1: STATUS | J1: FATOR | K1: FATOR DESAFIO | L1: FATOR REDUÇÃO | M1: FATOR REDUÇÃO DESAFIO | N1: DISPONIBILIDADE MECÂNICA | O1: META BASE | P1: META DESAFIO | Q1: TETO META | R1: DISPONIBILIDADE OPERACIONAL | S1: META BASE | T1: META DESAFIO | U1: TETO META | V1: HORAS | W1: MÉDIA HORAS PARADAS | X1: META BASE | Y1: META DESAFIO | Z1: TETO META
A2: FELLER BUNCHER 1 | B2: =IFERROR(VLOOKUP(A2,Cadastros!B:D,3,FALSE),"-") -> CORTE | C2: =IFERROR(AVERAGEIFS('Motivos De Parada'!K:K,'Motivos De Parada'!G:G,'Metas DM & DO'!A2),"-") -> 4.8 | D2: {=IFERROR(_xlfn.PERCENTILE.INC(_xlfn._xlws.FILTER('Motivos De Parada'!K:K,('Motivos De Parada'!G:G='Metas DM & DO'!A2)*('Motivos De Parada'!H:H='Metas DM & DO'!B2)),0.5),"-")} -> 3.5 | E2: {=IFERROR(_xlfn.PERCENTILE.INC(_xlfn._xlws.FILTER('Motivos De Parada'!K:K,('Motivos De Parada'!G:G='Metas DM & DO'!A2)*('Motivos De Parada'!H:H='Metas DM & DO'!B2)),0.75),"-")} -> 5 | F2: {=IFERROR(_xlfn.PERCENTILE.INC(_xlfn._xlws.FILTER('Motivos De Parada'!K:K,('Motivos De Parada'!G:G='Metas DM & DO'!A2)*('Motivos De Parada'!H:H='Metas DM & DO'!B2)),0.9),"-")} -> 12 | G2: =IFERROR(_xlfn.MAXIFS('Motivos De Parada'!K:K,'Motivos De Parada'!G:G,'Metas DM & DO'!A2),"-") -> 12 | H2: =IFERROR(COUNTIFS('Motivos De Parada'!G:G,'Metas DM & DO'!A2,'Motivos De Parada'!H:H,'Metas DM & DO'!B2),"-") -> 10 | I2: =IFERROR(IF(C2<D2,"BAIXO",IF(AND(C2>=D2,C2<E2),"MEDIO",IF(AND(C2>=E2,C2<G2),"ALTO","-"))),"-") -> MEDIO | J2: =IFERROR(AVERAGE((D2/C2),(E2/C2)),"-") -> 0.88541667 | K2: =IFERROR(AVERAGE((D2/C2),(E2/C2),(F2/C2)),"-") -> 1.4236111 | L2: =IFERROR(1/J2,"-") -> 1.1294118 | M2: =IFERROR(1/K2,"-") -> 0.70243902 | N2: DISPONIBILIDADE MECÂNICA | O2: {=IFERROR(MIN(1,MAX(0,1-(SUMIFS('Motivos De Parada'!K:K,'Motivos De Parada'!G:G,'Metas DM & DO'!A2,'Motivos De Parada'!H:H,'Metas DM & DO'!B2,'Motivos De Parada'!O:O,'Metas DM & DO'!N2)*L2/(24*COUNTA(_xlfn.UNIQUE(_xlfn._xlws.FILTER('Motivos De Parada'!E:E,('Motivos De Parada'!G:G='Metas DM & DO'!A2)*('Motivos De Parada'!H:H='Metas DM & DO'!B2)))))))),"-")} -> 0.45882353 | P2: {=IFERROR(MIN(1,MAX(0,1-(SUMIFS('Motivos De Parada'!K:K,'Motivos De Parada'!G:G,'Metas DM & DO'!A2,'Motivos De Parada'!H:H,'Metas DM & DO'!B2,'Motivos De Parada'!O:O,'Metas DM & DO'!N2)*M2/(24*COUNTA(_xlfn.UNIQUE(_xlfn._xlws.FILTER('Motivos De Parada'!E:E,('Motivos De Parada'!G:G='Metas DM & DO'!A2)*('Motivos De Parada'!H:H='Metas DM & DO'!B2)))))))),"-")} -> 0.66341463 | Q2: {=IFERROR(MAX(_xlfn._xlws.FILTER(Disponibilidade!J:J,(Disponibilidade!J:J<1)*(Disponibilidade!G:G='Metas DM & DO'!A2)*(Disponibilidade!H:H='Metas DM & DO'!B2)*(ISNUMBER(Disponibilidade!J:J)))),"-")} -> 0.83333333 | R2: DISPONIBILIDADE OPERACIONAL | S2: {=IFERROR(MIN(1,MAX(0,1-(SUMIFS('Motivos De Parada'!K:K,'Motivos De Parada'!G:G,'Metas DM & DO'!A2,'Motivos De Parada'!H:H,'Metas DM & DO'!B2,'Motivos De Parada'!O:O,'Metas DM & DO'!R2)*L2/(24*COUNTA(_xlfn.UNIQUE(_xlfn._xlws.FILTER('Motivos De Parada'!E:E,('Motivos De Parada'!G:G='Metas DM & DO'!A2)*('Motivos De Parada'!H:H='Metas DM & DO'!B2)))))))),"-")} -> 0.74117647 | T2: {=IFERROR(MIN(1,MAX(0,1-(SUMIFS('Motivos De Parada'!K:K,'Motivos De Parada'!G:G,'Metas DM & DO'!A2,'Motivos De Parada'!H:H,'Metas DM & DO'!B2,'Motivos De Parada'!O:O,'Metas DM & DO'!R2)*M2/(24*COUNTA(_xlfn.UNIQUE(_xlfn._xlws.FILTER('Motivos De Parada'!E:E,('Motivos De Parada'!G:G='Metas DM & DO'!A2)*('Motivos De Parada'!H:H='Metas DM & DO'!B2)))))))),"-")} -> 0.83902439 | U2: {=IFERROR(MAX(_xlfn._xlws.FILTER(Disponibilidade!P:P,(Disponibilidade!P:P<1)*(Disponibilidade!G:G='Metas DM & DO'!A2)*(Disponibilidade!H:H='Metas DM & DO'!B2)*(ISNUMBER(Disponibilidade!P:P)))),"-")} -> 0.79166667 | V2: HORAS | W2: {=IFERROR(AVERAGE(_xlfn._xlws.FILTER('Motivos De Parada'!K:K,('Motivos De Parada'!G:G='Metas DM & DO'!A2)*(('Motivos De Parada'!O:O='Metas DM & DO'!N2)+('Motivos De Parada'!O:O='Metas DM & DO'!R2)))),"-")} -> 4.25 | X2: =IFERROR(W2*L2,"-") -> 4.8 | Y2: =IFERROR(W2*M2,"-") -> 2.9853659 | Z2: {=IFERROR(MAX(_xlfn._xlws.FILTER('Motivos De Parada'!K:K,('Motivos De Parada'!G:G='Metas DM & DO'!A2)*(('Motivos De Parada'!O:O='Metas DM & DO'!N2)+('Motivos De Parada'!O:O='Metas DM & DO'!R2)))),"-")} -> 12
A3: FELLER BUNCHER 2 | B3: =IFERROR(VLOOKUP(A3,Cadastros!B:D,3,FALSE),"-") -> CORTE | C3: =IFERROR(AVERAGEIFS('Motivos De Parada'!K:K,'Motivos De Parada'!G:G,'Metas DM & DO'!A3),"-") -> 4.8 | D3: {=IFERROR(_xlfn.PERCENTILE.INC(_xlfn._xlws.FILTER('Motivos De Parada'!K:K,('Motivos De Parada'!G:G='Metas DM & DO'!A3)*('Motivos De Parada'!H:H='Metas DM & DO'!B3)),0.5),"-")} -> 4 | E3: {=IFERROR(_xlfn.PERCENTILE.INC(_xlfn._xlws.FILTER('Motivos De Parada'!K:K,('Motivos De Parada'!G:G='Metas DM & DO'!A3)*('Motivos De Parada'!H:H='Metas DM & DO'!B3)),0.75),"-")} -> 6 | F3: {=IFERROR(_xlfn.PERCENTILE.INC(_xlfn._xlws.FILTER('Motivos De Parada'!K:K,('Motivos De Parada'!G:G='Metas DM & DO'!A3)*('Motivos De Parada'!H:H='Metas DM & DO'!B3)),0.9),"-")} -> 7.8 | G3: =IFERROR(_xlfn.MAXIFS('Motivos De Parada'!K:K,'Motivos De Parada'!G:G,'Metas DM & DO'!A3),"-") -> 9 | H3: =IFERROR(COUNTIFS('Motivos De Parada'!G:G,'Metas DM & DO'!A3,'Motivos De Parada'!H:H,'Metas DM & DO'!B3),"-") -> 5 | I3: =IFERROR(IF(C3<D3,"BAIXO",IF(AND(C3>=D3,C3<E3),"MEDIO",IF(AND(C3>=E3,C3<G3),"ALTO","-"))),"-") -> MEDIO | J3: =IFERROR(AVERAGE((D3/C3),(E3/C3)),"-") -> 1.0416667 | K3: =IFERROR(AVERAGE((D3/C3),(E3/C3),(F3/C3)),"-") -> 1.2361111 | L3: =IFERROR(1/J3,"-") -> 0.96 | M3: =IFERROR(1/K3,"-") -> 0.80898876 | N3: DISPONIBILIDADE MECÂNICA | O3: {=IFERROR(MIN(1,MAX(0,1-(SUMIFS('Motivos De Parada'!K:K,'Motivos De Parada'!G:G,'Metas DM & DO'!A3,'Motivos De Parada'!H:H,'Metas DM & DO'!B3,'Motivos De Parada'!O:O,'Metas DM & DO'!N3)*L3/(24*COUNTA(_xlfn.UNIQUE(_xlfn._xlws.FILTER('Motivos De Parada'!E:E,('Motivos De Parada'!G:G='Metas DM & DO'!A3)*('Motivos De Parada'!H:H='Metas DM & DO'!B3)))))))),"-")} -> 1 | P3: {=IFERROR(MIN(1,MAX(0,1-(SUMIFS('Motivos De Parada'!K:K,'Motivos De Parada'!G:G,'Metas DM & DO'!A3,'Motivos De Parada'!H:H,'Metas DM & DO'!B3,'Motivos De Parada'!O:O,'Metas DM & DO'!N3)*M3/(24*COUNTA(_xlfn.UNIQUE(_xlfn._xlws.FILTER('Motivos De Parada'!E:E,('Motivos De Parada'!G:G='Metas DM & DO'!A3)*('Motivos De Parada'!H:H='Metas DM & DO'!B3)))))))),"-")} -> 1 | Q3: {=IFERROR(MAX(_xlfn._xlws.FILTER(Disponibilidade!J:J,(Disponibilidade!J:J<1)*(Disponibilidade!G:G='Metas DM & DO'!A3)*(Disponibilidade!H:H='Metas DM & DO'!B3)*(ISNUMBER(Disponibilidade!J:J)))),"-")} -> - | R3: DISPONIBILIDADE OPERACIONAL | S3: {=IFERROR(MIN(1,MAX(0,1-(SUMIFS('Motivos De Parada'!K:K,'Motivos De Parada'!G:G,'Metas DM & DO'!A3,'Motivos De Parada'!H:H,'Metas DM & DO'!B3,'Motivos De Parada'!O:O,'Metas DM & DO'!R3)*L3/(24*COUNTA(_xlfn.UNIQUE(_xlfn._xlws.FILTER('Motivos De Parada'!E:E,('Motivos De Parada'!G:G='Metas DM & DO'!A3)*('Motivos De Parada'!H:H='Metas DM & DO'!B3)))))))),"-")} -> 0.12 | T3: {=IFERROR(MIN(1,MAX(0,1-(SUMIFS('Motivos De Parada'!K:K,'Motivos De Parada'!G:G,'Metas DM & DO'!A3,'Motivos De Parada'!H:H,'Metas DM & DO'!B3,'Motivos De Parada'!O:O,'Metas DM & DO'!R3)*M3/(24*COUNTA(_xlfn.UNIQUE(_xlfn._xlws.FILTER('Motivos De Parada'!E:E,('Motivos De Parada'!G:G='Metas DM & DO'!A3)*('Motivos De Parada'!H:H='Metas DM & DO'!B3)))))))),"-")} -> 0.25842697 | U3: {=IFERROR(MAX(_xlfn._xlws.FILTER(Disponibilidade!P:P,(Disponibilidade!P:P<1)*(Disponibilidade!G:G='Metas DM & DO'!A3)*(Disponibilidade!H:H='Metas DM & DO'!B3)*(ISNUMBER(Disponibilidade!P:P)))),"-")} -> 0.58333333 | V3: HORAS | W3: {=IFERROR(AVERAGE(_xlfn._xlws.FILTER('Motivos De Parada'!K:K,('Motivos De Parada'!G:G='Metas DM & DO'!A3)*(('Motivos De Parada'!O:O='Metas DM & DO'!N3)+('Motivos De Parada'!O:O='Metas DM & DO'!R3)))),"-")} -> 5.5 | X3: =IFERROR(W3*L3,"-") -> 5.28 | Y3: =IFERROR(W3*M3,"-") -> 4.4494382 | Z3: {=IFERROR(MAX(_xlfn._xlws.FILTER('Motivos De Parada'!K:K,('Motivos De Parada'!G:G='Metas DM & DO'!A3)*(('Motivos De Parada'!O:O='Metas DM & DO'!N3)+('Motivos De Parada'!O:O='Metas DM & DO'!R3)))),"-")} -> 9
A4: SKIDDER 1 | B4: =IFERROR(VLOOKUP(A4,Cadastros!B:D,3,FALSE),"-") -> ARRASTE | C4: =IFERROR(AVERAGEIFS('Motivos De Parada'!K:K,'Motivos De Parada'!G:G,'Metas DM & DO'!A4),"-") -> - | D4: {=IFERROR(_xlfn.PERCENTILE.INC(_xlfn._xlws.FILTER('Motivos De Parada'!K:K,('Motivos De Parada'!G:G='Metas DM & DO'!A4)*('Motivos De Parada'!H:H='Metas DM & DO'!B4)),0.5),"-")} -> - | E4: {=IFERROR(_xlfn.PERCENTILE.INC(_xlfn._xlws.FILTER('Motivos De Parada'!K:K,('Motivos De Parada'!G:G='Metas DM & DO'!A4)*('Motivos De Parada'!H:H='Metas DM & DO'!B4)),0.75),"-")} -> - | F4: {=IFERROR(_xlfn.PERCENTILE.INC(_xlfn._xlws.FILTER('Motivos De Parada'!K:K,('Motivos De Parada'!G:G='Metas DM & DO'!A4)*('Motivos De Parada'!H:H='Metas DM & DO'!B4)),0.9),"-")} -> - | G4: =IFERROR(_xlfn.MAXIFS('Motivos De Parada'!K:K,'Motivos De Parada'!G:G,'Metas DM & DO'!A4),"-") -> 0 | H4: =IFERROR(COUNTIFS('Motivos De Parada'!G:G,'Metas DM & DO'!A4,'Motivos De Parada'!H:H,'Metas DM & DO'!B4),"-") -> 0 | I4: =IFERROR(IF(C4<D4,"BAIXO",IF(AND(C4>=D4,C4<E4),"MEDIO",IF(AND(C4>=E4,C4<G4),"ALTO","-"))),"-") -> - | J4: =IFERROR(AVERAGE((D4/C4),(E4/C4)),"-") -> - | K4: =IFERROR(AVERAGE((D4/C4),(E4/C4),(F4/C4)),"-") -> - | L4: =IFERROR(1/J4,"-") -> - | M4: =IFERROR(1/K4,"-") -> - | N4: DISPONIBILIDADE MECÂNICA | O4: {=IFERROR(MIN(1,MAX(0,1-(SUMIFS('Motivos De Parada'!K:K,'Motivos De Parada'!G:G,'Metas DM & DO'!A4,'Motivos De Parada'!H:H,'Metas DM & DO'!B4,'Motivos De Parada'!O:O,'Metas DM & DO'!N4)*L4/(24*COUNTA(_xlfn.UNIQUE(_xlfn._xlws.FILTER('Motivos De Parada'!E:E,('Motivos De Parada'!G:G='Metas DM & DO'!A4)*('Motivos De Parada'!H:H='Metas DM & DO'!B4)))))))),"-")} -> - | P4: {=IFERROR(MIN(1,MAX(0,1-(SUMIFS('Motivos De Parada'!K:K,'Motivos De Parada'!G:G,'Metas DM & DO'!A4,'Motivos De Parada'!H:H,'Metas DM & DO'!B4,'Motivos De Parada'!O:O,'Metas DM & DO'!N4)*M4/(24*COUNTA(_xlfn.UNIQUE(_xlfn._xlws.FILTER('Motivos De Parada'!E:E,('Motivos De Parada'!G:G='Metas DM & DO'!A4)*('Motivos De Parada'!H:H='Metas DM & DO'!B4)))))))),"-")} -> - | Q4: {=IFERROR(MAX(_xlfn._xlws.FILTER(Disponibilidade!J:J,(Disponibilidade!J:J<1)*(Disponibilidade!G:G='Metas DM & DO'!A4)*(Disponibilidade!H:H='Metas DM & DO'!B4)*(ISNUMBER(Disponibilidade!J:J)))),"-")} -> - | R4: DISPONIBILIDADE OPERACIONAL | S4: {=IFERROR(MIN(1,MAX(0,1-(SUMIFS('Motivos De Parada'!K:K,'Motivos De Parada'!G:G,'Metas DM & DO'!A4,'Motivos De Parada'!H:H,'Metas DM & DO'!B4,'Motivos De Parada'!O:O,'Metas DM & DO'!R4)*L4/(24*COUNTA(_xlfn.UNIQUE(_xlfn._xlws.FILTER('Motivos De Parada'!E:E,('Motivos De Parada'!G:G='Metas DM & DO'!A4)*('Motivos De Parada'!H:H='Metas DM & DO'!B4)))))))),"-")} -> - | T4: {=IFERROR(MIN(1,MAX(0,1-(SUMIFS('Motivos De Parada'!K:K,'Motivos De Parada'!G:G,'Metas DM & DO'!A4,'Motivos De Parada'!H:H,'Metas DM & DO'!B4,'Motivos De Parada'!O:O,'Metas DM & DO'!R4)*M4/(24*COUNTA(_xlfn.UNIQUE(_xlfn._xlws.FILTER('Motivos De Parada'!E:E,('Motivos De Parada'!G:G='Metas DM & DO'!A4)*('Motivos De Parada'!H:H='Metas DM & DO'!B4)))))))),"-")} -> - | U4: {=IFERROR(MAX(_xlfn._xlws.FILTER(Disponibilidade!P:P,(Disponibilidade!P:P<1)*(Disponibilidade!G:G='Metas DM & DO'!A4)*(Disponibilidade!H:H='Metas DM & DO'!B4)*(ISNUMBER(Disponibilidade!P:P)))),"-")} -> - | V4: HORAS | W4: {=IFERROR(AVERAGE(_xlfn._xlws.FILTER('Motivos De Parada'!K:K,('Motivos De Parada'!G:G='Metas DM & DO'!A4)*(('Motivos De Parada'!O:O='Metas DM & DO'!N4)+('Motivos De Parada'!O:O='Metas DM & DO'!R4)))),"-")} -> - | X4: =IFERROR(W4*L4,"-") -> - | Y4: =IFERROR(W4*M4,"-") -> - | Z4: {=IFERROR(MAX(_xlfn._xlws.FILTER('Motivos De Parada'!K:K,('Motivos De Parada'!G:G='Metas DM & DO'!A4)*(('Motivos De Parada'!O:O='Metas DM & DO'!N4)+('Motivos De Parada'!O:O='Metas DM & DO'!R4)))),"-")} -> -
A5: SKIDDER 2 | B5: =IFERROR(VLOOKUP(A5,Cadastros!B:D,3,FALSE),"-") -> ARRASTE | C5: =IFERROR(AVERAGEIFS('Motivos De Parada'!K:K,'Motivos De Parada'!G:G,'Metas DM & DO'!A5),"-") -> 12 | D5: {=IFERROR(_xlfn.PERCENTILE.INC(_xlfn._xlws.FILTER('Motivos De Parada'!K:K,('Motivos De Parada'!G:G='Metas DM & DO'!A5)*('Motivos De Parada'!H:H='Metas DM & DO'!B5)),0.5),"-")} -> 12 | E5: {=IFERROR(_xlfn.PERCENTILE.INC(_xlfn._xlws.FILTER('Motivos De Parada'!K:K,('Motivos De Parada'!G:G='Metas DM & DO'!A5)*('Motivos De Parada'!H:H='Metas DM & DO'!B5)),0.75),"-")} -> 12 | F5: {=IFERROR(_xlfn.PERCENTILE.INC(_xlfn._xlws.FILTER('Motivos De Parada'!K:K,('Motivos De Parada'!G:G='Metas DM & DO'!A5)*('Motivos De Parada'!H:H='Metas DM & DO'!B5)),0.9),"-")} -> 12 | G5: =IFERROR(_xlfn.MAXIFS('Motivos De Parada'!K:K,'Motivos De Parada'!G:G,'Metas DM & DO'!A5),"-") -> 12 | H5: =IFERROR(COUNTIFS('Motivos De Parada'!G:G,'Metas DM & DO'!A5,'Motivos De Parada'!H:H,'Metas DM & DO'!B5),"-") -> 4 | I5: =IFERROR(IF(C5<D5,"BAIXO",IF(AND(C5>=D5,C5<E5),"MEDIO",IF(AND(C5>=E5,C5<G5),"ALTO","-"))),"-") -> - | J5: =IFERROR(AVERAGE((D5/C5),(E5/C5)),"-") -> 1 | K5: =IFERROR(AVERAGE((D5/C5),(E5/C5),(F5/C5)),"-") -> 1 | L5: =IFERROR(1/J5,"-") -> 1 | M5: =IFERROR(1/K5,"-") -> 1 | N5: DISPONIBILIDADE MECÂNICA | O5: {=IFERROR(MIN(1,MAX(0,1-(SUMIFS('Motivos De Parada'!K:K,'Motivos De Parada'!G:G,'Metas DM & DO'!A5,'Motivos De Parada'!H:H,'Metas DM & DO'!B5,'Motivos De Parada'!O:O,'Metas DM & DO'!N5)*L5/(24*COUNTA(_xlfn.UNIQUE(_xlfn._xlws.FILTER('Motivos De Parada'!E:E,('Motivos De Parada'!G:G='Metas DM & DO'!A5)*('Motivos De Parada'!H:H='Metas DM & DO'!B5)))))))),"-")} -> 0.5 | P5: {=IFERROR(MIN(1,MAX(0,1-(SUMIFS('Motivos De Parada'!K:K,'Motivos De Parada'!G:G,'Metas DM & DO'!A5,'Motivos De Parada'!H:H,'Metas DM & DO'!B5,'Motivos De Parada'!O:O,'Metas DM & DO'!N5)*M5/(24*COUNTA(_xlfn.UNIQUE(_xlfn._xlws.FILTER('Motivos De Parada'!E:E,('Motivos De Parada'!G:G='Metas DM & DO'!A5)*('Motivos De Parada'!H:H='Metas DM & DO'!B5)))))))),"-")} -> 0.5 | Q5: {=IFERROR(MAX(_xlfn._xlws.FILTER(Disponibilidade!J:J,(Disponibilidade!J:J<1)*(Disponibilidade!G:G='Metas DM & DO'!A5)*(Disponibilidade!H:H='Metas DM & DO'!B5)*(ISNUMBER(Disponibilidade!J:J)))),"-")} -> 0.5 | R5: DISPONIBILIDADE OPERACIONAL | S5: {=IFERROR(MIN(1,MAX(0,1-(SUMIFS('Motivos De Parada'!K:K,'Motivos De Parada'!G:G,'Metas DM & DO'!A5,'Motivos De Parada'!H:H,'Metas DM & DO'!B5,'Motivos De Parada'!O:O,'Metas DM & DO'!R5)*L5/(24*COUNTA(_xlfn.UNIQUE(_xlfn._xlws.FILTER('Motivos De Parada'!E:E,('Motivos De Parada'!G:G='Metas DM & DO'!A5)*('Motivos De Parada'!H:H='Metas DM & DO'!B5)))))))),"-")} -> 0.5 | T5: {=IFERROR(MIN(1,MAX(0,1-(SUMIFS('Motivos De Parada'!K:K,'Motivos De Parada'!G:G,'Metas DM & DO'!A5,'Motivos De Parada'!H:H,'Metas DM & DO'!B5,'Motivos De Parada'!O:O,'Metas DM & DO'!R5)*M5/(24*COUNTA(_xlfn.UNIQUE(_xlfn._xlws.FILTER('Motivos De Parada'!E:E,('Motivos De Parada'!G:G='Metas DM & DO'!A5)*('Motivos De Parada'!H:H='Metas DM & DO'!B5)))))))),"-")} -> 0.5 | U5: {=IFERROR(MAX(_xlfn._xlws.FILTER(Disponibilidade!P:P,(Disponibilidade!P:P<1)*(Disponibilidade!G:G='Metas DM & DO'!A5)*(Disponibilidade!H:H='Metas DM & DO'!B5)*(ISNUMBER(Disponibilidade!P:P)))),"-")} -> 0.5 | V5: HORAS | W5: {=IFERROR(AVERAGE(_xlfn._xlws.FILTER('Motivos De Parada'!K:K,('Motivos De Parada'!G:G='Metas DM & DO'!A5)*(('Motivos De Parada'!O:O='Metas DM & DO'!N5)+('Motivos De Parada'!O:O='Metas DM & DO'!R5)))),"-")} -> 12 | X5: =IFERROR(W5*L5,"-") -> 12 | Y5: =IFERROR(W5*M5,"-") -> 12 | Z5: {=IFERROR(MAX(_xlfn._xlws.FILTER('Motivos De Parada'!K:K,('Motivos De Parada'!G:G='Metas DM & DO'!A5)*(('Motivos De Parada'!O:O='Metas DM & DO'!N5)+('Motivos De Parada'!O:O='Metas DM & DO'!R5)))),"-")} -> 12
A6: GARRA TRAÇADORA 1 | B6: =IFERROR(VLOOKUP(A6,Cadastros!B:D,3,FALSE),"-") -> TRAÇAMENTO | C6: =IFERROR(AVERAGEIFS('Motivos De Parada'!K:K,'Motivos De Parada'!G:G,'Metas DM & DO'!A6),"-") -> 2.4 | D6: {=IFERROR(_xlfn.PERCENTILE.INC(_xlfn._xlws.FILTER('Motivos De Parada'!K:K,('Motivos De Parada'!G:G='Metas DM & DO'!A6)*('Motivos De Parada'!H:H='Metas DM & DO'!B6)),0.5),"-")} -> 2.5 | E6: {=IFERROR(_xlfn.PERCENTILE.INC(_xlfn._xlws.FILTER('Motivos De Parada'!K:K,('Motivos De Parada'!G:G='Metas DM & DO'!A6)*('Motivos De Parada'!H:H='Metas DM & DO'!B6)),0.75),"-")} -> 2.9375 | F6: {=IFERROR(_xlfn.PERCENTILE.INC(_xlfn._xlws.FILTER('Motivos De Parada'!K:K,('Motivos De Parada'!G:G='Metas DM & DO'!A6)*('Motivos De Parada'!H:H='Metas DM & DO'!B6)),0.9),"-")} -> 3.55 | G6: =IFERROR(_xlfn.MAXIFS('Motivos De Parada'!K:K,'Motivos De Parada'!G:G,'Metas DM & DO'!A6),"-") -> 4 | H6: =IFERROR(COUNTIFS('Motivos De Parada'!G:G,'Metas DM & DO'!A6,'Motivos De Parada'!H:H,'Metas DM & DO'!B6),"-") -> 10 | I6: =IFERROR(IF(C6<D6,"BAIXO",IF(AND(C6>=D6,C6<E6),"MEDIO",IF(AND(C6>=E6,C6<G6),"ALTO","-"))),"-") -> BAIXO | J6: =IFERROR(AVERAGE((D6/C6),(E6/C6)),"-") -> 1.1328125 | K6: =IFERROR(AVERAGE((D6/C6),(E6/C6),(F6/C6)),"-") -> 1.2482639 | L6: =IFERROR(1/J6,"-") -> 0.88275862 | M6: =IFERROR(1/K6,"-") -> 0.80111266 | N6: DISPONIBILIDADE MECÂNICA | O6: {=IFERROR(MIN(1,MAX(0,1-(SUMIFS('Motivos De Parada'!K:K,'Motivos De Parada'!G:G,'Metas DM & DO'!A6,'Motivos De Parada'!H:H,'Metas DM & DO'!B6,'Motivos De Parada'!O:O,'Metas DM & DO'!N6)*L6/(24*COUNTA(_xlfn.UNIQUE(_xlfn._xlws.FILTER('Motivos De Parada'!E:E,('Motivos De Parada'!G:G='Metas DM & DO'!A6)*('Motivos De Parada'!H:H='Metas DM & DO'!B6)))))))),"-")} -> 0.91724138 | P6: {=IFERROR(MIN(1,MAX(0,1-(SUMIFS('Motivos De Parada'!K:K,'Motivos De Parada'!G:G,'Metas DM & DO'!A6,'Motivos De Parada'!H:H,'Metas DM & DO'!B6,'Motivos De Parada'!O:O,'Metas DM & DO'!N6)*M6/(24*COUNTA(_xlfn.UNIQUE(_xlfn._xlws.FILTER('Motivos De Parada'!E:E,('Motivos De Parada'!G:G='Metas DM & DO'!A6)*('Motivos De Parada'!H:H='Metas DM & DO'!B6)))))))),"-")} -> 0.92489569 | Q6: {=IFERROR(MAX(_xlfn._xlws.FILTER(Disponibilidade!J:J,(Disponibilidade!J:J<1)*(Disponibilidade!G:G='Metas DM & DO'!A6)*(Disponibilidade!H:H='Metas DM & DO'!B6)*(ISNUMBER(Disponibilidade!J:J)))),"-")} -> 0.90625 | R6: DISPONIBILIDADE OPERACIONAL | S6: {=IFERROR(MIN(1,MAX(0,1-(SUMIFS('Motivos De Parada'!K:K,'Motivos De Parada'!G:G,'Metas DM & DO'!A6,'Motivos De Parada'!H:H,'Metas DM & DO'!B6,'Motivos De Parada'!O:O,'Metas DM & DO'!R6)*L6/(24*COUNTA(_xlfn.UNIQUE(_xlfn._xlws.FILTER('Motivos De Parada'!E:E,('Motivos De Parada'!G:G='Metas DM & DO'!A6)*('Motivos De Parada'!H:H='Metas DM & DO'!B6)))))))),"-")} -> 0.43601533 | T6: {=IFERROR(MIN(1,MAX(0,1-(SUMIFS('Motivos De Parada'!K:K,'Motivos De Parada'!G:G,'Metas DM & DO'!A6,'Motivos De Parada'!H:H,'Metas DM & DO'!B6,'Motivos De Parada'!O:O,'Metas DM & DO'!R6)*M6/(24*COUNTA(_xlfn.UNIQUE(_xlfn._xlws.FILTER('Motivos De Parada'!E:E,('Motivos De Parada'!G:G='Metas DM & DO'!A6)*('Motivos De Parada'!H:H='Metas DM & DO'!B6)))))))),"-")} -> 0.48817803 | U6: {=IFERROR(MAX(_xlfn._xlws.FILTER(Disponibilidade!P:P,(Disponibilidade!P:P<1)*(Disponibilidade!G:G='Metas DM & DO'!A6)*(Disponibilidade!H:H='Metas DM & DO'!B6)*(ISNUMBER(Disponibilidade!P:P)))),"-")} -> 0.71875 | V6: HORAS | W6: {=IFERROR(AVERAGE(_xlfn._xlws.FILTER('Motivos De Parada'!K:K,('Motivos De Parada'!G:G='Metas DM & DO'!A6)*(('Motivos De Parada'!O:O='Metas DM & DO'!N6)+('Motivos De Parada'!O:O='Metas DM & DO'!R6)))),"-")} -> 2.5119048 | X6: =IFERROR(W6*L6,"-") -> 2.2174056 | Y6: =IFERROR(W6*M6,"-") -> 2.0123187 | Z6: {=IFERROR(MAX(_xlfn._xlws.FILTER('Motivos De Parada'!K:K,('Motivos De Parada'!G:G='Metas DM & DO'!A6)*(('Motivos De Parada'!O:O='Metas DM & DO'!N6)+('Motivos De Parada'!O:O='Metas DM & DO'!R6)))),"-")} -> 4
A7: GARRA TRAÇADORA 2 | B7: =IFERROR(VLOOKUP(A7,Cadastros!B:D,3,FALSE),"-") -> TRAÇAMENTO | C7: =IFERROR(AVERAGEIFS('Motivos De Parada'!K:K,'Motivos De Parada'!G:G,'Metas DM & DO'!A7),"-") -> - | D7: {=IFERROR(_xlfn.PERCENTILE.INC(_xlfn._xlws.FILTER('Motivos De Parada'!K:K,('Motivos De Parada'!G:G='Metas DM & DO'!A7)*('Motivos De Parada'!H:H='Metas DM & DO'!B7)),0.5),"-")} -> - | E7: {=IFERROR(_xlfn.PERCENTILE.INC(_xlfn._xlws.FILTER('Motivos De Parada'!K:K,('Motivos De Parada'!G:G='Metas DM & DO'!A7)*('Motivos De Parada'!H:H='Metas DM & DO'!B7)),0.75),"-")} -> - | F7: {=IFERROR(_xlfn.PERCENTILE.INC(_xlfn._xlws.FILTER('Motivos De Parada'!K:K,('Motivos De Parada'!G:G='Metas DM & DO'!A7)*('Motivos De Parada'!H:H='Metas DM & DO'!B7)),0.9),"-")} -> - | G7: =IFERROR(_xlfn.MAXIFS('Motivos De Parada'!K:K,'Motivos De Parada'!G:G,'Metas DM & DO'!A7),"-") -> 0 | H7: =IFERROR(COUNTIFS('Motivos De Parada'!G:G,'Metas DM & DO'!A7,'Motivos De Parada'!H:H,'Metas DM & DO'!B7),"-") -> 0 | I7: =IFERROR(IF(C7<D7,"BAIXO",IF(AND(C7>=D7,C7<E7),"MEDIO",IF(AND(C7>=E7,C7<G7),"ALTO","-"))),"-") -> - | J7: =IFERROR(AVERAGE((D7/C7),(E7/C7)),"-") -> - | K7: =IFERROR(AVERAGE((D7/C7),(E7/C7),(F7/C7)),"-") -> - | L7: =IFERROR(1/J7,"-") -> - | M7: =IFERROR(1/K7,"-") -> - | N7: DISPONIBILIDADE MECÂNICA | O7: {=IFERROR(MIN(1,MAX(0,1-(SUMIFS('Motivos De Parada'!K:K,'Motivos De Parada'!G:G,'Metas DM & DO'!A7,'Motivos De Parada'!H:H,'Metas DM & DO'!B7,'Motivos De Parada'!O:O,'Metas DM & DO'!N7)*L7/(24*COUNTA(_xlfn.UNIQUE(_xlfn._xlws.FILTER('Motivos De Parada'!E:E,('Motivos De Parada'!G:G='Metas DM & DO'!A7)*('Motivos De Parada'!H:H='Metas DM & DO'!B7)))))))),"-")} -> - | P7: {=IFERROR(MIN(1,MAX(0,1-(SUMIFS('Motivos De Parada'!K:K,'Motivos De Parada'!G:G,'Metas DM & DO'!A7,'Motivos De Parada'!H:H,'Metas DM & DO'!B7,'Motivos De Parada'!O:O,'Metas DM & DO'!N7)*M7/(24*COUNTA(_xlfn.UNIQUE(_xlfn._xlws.FILTER('Motivos De Parada'!E:E,('Motivos De Parada'!G:G='Metas DM & DO'!A7)*('Motivos De Parada'!H:H='Metas DM & DO'!B7)))))))),"-")} -> - | Q7: {=IFERROR(MAX(_xlfn._xlws.FILTER(Disponibilidade!J:J,(Disponibilidade!J:J<1)*(Disponibilidade!G:G='Metas DM & DO'!A7)*(Disponibilidade!H:H='Metas DM & DO'!B7)*(ISNUMBER(Disponibilidade!J:J)))),"-")} -> - | R7: DISPONIBILIDADE OPERACIONAL | S7: {=IFERROR(MIN(1,MAX(0,1-(SUMIFS('Motivos De Parada'!K:K,'Motivos De Parada'!G:G,'Metas DM & DO'!A7,'Motivos De Parada'!H:H,'Metas DM & DO'!B7,'Motivos De Parada'!O:O,'Metas DM & DO'!R7)*L7/(24*COUNTA(_xlfn.UNIQUE(_xlfn._xlws.FILTER('Motivos De Parada'!E:E,('Motivos De Parada'!G:G='Metas DM & DO'!A7)*('Motivos De Parada'!H:H='Metas DM & DO'!B7)))))))),"-")} -> - | T7: {=IFERROR(MIN(1,MAX(0,1-(SUMIFS('Motivos De Parada'!K:K,'Motivos De Parada'!G:G,'Metas DM & DO'!A7,'Motivos De Parada'!H:H,'Metas DM & DO'!B7,'Motivos De Parada'!O:O,'Metas DM & DO'!R7)*M7/(24*COUNTA(_xlfn.UNIQUE(_xlfn._xlws.FILTER('Motivos De Parada'!E:E,('Motivos De Parada'!G:G='Metas DM & DO'!A7)*('Motivos De Parada'!H:H='Metas DM & DO'!B7)))))))),"-")} -> - | U7: {=IFERROR(MAX(_xlfn._xlws.FILTER(Disponibilidade!P:P,(Disponibilidade!P:P<1)*(Disponibilidade!G:G='Metas DM & DO'!A7)*(Disponibilidade!H:H='Metas DM & DO'!B7)*(ISNUMBER(Disponibilidade!P:P)))),"-")} -> - | V7: HORAS | W7: {=IFERROR(AVERAGE(_xlfn._xlws.FILTER('Motivos De Parada'!K:K,('Motivos De Parada'!G:G='Metas DM & DO'!A7)*(('Motivos De Parada'!O:O='Metas DM & DO'!N7)+('Motivos De Parada'!O:O='Metas DM & DO'!R7)))),"-")} -> - | X7: =IFERROR(W7*L7,"-") -> - | Y7: =IFERROR(W7*M7,"-") -> - | Z7: {=IFERROR(MAX(_xlfn._xlws.FILTER('Motivos De Parada'!K:K,('Motivos De Parada'!G:G='Metas DM & DO'!A7)*(('Motivos De Parada'!O:O='Metas DM & DO'!N7)+('Motivos De Parada'!O:O='Metas DM & DO'!R7)))),"-")} -> -

Sheet Justificativas
A1: CÓDIGO | B1: DETALHAMENTO | C1: DESCRIÇÃO | D1: P/INDISPONIBILIDADE | E1: DESCONSIDERAR? | G1: DESCONSIDERAR: | H1: DETALHAMENTO
A2: 1 | B2: OPERAÇÃO | C2: EM OPERAÇÃO | D2: OPERAÇÃO | E2: NÃO | G2: 1 | H2: CATAÇÃO
A3: 2 | B3: DETALHE 2 | C3: DESCRIÇÃO 1 | D3: OPERAÇÃO | E3: SIM | G3: 2 | H3: DETALHE 2
A4: 3 | B4: DETALHE 3 | C4: DESCRIÇÃO 2 | D4: NÃO É INDISPONIBILIDADE | E4: SIM | G4: 3 | H4: DETALHE 3
A5: 4 | B5: DETALHE 4 | C5: DESCRIÇÃO 3 | D5: DISPONIBILIDADE OPERACIONAL | E5: NÃO | G5: 4 | H5: DETALHE 4
A6: 5 | B6: DETALHE 5 | C6: DESCRIÇÃO 4 | D6: DISPONIBILIDADE OPERACIONAL | E6: NÃO | G6: 5 | H6: DETALHE 5
A7: 6 | B7: DETALHE 6 | C7: DESCRIÇÃO 5 | D7: DISPONIBILIDADE OPERACIONAL | E7: NÃO | G7: 6 | H7: DETALHE 6
A8: 7 | B8: DETALHE 7 | C8: DESCRIÇÃO 6 | D8: DISPONIBILIDADE OPERACIONAL | E8: NÃO | G8: 7 | H8: DETALHE 7
A9: 8 | B9: DETALHE 8 | C9: DESCRIÇÃO 7 | D9: DISPONIBILIDADE OPERACIONAL | E9: NÃO | G9: 8 | H9: DETALHE 8
A10: 9 | B10: DETALHE 9 | C10: DESCRIÇÃO 8 | D10: DISPONIBILIDADE OPERACIONAL | E10: NÃO | G10: 9 | H10: DETALHE 9
A11: 10 | B11: DETALHE 10 | C11: DESCRIÇÃO 9 | D11: DISPONIBILIDADE OPERACIONAL | E11: NÃO | G11: 10 | H11: DETALHE 10
A12: 11 | B12: DETALHE 11 | C12: DESCRIÇÃO 10 | D12: DISPONIBILIDADE OPERACIONAL | E12: NÃO | G12: 11 | H12: DETALHE 11
A13: 12 | B13: DETALHE 12 | C13: DESCRIÇÃO 11 | D13: DISPONIBILIDADE OPERACIONAL | E13: NÃO | G13: 12 | H13: DETALHE 12
A14: 13 | B14: DETALHE 13 | C14: DESCRIÇÃO 12 | D14: DISPONIBILIDADE MECÂNICA | E14: NÃO
A15: 14 | B15: DETALHE 14 | C15: DESCRIÇÃO 13 | D15: DISPONIBILIDADE MECÂNICA | E15: NÃO
A16: 15 | B16: DETALHE 15 | C16: DESCRIÇÃO 14 | D16: DISPONIBILIDADE MECÂNICA | E16: NÃO
A17: 16 | B17: DETALHE 16 | C17: DESCRIÇÃO 15 | D17: DISPONIBILIDADE MECÂNICA | E17: NÃO
A18: 17 | B18: DETALHE 17 | C18: DESCRIÇÃO 16 | D18: DISPONIBILIDADE MECÂNICA | E18: NÃO
A19: 18 | B19: DETALHE 18 | C19: DESCRIÇÃO 17 | D19: DISPONIBILIDADE MECÂNICA | E19: NÃO
A20: 19 | B20: DETALHE 19 | C20: DESCRIÇÃO 18 | D20: DISPONIBILIDADE MECÂNICA | E20: NÃO
A21: 20 | B21: DETALHE 20 | C21: DESCRIÇÃO 19 | D21: DISPONIBILIDADE MECÂNICA | E21: NÃO

Sheet Cadastros
A1: EQUIPAMENTO DIGITADO | B1: EQUIPAMENTO | C1: CONTRATO | D1: TIPO
A2: FELLER1 | B2: FELLER BUNCHER 1 | C2: - | D2: CORTE
A3: FELLER2 | B3: FELLER BUNCHER 2 | C3: - | D3: CORTE
A4: SKIDDER1 | B4: SKIDDER 1 | C4: - | D4: ARRASTE
A5: SKIDDER2 | B5: SKIDDER 2 | C5: - | D5: ARRASTE
A6: GARRA1 | B6: GARRA TRAÇADORA 1 | C6: - | D6: TRAÇAMENTO
A7: GARRA2 | B7: GARRA TRAÇADORA 2 | C7: - | D7: TRAÇAMENTO
