Workbook

Sheet Dados
A1: ANO | B1: MÊS | C1: CONTRATO | D1: EQUIPAMENTO / OPERAÇÃO | E1: DATA INICIO MÊS | F1: DATA FINAL MÊS | G1: DIAS PROGRAMADOS | H1: DATA ATUAL | I1: DIAS DESCONSIDERADOS | J1: DIAS CONTADOS | K1: META MENSAL | L1: META SECUNDÁRIA | M1: REALIZADO | N1: RITMO DO MÊS | O1: DIFERENÇA % | P1: META DIÁRIA | Q1: REALIZADO DIÁRIO | R1: STATUS PRODUÇÃO | S1: MÉDIA VMI | T1: RENDIMENTO | U1: HORAS RODADAS | V1: HORAS TRABALHADAS | W1: META HORAS BASE | X1: META HORAS BASE MENSAL | Y1: QUANTIDADE DE OPERADORES | Z1: META DIARIA OPERADOR | AA1: META MENSAL OPERADOR | AB1: VOLUME MÉDIO POR OPERADOR | AC1: STATUS VOLUME MÉDIO POR OPERADOR | AD1: META DE HORAS TRABALHADAS POR OPERADOR | AE1: STATUS HORAS TRABALHADAS POR OPERADOR | AF1: CONSUMO | AG1: HORAS ABASTECIMENTO | AH1: META BASE CONSUMO | AI1: META MÉDIA CONSUMO | AJ1: MÉDIA CONSUMO MÁQUINA | AK1: STATUS MÉDIA CONSUMO | AL1: META D.M | AM1: MÉDIA D.M | AN1: STATUS D.M | AO1: META D.O | AP1: MÉDIA D.O | AQ1: STATUS D.O | AR1: LTS / M³ | AS1: M³ / HORA | AT1: HORÍMETRO INICIAL | AU1: HORÍMETRO FINAL | AV1: HORAS RODADAS HORÍMETRO
A2: =IFERROR(YEAR(H2),"-") -> 2026 | B2: =IFERROR(DATE(YEAR(H2),MONTH(H2),MONTH(H2)),"-") -> 46023 | C2: {=IFERROR(IF(COUNTA(_xlfn.UNIQUE(_xlfn._xlws.FILTER('BDT''s'!C:C,('BDT''s'!K:K=Dados!D2)*('BDT''s'!I:I>=Dados!E2)*('BDT''s'!I:I<=Dados!F2))))=1,INDEX(_xlfn.UNIQUE(_xlfn._xlws.FILTER('BDT''s'!C:C,('BDT''s'!K:K=Dados!D2)*('BDT''s'!I:I>=Dados!E2)*('BDT''s'!I:I<=Dados!F2))),1),#N/A),"-")} -> CONTRATO 1 | D2: FELLER BUNCHER 1 | E2: 46023 | F2: 46053 | G2: =IFERROR(F2-E2-I2+1,"-") -> 31 | H2: 46047 | J2: =IFERROR(H2-E2-I2+1,"-") -> 25 | K2: {=IFERROR(IF(COUNTIF(Cadastros!B:B,D2)>0,INDEX('Metas Mensais'!A:ZZ,MATCH(Dados!D2,'Metas Mensais'!A:A,0),MATCH(Dados!B2,'Metas Mensais'!1:1,0)+1),SUMIFS(K:K,C:C,C2,D:D,IF(D2="CORTE","FEL*",IF(D2="ARRASTE","SKD*",IF(D2="TRAÇAMENTO","GAR*",""))),B:B,B2,A:A,A2)),"-")} -> 8803.4267 | L2: 0 | M2: =IFERROR(IF(COUNTIF(Cadastros!B:B,D2)>0,SUMIFS('BDT''s'!V:V,'BDT''s'!K:K,Dados!D2,'BDT''s'!C:C,Dados!C2,'BDT''s'!B:B,Dados!B2,'BDT''s'!A:A,Dados!A2),SUMIFS('BDT''s'!V:V,'BDT''s'!L:L,Dados!D2,'BDT''s'!C:C,Dados!C2,'BDT''s'!B:B,Dados!B2,'BDT''s'!A:A,Dados!A2)),"-") -> 2930 | N2: =IFERROR(M2/J2*G2,0) -> 3633.2 | O2: =IFERROR(IF(L2>0,N2/L2-1,N2/K2-1),0) -> -0.58729707 | P2: =IFERROR(IF(L2>0,L2/G2,K2/G2),"-") -> 283.98151 | Q2: =IFERROR(M2/J2,"-") -> 117.2 | R2: =IFERROR(IF(Q2>P2,"ALTO","BAIXO"),"-") -> BAIXO | S2: =IFERROR(IF(COUNTIF(Cadastros!B:B,D2)>0,ROUND(AVERAGEIFS('BDT''s'!E:E,'BDT''s'!K:K,Dados!D2,'BDT''s'!C:C,Dados!C2,'BDT''s'!B:B,Dados!B2,'BDT''s'!A:A,Dados!A2),2),ROUND(AVERAGEIFS('BDT''s'!E:E,'BDT''s'!L:L,Dados!D2,'BDT''s'!C:C,Dados!C2,'BDT''s'!B:B,Dados!B2,'BDT''s'!A:A,Dados!A2),2)),"-") -> 0.15 | T2: =IFERROR(M2/V2,"-") -> - | U2: =IFERROR(IF(COUNTIF(Cadastros!B:B,D2)>0,SUMIFS(Disponibilidade!Z:Z,Disponibilidade!E:E,Dados!D2,Disponibilidade!B:B,Dados!B2,Disponibilidade!A:A,Dados!A2),SUMIFS(Disponibilidade!Z:Z,Disponibilidade!F:F,Dados!D2,Disponibilidade!B:B,Dados!B2,Disponibilidade!A:A,Dados!A2)),"-") -> 0 | V2: =IFERROR(IF(COUNTIF(Cadastros!B:B,D2)>0,SUMIFS(Disponibilidade!AB:AB,Disponibilidade!E:E,Dados!D2,Disponibilidade!B:B,Dados!B2,Disponibilidade!A:A,Dados!A2),SUMIFS(Disponibilidade!AB:AB,Disponibilidade!F:F,Dados!D2,Disponibilidade!B:B,Dados!B2,Disponibilidade!A:A,Dados!A2)),"-") -> 0 | W2: =IFERROR(IF(COUNTIF(Cadastros!B:B,D2)>0,INDEX('Metas DM & DO'!X:X,MATCH(Dados!D2,'Metas DM & DO'!A:A,0)),SUMIFS(W:W,C:C,C2,D:D,IF(D2="CORTE","FEL*",IF(D2="ARRASTE","SKD*",IF(D2="TRAÇAMENTO","GAR*",""))),B:B,B2,A:A,A2)),"-") -> 4,8 | X2: =IFERROR(W2*G2,"-") -> 148.8 | Y2: {=IFERROR(IF(COUNTIF(Cadastros!B:B,D2)>0,COUNTA(_xlfn.UNIQUE(_xlfn._xlws.FILTER('BDT''s'!N:N,('BDT''s'!C:C=Dados!C2)*('BDT''s'!K:K=Dados!D2)*('BDT''s'!B:B=Dados!B2)*('BDT''s'!N:N<>"SEM OPERADOR")))),COUNTA(_xlfn.UNIQUE(_xlfn._xlws.FILTER('BDT''s'!N:N,('BDT''s'!C:C=Dados!C2)*('BDT''s'!L:L=Dados!D2)*('BDT''s'!B:B=Dados!B2)*('BDT''s'!N:N<>"SEM OPERADOR"))))),"-")} -> 2 | Z2: =IFERROR(P2/2,"-") -> 141.99075 | AA2: =IFERROR(Z2*J2,"-") -> 3549.7688 | AB2: =IFERROR(K2/Y2,"-") -> 4401.7133 | AC2: =IFERROR(IF(AB2>AA2,"ALTO","BAIXO"),"-") -> ALTO | AD2: =IFERROR(X2/Y2,0) -> 74.4 | AE2: =IFERROR(IF(AD2>V2,"ALTO","BAIXO"),"-") -> ALTO | AF2: =IFERROR(IF(COUNTIF(Cadastros!B:B,D2)>0,SUMIFS(Diesel!J:J,Diesel!F:F,Dados!D2,Diesel!D:D,Dados!C2,Diesel!B:B,Dados!B2,Diesel!A:A,Dados!A2),SUMIFS(Diesel!J:J,Diesel!G:G,Dados!D2,Diesel!D:D,Dados!C2,Diesel!B:B,Dados!B2,Diesel!A:A,Dados!A2)),"-") -> 210 | AG2: =IFERROR(IF(COUNTIF(Cadastros!B:B,D2)>0,SUMIFS(Diesel!K:K,Diesel!F:F,Dados!D2,Diesel!D:D,Dados!C2,Diesel!B:B,Dados!B2,Diesel!A:A,Dados!A2),SUMIFS(Diesel!K:K,Diesel!G:G,Dados!D2,Diesel!D:D,Dados!C2,Diesel!B:B,Dados!B2,Diesel!A:A,Dados!A2)),"-") -> 18 | AH2: =IFERROR(IF(COUNTIF(Cadastros!B:B,D2)>0,ROUND(INDEX('Metas Diesel'!N:N,MATCH(Dados!D2,'Metas Diesel'!A:A))*COUNTIFS(Diesel!F:F,Dados!D2,Diesel!B:B,Dados!B2,Diesel!D:D,Dados!C2),3),SUMIFS(AH:AH,C:C,C2,D:D,IF(D2="CORTE","FEL*",IF(D2="ARRASTE","SKD*",IF(D2="TRAÇAMENTO","GAR*",""))),B:B,B2,A:A,A2)),"-") -> 471.333 | AI2: =IFERROR(AH2/AG2,"-") -> 26.185167 | AJ2: =IFERROR(AF2/AG2,0) -> 11.666667 | AK2: =IF(AJ2<0,"-",IF(AJ2<AI2,"BOA","RUIM")) -> BOA | AL2: =IFERROR(IF(COUNTIF(Cadastros!B:B,D2)>0,INDEX('Metas DM & DO'!O:O,MATCH(Dados!D2,'Metas DM & DO'!A:A,0)),AVERAGEIFS(W:W,C:C,C2,D:D,IF(D2="CORTE","FEL*",IF(D2="ARRASTE","SKD*",IF(D2="TRAÇAMENTO","GAR*",""))),B:B,B2,A:A,A2)),"-") -> 0,45882352941176474 | AM2: =IFERROR(IF(COUNTIF(Cadastros!B:B,D2)>0,AVERAGEIFS('Controle Mensal'!H:H,'Controle Mensal'!E:E,Dados!D2,'Controle Mensal'!B:B,Dados!B2,'Controle Mensal'!A:A,Dados!A2),AVERAGEIFS('Controle Mensal'!H:H,'Controle Mensal'!F:F,Dados!D2,'Controle Mensal'!B:B,Dados!B2,'Controle Mensal'!A:A,Dados!A2)),"-") -> 1 | AN2: =IF(AM2<0,"-",IF(AM2<AL2,"BOA","RUIM")) -> BOA | AO2: =IFERROR(IF(COUNTIF(Cadastros!B:B,D2)>0,INDEX('Metas DM & DO'!S:S,MATCH(Dados!D2,'Metas DM & DO'!A:A,0)),AVERAGEIFS(W:W,C:C,C2,D:D,IF(D2="CORTE","FEL*",IF(D2="ARRASTE","SKD*",IF(D2="TRAÇAMENTO","GAR*",""))),B:B,B2,A:A,A2)),"-") -> 0,74117647058823533 | AP2: =IFERROR(IF(COUNTIF(Cadastros!B:B,D2)>0,AVERAGEIFS('Controle Mensal'!N:N,'Controle Mensal'!E:E,Dados!D2,'Controle Mensal'!B:B,Dados!B2,'Controle Mensal'!A:A,Dados!A2),AVERAGEIFS('Controle Mensal'!N:N,'Controle Mensal'!F:F,Dados!D2,'Controle Mensal'!B:B,Dados!B2,'Controle Mensal'!A:A,Dados!A2)),"-") -> 1 | AQ2: =IF(AP2<0,"-",IF(AP2<AO2,"BOA","RUIM")) -> BOA | AR2: =IFERROR(AF2/M2,0) -> 0.071672355 | AS2: =IFERROR(M2/U2,"-") -> - | AT2: =IFERROR(IF(COUNTIF(Cadastros!B:B,D2)>0,_xlfn.MINIFS('BDT''s'!Q:Q,'BDT''s'!K:K,Dados!D2,'BDT''s'!B:B,Dados!B2,'BDT''s'!C:C,Dados!C2,'BDT''s'!A:A,Dados!A2),"-"),"-") -> 1000 | AU2: =IFERROR(IF(COUNTIF(Cadastros!B:B,D2)>0,_xlfn.MAXIFS('BDT''s'!Q:Q,'BDT''s'!K:K,Dados!D2,'BDT''s'!B:B,Dados!B2,'BDT''s'!C:C,Dados!C2,'BDT''s'!A:A,Dados!A2),"-"),"-") -> 1026 | AV2: =IFERROR(AU2-AT2,"-") -> 26
A3: =IFERROR(YEAR(H3),"-") -> 2026 | B3: =IFERROR(DATE(YEAR(H3),MONTH(H3),MONTH(H3)),"-") -> 46023 | C3: {=IFERROR(IF(COUNTA(_xlfn.UNIQUE(_xlfn._xlws.FILTER('BDT''s'!C:C,('BDT''s'!K:K=Dados!D3)*('BDT''s'!I:I>=Dados!E3)*('BDT''s'!I:I<=Dados!F3))))=1,INDEX(_xlfn.UNIQUE(_xlfn._xlws.FILTER('BDT''s'!C:C,('BDT''s'!K:K=Dados!D3)*('BDT''s'!I:I>=Dados!E3)*('BDT''s'!I:I<=Dados!F3))),1),#N/A),"-")} -> CONTRATO 1 | D3: FELLER BUNCHER 2 | E3: 46023 | F3: 46053 | G3: =IFERROR(F3-E3-I3+1,"-") -> 31 | H3: 46047 | J3: =IFERROR(H3-E3-I3+1,"-") -> 25 | K3: {=IFERROR(IF(COUNTIF(Cadastros!B:B,D3)>0,INDEX('Metas Mensais'!A:ZZ,MATCH(Dados!D3,'Metas Mensais'!A:A,0),MATCH(Dados!B3,'Metas Mensais'!2:2,0)+1),SUMIFS(K:K,C:C,C3,D:D,IF(D3="CORTE","FEL*",IF(D3="ARRASTE","SKD*",IF(D3="TRAÇAMENTO","GAR*",""))),B:B,B3,A:A,A3)),"-")} -> 12309.444 | L3: 0 | M3: =IFERROR(IF(COUNTIF(Cadastros!B:B,D3)>0,SUMIFS('BDT''s'!V:V,'BDT''s'!K:K,Dados!D3,'BDT''s'!C:C,Dados!C3,'BDT''s'!B:B,Dados!B3,'BDT''s'!A:A,Dados!A3),SUMIFS('BDT''s'!V:V,'BDT''s'!L:L,Dados!D3,'BDT''s'!C:C,Dados!C3,'BDT''s'!B:B,Dados!B3,'BDT''s'!A:A,Dados!A3)),"-") -> 4900 | N3: =IFERROR(M3/J3*G3,0) -> 6076 | O3: =IFERROR(IF(L3>0,N3/L3-1,N3/K3-1),0) -> -0.50639526 | P3: =IFERROR(IF(L3>0,L3/G3,K3/G3),"-") -> 397.07885 | Q3: =IFERROR(M3/J3,"-") -> 196 | R3: =IFERROR(IF(Q3>P3,"ALTO","BAIXO"),"-") -> BAIXO | S3: =IFERROR(IF(COUNTIF(Cadastros!B:B,D3)>0,ROUND(AVERAGEIFS('BDT''s'!E:E,'BDT''s'!K:K,Dados!D3,'BDT''s'!C:C,Dados!C3,'BDT''s'!B:B,Dados!B3,'BDT''s'!A:A,Dados!A3),2),ROUND(AVERAGEIFS('BDT''s'!E:E,'BDT''s'!L:L,Dados!D3,'BDT''s'!C:C,Dados!C3,'BDT''s'!B:B,Dados!B3,'BDT''s'!A:A,Dados!A3),2)),"-") -> 0.16 | T3: =IFERROR(M3/V3,"-") -> - | U3: =IFERROR(IF(COUNTIF(Cadastros!B:B,D3)>0,SUMIFS(Disponibilidade!Z:Z,Disponibilidade!E:E,Dados!D3,Disponibilidade!B:B,Dados!B3,Disponibilidade!A:A,Dados!A3),SUMIFS(Disponibilidade!Z:Z,Disponibilidade!F:F,Dados!D3,Disponibilidade!B:B,Dados!B3,Disponibilidade!A:A,Dados!A3)),"-") -> 0 | V3: =IFERROR(IF(COUNTIF(Cadastros!B:B,D3)>0,SUMIFS(Disponibilidade!AB:AB,Disponibilidade!E:E,Dados!D3,Disponibilidade!B:B,Dados!B3,Disponibilidade!A:A,Dados!A3),SUMIFS(Disponibilidade!AB:AB,Disponibilidade!F:F,Dados!D3,Disponibilidade!B:B,Dados!B3,Disponibilidade!A:A,Dados!A3)),"-") -> 0 | W3: =IFERROR(IF(COUNTIF(Cadastros!B:B,D3)>0,INDEX('Metas DM & DO'!X:X,MATCH(Dados!D3,'Metas DM & DO'!A:A,0)),SUMIFS(W:W,C:C,C3,D:D,IF(D3="CORTE","FEL*",IF(D3="ARRASTE","SKD*",IF(D3="TRAÇAMENTO","GAR*",""))),B:B,B3,A:A,A3)),"-") -> 5,2800000000000011 | X3: =IFERROR(W3*G3,"-") -> 163.68 | Y3: {=IFERROR(IF(COUNTIF(Cadastros!B:B,D3)>0,COUNTA(_xlfn.UNIQUE(_xlfn._xlws.FILTER('BDT''s'!N:N,('BDT''s'!C:C=Dados!C3)*('BDT''s'!K:K=Dados!D3)*('BDT''s'!B:B=Dados!B3)*('BDT''s'!N:N<>"SEM OPERADOR")))),COUNTA(_xlfn.UNIQUE(_xlfn._xlws.FILTER('BDT''s'!N:N,('BDT''s'!C:C=Dados!C3)*('BDT''s'!L:L=Dados!D3)*('BDT''s'!B:B=Dados!B3)*('BDT''s'!N:N<>"SEM OPERADOR"))))),"-")} -> 2 | Z3: =IFERROR(P3/2,"-") -> 198.53942 | AA3: =IFERROR(Z3*J3,"-") -> 4963.4856 | AB3: =IFERROR(K3/Y3,"-") -> 6154.7221 | AC3: =IFERROR(IF(AB3>AA3,"ALTO","BAIXO"),"-") -> ALTO | AD3: =IFERROR(X3/Y3,0) -> 81.84 | AE3: =IFERROR(IF(AD3>V3,"ALTO","BAIXO"),"-") -> ALTO | AF3: =IFERROR(IF(COUNTIF(Cadastros!B:B,D3)>0,SUMIFS(Diesel!J:J,Diesel!F:F,Dados!D3,Diesel!D:D,Dados!C3,Diesel!B:B,Dados!B3,Diesel!A:A,Dados!A3),SUMIFS(Diesel!J:J,Diesel!G:G,Dados!D3,Diesel!D:D,Dados!C3,Diesel!B:B,Dados!B3,Diesel!A:A,Dados!A3)),"-") -> 510 | AG3: =IFERROR(IF(COUNTIF(Cadastros!B:B,D3)>0,SUMIFS(Diesel!K:K,Diesel!F:F,Dados!D3,Diesel!D:D,Dados!C3,Diesel!B:B,Dados!B3,Diesel!A:A,Dados!A3),SUMIFS(Diesel!K:K,Diesel!G:G,Dados!D3,Diesel!D:D,Dados!C3,Diesel!B:B,Dados!B3,Diesel!A:A,Dados!A3)),"-") -> 25 | AH3: =IFERROR(IF(COUNTIF(Cadastros!B:B,D3)>0,ROUND(INDEX('Metas Diesel'!N:N,MATCH(Dados!D3,'Metas Diesel'!A:A))*COUNTIFS(Diesel!F:F,Dados!D3,Diesel!B:B,Dados!B3,Diesel!D:D,Dados!C3),3),SUMIFS(AH:AH,C:C,C3,D:D,IF(D3="CORTE","FEL*",IF(D3="ARRASTE","SKD*",IF(D3="TRAÇAMENTO","GAR*",""))),B:B,B3,A:A,A3)),"-") -> 645.5 | AI3: =IFERROR(AH3/AG3,"-") -> 25.82 | AJ3: =IFERROR(AF3/AG3,0) -> 20.4 | AK3: =IF(AJ3<0,"-",IF(AJ3<AI3,"BOA","RUIM")) -> BOA | AL3: =IFERROR(IF(COUNTIF(Cadastros!B:B,D3)>0,INDEX('Metas DM & DO'!O:O,MATCH(Dados!D3,'Metas DM & DO'!A:A,0)),AVERAGEIFS(W:W,C:C,C3,D:D,IF(D3="CORTE","FEL*",IF(D3="ARRASTE","SKD*",IF(D3="TRAÇAMENTO","GAR*",""))),B:B,B3,A:A,A3)),"-") -> 1 | AM3: =IFERROR(IF(COUNTIF(Cadastros!B:B,D3)>0,AVERAGEIFS('Controle Mensal'!H:H,'Controle Mensal'!E:E,Dados!D3,'Controle Mensal'!B:B,Dados!B3,'Controle Mensal'!A:A,Dados!A3),AVERAGEIFS('Controle Mensal'!H:H,'Controle Mensal'!F:F,Dados!D3,'Controle Mensal'!B:B,Dados!B3,'Controle Mensal'!A:A,Dados!A3)),"-") -> 1 | AN3: =IF(AM3<0,"-",IF(AM3<AL3,"BOA","RUIM")) -> BOA | AO3: =IFERROR(IF(COUNTIF(Cadastros!B:B,D3)>0,INDEX('Metas DM & DO'!S:S,MATCH(Dados!D3,'Metas DM & DO'!A:A,0)),AVERAGEIFS(W:W,C:C,C3,D:D,IF(D3="CORTE","FEL*",IF(D3="ARRASTE","SKD*",IF(D3="TRAÇAMENTO","GAR*",""))),B:B,B3,A:A,A3)),"-") -> 0,11999999999999977 | AP3: =IFERROR(IF(COUNTIF(Cadastros!B:B,D3)>0,AVERAGEIFS('Controle Mensal'!N:N,'Controle Mensal'!E:E,Dados!D3,'Controle Mensal'!B:B,Dados!B3,'Controle Mensal'!A:A,Dados!A3),AVERAGEIFS('Controle Mensal'!N:N,'Controle Mensal'!F:F,Dados!D3,'Controle Mensal'!B:B,Dados!B3,'Controle Mensal'!A:A,Dados!A3)),"-") -> 1 | AQ3: =IF(AP3<0,"-",IF(AP3<AO3,"BOA","RUIM")) -> BOA | AR3: =IFERROR(AF3/M3,0) -> 0.10408163 | AS3: =IFERROR(M3/U3,"-") -> - | AT3: =IFERROR(IF(COUNTIF(Cadastros!B:B,D3)>0,_xlfn.MINIFS('BDT''s'!Q:Q,'BDT''s'!K:K,Dados!D3,'BDT''s'!B:B,Dados!B3,'BDT''s'!C:C,Dados!C3,'BDT''s'!A:A,Dados!A3),"-"),"-") -> 2000 | AU3: =IFERROR(IF(COUNTIF(Cadastros!B:B,D3)>0,_xlfn.MAXIFS('BDT''s'!Q:Q,'BDT''s'!K:K,Dados!D3,'BDT''s'!B:B,Dados!B3,'BDT''s'!C:C,Dados!C3,'BDT''s'!A:A,Dados!A3),"-"),"-") -> 2030 | AV3: =IFERROR(AU3-AT3,"-") -> 30
A4: =IFERROR(YEAR(H4),"-") -> 2026 | B4: =IFERROR(DATE(YEAR(H4),MONTH(H4),MONTH(H4)),"-") -> 46023 | C4: {=IFERROR(IF(COUNTA(_xlfn.UNIQUE(_xlfn._xlws.FILTER('BDT''s'!C:C,('BDT''s'!K:K=Dados!D4)*('BDT''s'!I:I>=Dados!E4)*('BDT''s'!I:I<=Dados!F4))))=1,INDEX(_xlfn.UNIQUE(_xlfn._xlws.FILTER('BDT''s'!C:C,('BDT''s'!K:K=Dados!D4)*('BDT''s'!I:I>=Dados!E4)*('BDT''s'!I:I<=Dados!F4))),1),#N/A),"-")} -> CONTRATO 1 | D4: SKIDDER 1 | E4: 46023 | F4: 46053 | G4: =IFERROR(F4-E4-I4+1,"-") -> 31 | H4: 46047 | J4: =IFERROR(H4-E4-I4+1,"-") -> 25 | K4: {=IFERROR(IF(COUNTIF(Cadastros!B:B,D4)>0,INDEX('Metas Mensais'!A:ZZ,MATCH(Dados!D4,'Metas Mensais'!A:A,0),MATCH(Dados!B4,'Metas Mensais'!3:3,0)+1),SUMIFS(K:K,C:C,C4,D:D,IF(D4="CORTE","FEL*",IF(D4="ARRASTE","SKD*",IF(D4="TRAÇAMENTO","GAR*",""))),B:B,B4,A:A,A4)),"-")} -> 14071.429 | L4: 0 | M4: =IFERROR(IF(COUNTIF(Cadastros!B:B,D4)>0,SUMIFS('BDT''s'!V:V,'BDT''s'!K:K,Dados!D4,'BDT''s'!C:C,Dados!C4,'BDT''s'!B:B,Dados!B4,'BDT''s'!A:A,Dados!A4),SUMIFS('BDT''s'!V:V,'BDT''s'!L:L,Dados!D4,'BDT''s'!C:C,Dados!C4,'BDT''s'!B:B,Dados!B4,'BDT''s'!A:A,Dados!A4)),"-") -> 2510 | N4: =IFERROR(M4/J4*G4,0) -> 3112.4 | O4: =IFERROR(IF(L4>0,N4/L4-1,N4/K4-1),0) -> -0.77881421 | P4: =IFERROR(IF(L4>0,L4/G4,K4/G4),"-") -> 453.91705 | Q4: =IFERROR(M4/J4,"-") -> 100.4 | R4: =IFERROR(IF(Q4>P4,"ALTO","BAIXO"),"-") -> BAIXO | S4: =IFERROR(IF(COUNTIF(Cadastros!B:B,D4)>0,ROUND(AVERAGEIFS('BDT''s'!E:E,'BDT''s'!K:K,Dados!D4,'BDT''s'!C:C,Dados!C4,'BDT''s'!B:B,Dados!B4,'BDT''s'!A:A,Dados!A4),2),ROUND(AVERAGEIFS('BDT''s'!E:E,'BDT''s'!L:L,Dados!D4,'BDT''s'!C:C,Dados!C4,'BDT''s'!B:B,Dados!B4,'BDT''s'!A:A,Dados!A4),2)),"-") -> 0.15 | T4: =IFERROR(M4/V4,"-") -> - | U4: =IFERROR(IF(COUNTIF(Cadastros!B:B,D4)>0,SUMIFS(Disponibilidade!Z:Z,Disponibilidade!E:E,Dados!D4,Disponibilidade!B:B,Dados!B4,Disponibilidade!A:A,Dados!A4),SUMIFS(Disponibilidade!Z:Z,Disponibilidade!F:F,Dados!D4,Disponibilidade!B:B,Dados!B4,Disponibilidade!A:A,Dados!A4)),"-") -> 0 | V4: =IFERROR(IF(COUNTIF(Cadastros!B:B,D4)>0,SUMIFS(Disponibilidade!AB:AB,Disponibilidade!E:E,Dados!D4,Disponibilidade!B:B,Dados!B4,Disponibilidade!A:A,Dados!A4),SUMIFS(Disponibilidade!AB:AB,Disponibilidade!F:F,Dados!D4,Disponibilidade!B:B,Dados!B4,Disponibilidade!A:A,Dados!A4)),"-") -> 0 | W4: =IFERROR(IF(COUNTIF(Cadastros!B:B,D4)>0,INDEX('Metas DM & DO'!X:X,MATCH(Dados!D4,'Metas DM & DO'!A:A,0)),SUMIFS(W:W,C:C,C4,D:D,IF(D4="CORTE","FEL*",IF(D4="ARRASTE","SKD*",IF(D4="TRAÇAMENTO","GAR*",""))),B:B,B4,A:A,A4)),"-") -> - | X4: =IFERROR(W4*G4,"-") -> - | Y4: {=IFERROR(IF(COUNTIF(Cadastros!B:B,D4)>0,COUNTA(_xlfn.UNIQUE(_xlfn._xlws.FILTER('BDT''s'!N:N,('BDT''s'!C:C=Dados!C4)*('BDT''s'!K:K=Dados!D4)*('BDT''s'!B:B=Dados!B4)*('BDT''s'!N:N<>"SEM OPERADOR")))),COUNTA(_xlfn.UNIQUE(_xlfn._xlws.FILTER('BDT''s'!N:N,('BDT''s'!C:C=Dados!C4)*('BDT''s'!L:L=Dados!D4)*('BDT''s'!B:B=Dados!B4)*('BDT''s'!N:N<>"SEM OPERADOR"))))),"-")} -> 2 | Z4: =IFERROR(P4/2,"-") -> 226.95853 | AA4: =IFERROR(Z4*J4,"-") -> 5673.9631 | AB4: =IFERROR(K4/Y4,"-") -> 7035.7143 | AC4: =IFERROR(IF(AB4>AA4,"ALTO","BAIXO"),"-") -> ALTO | AD4: =IFERROR(X4/Y4,0) -> 0 | AE4: =IFERROR(IF(AD4>V4,"ALTO","BAIXO"),"-") -> BAIXO | AF4: =IFERROR(IF(COUNTIF(Cadastros!B:B,D4)>0,SUMIFS(Diesel!J:J,Diesel!F:F,Dados!D4,Diesel!D:D,Dados!C4,Diesel!B:B,Dados!B4,Diesel!A:A,Dados!A4),SUMIFS(Diesel!J:J,Diesel!G:G,Dados!D4,Diesel!D:D,Dados!C4,Diesel!B:B,Dados!B4,Diesel!A:A,Dados!A4)),"-") -> 370 | AG4: =IFERROR(IF(COUNTIF(Cadastros!B:B,D4)>0,SUMIFS(Diesel!K:K,Diesel!F:F,Dados!D4,Diesel!D:D,Dados!C4,Diesel!B:B,Dados!B4,Diesel!A:A,Dados!A4),SUMIFS(Diesel!K:K,Diesel!G:G,Dados!D4,Diesel!D:D,Dados!C4,Diesel!B:B,Dados!B4,Diesel!A:A,Dados!A4)),"-") -> 15 | AH4: =IFERROR(IF(COUNTIF(Cadastros!B:B,D4)>0,ROUND(INDEX('Metas Diesel'!N:N,MATCH(Dados!D4,'Metas Diesel'!A:A))*COUNTIFS(Diesel!F:F,Dados!D4,Diesel!B:B,Dados!B4,Diesel!D:D,Dados!C4),3),SUMIFS(AH:AH,C:C,C4,D:D,IF(D4="CORTE","FEL*",IF(D4="ARRASTE","SKD*",IF(D4="TRAÇAMENTO","GAR*",""))),B:B,B4,A:A,A4)),"-") -> 426.333 | AI4: =IFERROR(AH4/AG4,"-") -> 28.4222 | AJ4: =IFERROR(AF4/AG4,0) -> 24.666667 | AK4: =IF(AJ4<0,"-",IF(AJ4<AI4,"BOA","RUIM")) -> BOA | AL4: =IFERROR(IF(COUNTIF(Cadastros!B:B,D4)>0,INDEX('Metas DM & DO'!O:O,MATCH(Dados!D4,'Metas DM & DO'!A:A,0)),AVERAGEIFS(W:W,C:C,C4,D:D,IF(D4="CORTE","FEL*",IF(D4="ARRASTE","SKD*",IF(D4="TRAÇAMENTO","GAR*",""))),B:B,B4,A:A,A4)),"-") -> - | AM4: =IFERROR(IF(COUNTIF(Cadastros!B:B,D4)>0,AVERAGEIFS('Controle Mensal'!H:H,'Controle Mensal'!E:E,Dados!D4,'Controle Mensal'!B:B,Dados!B4,'Controle Mensal'!A:A,Dados!A4),AVERAGEIFS('Controle Mensal'!H:H,'Controle Mensal'!F:F,Dados!D4,'Controle Mensal'!B:B,Dados!B4,'Controle Mensal'!A:A,Dados!A4)),"-") -> 1 | AN4: =IF(AM4<0,"-",IF(AM4<AL4,"BOA","RUIM")) -> BOA | AO4: =IFERROR(IF(COUNTIF(Cadastros!B:B,D4)>0,INDEX('Metas DM & DO'!S:S,MATCH(Dados!D4,'Metas DM & DO'!A:A,0)),AVERAGEIFS(W:W,C:C,C4,D:D,IF(D4="CORTE","FEL*",IF(D4="ARRASTE","SKD*",IF(D4="TRAÇAMENTO","GAR*",""))),B:B,B4,A:A,A4)),"-") -> - | AP4: =IFERROR(IF(COUNTIF(Cadastros!B:B,D4)>0,AVERAGEIFS('Controle Mensal'!N:N,'Controle Mensal'!E:E,Dados!D4,'Controle Mensal'!B:B,Dados!B4,'Controle Mensal'!A:A,Dados!A4),AVERAGEIFS('Controle Mensal'!N:N,'Controle Mensal'!F:F,Dados!D4,'Controle Mensal'!B:B,Dados!B4,'Controle Mensal'!A:A,Dados!A4)),"-") -> 1 | AQ4: =IF(AP4<0,"-",IF(AP4<AO4,"BOA","RUIM")) -> BOA | AR4: =IFERROR(AF4/M4,0) -> 0.14741036 | AS4: =IFERROR(M4/U4,"-") -> - | AT4: =IFERROR(IF(COUNTIF(Cadastros!B:B,D4)>0,_xlfn.MINIFS('BDT''s'!Q:Q,'BDT''s'!K:K,Dados!D4,'BDT''s'!B:B,Dados!B4,'BDT''s'!C:C,Dados!C4,'BDT''s'!A:A,Dados!A4),"-"),"-") -> 1200 | AU4: =IFERROR(IF(COUNTIF(Cadastros!B:B,D4)>0,_xlfn.MAXIFS('BDT''s'!Q:Q,'BDT''s'!K:K,Dados!D4,'BDT''s'!B:B,Dados!B4,'BDT''s'!C:C,Dados!C4,'BDT''s'!A:A,Dados!A4),"-"),"-") -> 1219 | AV4: =IFERROR(AU4-AT4,"-") -> 19
A5: =IFERROR(YEAR(H5),"-") -> 2026 | B5: =IFERROR(DATE(YEAR(H5),MONTH(H5),MONTH(H5)),"-") -> 46023 | C5: {=IFERROR(IF(COUNTA(_xlfn.UNIQUE(_xlfn._xlws.FILTER('BDT''s'!C:C,('BDT''s'!K:K=Dados!D5)*('BDT''s'!I:I>=Dados!E5)*('BDT''s'!I:I<=Dados!F5))))=1,INDEX(_xlfn.UNIQUE(_xlfn._xlws.FILTER('BDT''s'!C:C,('BDT''s'!K:K=Dados!D5)*('BDT''s'!I:I>=Dados!E5)*('BDT''s'!I:I<=Dados!F5))),1),#N/A),"-")} -> CONTRATO 1 | D5: SKIDDER 2 | E5: 46023 | F5: 46053 | G5: =IFERROR(F5-E5-I5+1,"-") -> 31 | H5: 46047 | J5: =IFERROR(H5-E5-I5+1,"-") -> 25 | K5: {=IFERROR(IF(COUNTIF(Cadastros!B:B,D5)>0,INDEX('Metas Mensais'!A:ZZ,MATCH(Dados!D5,'Metas Mensais'!A:A,0),MATCH(Dados!B5,'Metas Mensais'!4:4,0)+1),SUMIFS(K:K,C:C,C5,D:D,IF(D5="CORTE","FEL*",IF(D5="ARRASTE","SKD*",IF(D5="TRAÇAMENTO","GAR*",""))),B:B,B5,A:A,A5)),"-")} -> 9069.4444 | L5: 0 | M5: =IFERROR(IF(COUNTIF(Cadastros!B:B,D5)>0,SUMIFS('BDT''s'!V:V,'BDT''s'!K:K,Dados!D5,'BDT''s'!C:C,Dados!C5,'BDT''s'!B:B,Dados!B5,'BDT''s'!A:A,Dados!A5),SUMIFS('BDT''s'!V:V,'BDT''s'!L:L,Dados!D5,'BDT''s'!C:C,Dados!C5,'BDT''s'!B:B,Dados!B5,'BDT''s'!A:A,Dados!A5)),"-") -> 3020 | N5: =IFERROR(M5/J5*G5,0) -> 3744.8 | O5: =IFERROR(IF(L5>0,N5/L5-1,N5/K5-1),0) -> -0.58709709 | P5: =IFERROR(IF(L5>0,L5/G5,K5/G5),"-") -> 292.56272 | Q5: =IFERROR(M5/J5,"-") -> 120.8 | R5: =IFERROR(IF(Q5>P5,"ALTO","BAIXO"),"-") -> BAIXO | S5: =IFERROR(IF(COUNTIF(Cadastros!B:B,D5)>0,ROUND(AVERAGEIFS('BDT''s'!E:E,'BDT''s'!K:K,Dados!D5,'BDT''s'!C:C,Dados!C5,'BDT''s'!B:B,Dados!B5,'BDT''s'!A:A,Dados!A5),2),ROUND(AVERAGEIFS('BDT''s'!E:E,'BDT''s'!L:L,Dados!D5,'BDT''s'!C:C,Dados!C5,'BDT''s'!B:B,Dados!B5,'BDT''s'!A:A,Dados!A5),2)),"-") -> 0.16 | T5: =IFERROR(M5/V5,"-") -> - | U5: =IFERROR(IF(COUNTIF(Cadastros!B:B,D5)>0,SUMIFS(Disponibilidade!Z:Z,Disponibilidade!E:E,Dados!D5,Disponibilidade!B:B,Dados!B5,Disponibilidade!A:A,Dados!A5),SUMIFS(Disponibilidade!Z:Z,Disponibilidade!F:F,Dados!D5,Disponibilidade!B:B,Dados!B5,Disponibilidade!A:A,Dados!A5)),"-") -> 0 | V5: =IFERROR(IF(COUNTIF(Cadastros!B:B,D5)>0,SUMIFS(Disponibilidade!AB:AB,Disponibilidade!E:E,Dados!D5,Disponibilidade!B:B,Dados!B5,Disponibilidade!A:A,Dados!A5),SUMIFS(Disponibilidade!AB:AB,Disponibilidade!F:F,Dados!D5,Disponibilidade!B:B,Dados!B5,Disponibilidade!A:A,Dados!A5)),"-") -> 0 | W5: =IFERROR(IF(COUNTIF(Cadastros!B:B,D5)>0,INDEX('Metas DM & DO'!X:X,MATCH(Dados!D5,'Metas DM & DO'!A:A,0)),SUMIFS(W:W,C:C,C5,D:D,IF(D5="CORTE","FEL*",IF(D5="ARRASTE","SKD*",IF(D5="TRAÇAMENTO","GAR*",""))),B:B,B5,A:A,A5)),"-") -> 12 | X5: =IFERROR(W5*G5,"-") -> 372 | Y5: {=IFERROR(IF(COUNTIF(Cadastros!B:B,D5)>0,COUNTA(_xlfn.UNIQUE(_xlfn._xlws.FILTER('BDT''s'!N:N,('BDT''s'!C:C=Dados!C5)*('BDT''s'!K:K=Dados!D5)*('BDT''s'!B:B=Dados!B5)*('BDT''s'!N:N<>"SEM OPERADOR")))),COUNTA(_xlfn.UNIQUE(_xlfn._xlws.FILTER('BDT''s'!N:N,('BDT''s'!C:C=Dados!C5)*('BDT''s'!L:L=Dados!D5)*('BDT''s'!B:B=Dados!B5)*('BDT''s'!N:N<>"SEM OPERADOR"))))),"-")} -> 2 | Z5: =IFERROR(P5/2,"-") -> 146.28136 | AA5: =IFERROR(Z5*J5,"-") -> 3657.0341 | AB5: =IFERROR(K5/Y5,"-") -> 4534.7222 | AC5: =IFERROR(IF(AB5>AA5,"ALTO","BAIXO"),"-") -> ALTO | AD5: =IFERROR(X5/Y5,0) -> 186 | AE5: =IFERROR(IF(AD5>V5,"ALTO","BAIXO"),"-") -> ALTO | AF5: =IFERROR(IF(COUNTIF(Cadastros!B:B,D5)>0,SUMIFS(Diesel!J:J,Diesel!F:F,Dados!D5,Diesel!D:D,Dados!C5,Diesel!B:B,Dados!B5,Diesel!A:A,Dados!A5),SUMIFS(Diesel!J:J,Diesel!G:G,Dados!D5,Diesel!D:D,Dados!C5,Diesel!B:B,Dados!B5,Diesel!A:A,Dados!A5)),"-") -> 630 | AG5: =IFERROR(IF(COUNTIF(Cadastros!B:B,D5)>0,SUMIFS(Diesel!K:K,Diesel!F:F,Dados!D5,Diesel!D:D,Dados!C5,Diesel!B:B,Dados!B5,Diesel!A:A,Dados!A5),SUMIFS(Diesel!K:K,Diesel!G:G,Dados!D5,Diesel!D:D,Dados!C5,Diesel!B:B,Dados!B5,Diesel!A:A,Dados!A5)),"-") -> 15 | AH5: =IFERROR(IF(COUNTIF(Cadastros!B:B,D5)>0,ROUND(INDEX('Metas Diesel'!N:N,MATCH(Dados!D5,'Metas Diesel'!A:A))*COUNTIFS(Diesel!F:F,Dados!D5,Diesel!B:B,Dados!B5,Diesel!D:D,Dados!C5),3),SUMIFS(AH:AH,C:C,C5,D:D,IF(D5="CORTE","FEL*",IF(D5="ARRASTE","SKD*",IF(D5="TRAÇAMENTO","GAR*",""))),B:B,B5,A:A,A5)),"-") -> 1106 | AI5: =IFERROR(AH5/AG5,"-") -> 73.733333 | AJ5: =IFERROR(AF5/AG5,0) -> 42 | AK5: =IF(AJ5<0,"-",IF(AJ5<AI5,"BOA","RUIM")) -> BOA | AL5: =IFERROR(IF(COUNTIF(Cadastros!B:B,D5)>0,INDEX('Metas DM & DO'!O:O,MATCH(Dados!D5,'Metas DM & DO'!A:A,0)),AVERAGEIFS(W:W,C:C,C5,D:D,IF(D5="CORTE","FEL*",IF(D5="ARRASTE","SKD*",IF(D5="TRAÇAMENTO","GAR*",""))),B:B,B5,A:A,A5)),"-") -> 0,5 | AM5: =IFERROR(IF(COUNTIF(Cadastros!B:B,D5)>0,AVERAGEIFS('Controle Mensal'!H:H,'Controle Mensal'!E:E,Dados!D5,'Controle Mensal'!B:B,Dados!B5,'Controle Mensal'!A:A,Dados!A5),AVERAGEIFS('Controle Mensal'!H:H,'Controle Mensal'!F:F,Dados!D5,'Controle Mensal'!B:B,Dados!B5,'Controle Mensal'!A:A,Dados!A5)),"-") -> 1 | AN5: =IF(AM5<0,"-",IF(AM5<AL5,"BOA","RUIM")) -> BOA | AO5: =IFERROR(IF(COUNTIF(Cadastros!B:B,D5)>0,INDEX('Metas DM & DO'!S:S,MATCH(Dados!D5,'Metas DM & DO'!A:A,0)),AVERAGEIFS(W:W,C:C,C5,D:D,IF(D5="CORTE","FEL*",IF(D5="ARRASTE","SKD*",IF(D5="TRAÇAMENTO","GAR*",""))),B:B,B5,A:A,A5)),"-") -> 0,5 | AP5: =IFERROR(IF(COUNTIF(Cadastros!B:B,D5)>0,AVERAGEIFS('Controle Mensal'!N:N,'Controle Mensal'!E:E,Dados!D5,'Controle Mensal'!B:B,Dados!B5,'Controle Mensal'!A:A,Dados!A5),AVERAGEIFS('Controle Mensal'!N:N,'Controle Mensal'!F:F,Dados!D5,'Controle Mensal'!B:B,Dados!B5,'Controle Mensal'!A:A,Dados!A5)),"-") -> 1 | AQ5: =IF(AP5<0,"-",IF(AP5<AO5,"BOA","RUIM")) -> BOA | AR5: =IFERROR(AF5/M5,0) -> 0.20860927 | AS5: =IFERROR(M5/U5,"-") -> - | AT5: =IFERROR(IF(COUNTIF(Cadastros!B:B,D5)>0,_xlfn.MINIFS('BDT''s'!Q:Q,'BDT''s'!K:K,Dados!D5,'BDT''s'!B:B,Dados!B5,'BDT''s'!C:C,Dados!C5,'BDT''s'!A:A,Dados!A5),"-"),"-") -> 2100 | AU5: =IFERROR(IF(COUNTIF(Cadastros!B:B,D5)>0,_xlfn.MAXIFS('BDT''s'!Q:Q,'BDT''s'!K:K,Dados!D5,'BDT''s'!B:B,Dados!B5,'BDT''s'!C:C,Dados!C5,'BDT''s'!A:A,Dados!A5),"-"),"-") -> 2130 | AV5: =IFERROR(AU5-AT5,"-") -> 30
A6: =IFERROR(YEAR(H6),"-") -> 2026 | B6: =IFERROR(DATE(YEAR(H6),MONTH(H6),MONTH(H6)),"-") -> 46023 | C6: {=IFERROR(IF(COUNTA(_xlfn.UNIQUE(_xlfn._xlws.FILTER('BDT''s'!C:C,('BDT''s'!K:K=Dados!D6)*('BDT''s'!I:I>=Dados!E6)*('BDT''s'!I:I<=Dados!F6))))=1,INDEX(_xlfn.UNIQUE(_xlfn._xlws.FILTER('BDT''s'!C:C,('BDT''s'!K:K=Dados!D6)*('BDT''s'!I:I>=Dados!E6)*('BDT''s'!I:I<=Dados!F6))),1),#N/A),"-")} -> CONTRATO 1 | D6: GARRA TRAÇADORA 1 | E6: 46023 | F6: 46053 | G6: =IFERROR(F6-E6-I6+1,"-") -> 31 | H6: 46047 | J6: =IFERROR(H6-E6-I6+1,"-") -> 25 | K6: {=IFERROR(IF(COUNTIF(Cadastros!B:B,D6)>0,INDEX('Metas Mensais'!A:ZZ,MATCH(Dados!D6,'Metas Mensais'!A:A,0),MATCH(Dados!B6,'Metas Mensais'!5:5,0)+1),SUMIFS(K:K,C:C,C6,D:D,IF(D6="CORTE","FEL*",IF(D6="ARRASTE","SKD*",IF(D6="TRAÇAMENTO","GAR*",""))),B:B,B6,A:A,A6)),"-")} -> 6743.0556 | L6: 0 | M6: =IFERROR(IF(COUNTIF(Cadastros!B:B,D6)>0,SUMIFS('BDT''s'!V:V,'BDT''s'!K:K,Dados!D6,'BDT''s'!C:C,Dados!C6,'BDT''s'!B:B,Dados!B6,'BDT''s'!A:A,Dados!A6),SUMIFS('BDT''s'!V:V,'BDT''s'!L:L,Dados!D6,'BDT''s'!C:C,Dados!C6,'BDT''s'!B:B,Dados!B6,'BDT''s'!A:A,Dados!A6)),"-") -> 2020 | N6: =IFERROR(M6/J6*G6,0) -> 2504.8 | O6: =IFERROR(IF(L6>0,N6/L6-1,N6/K6-1),0) -> -0.62853635 | P6: =IFERROR(IF(L6>0,L6/G6,K6/G6),"-") -> 217.51792 | Q6: =IFERROR(M6/J6,"-") -> 80.8 | R6: =IFERROR(IF(Q6>P6,"ALTO","BAIXO"),"-") -> BAIXO | S6: =IFERROR(IF(COUNTIF(Cadastros!B:B,D6)>0,ROUND(AVERAGEIFS('BDT''s'!E:E,'BDT''s'!K:K,Dados!D6,'BDT''s'!C:C,Dados!C6,'BDT''s'!B:B,Dados!B6,'BDT''s'!A:A,Dados!A6),2),ROUND(AVERAGEIFS('BDT''s'!E:E,'BDT''s'!L:L,Dados!D6,'BDT''s'!C:C,Dados!C6,'BDT''s'!B:B,Dados!B6,'BDT''s'!A:A,Dados!A6),2)),"-") -> 0.15 | T6: =IFERROR(M6/V6,"-") -> - | U6: =IFERROR(IF(COUNTIF(Cadastros!B:B,D6)>0,SUMIFS(Disponibilidade!Z:Z,Disponibilidade!E:E,Dados!D6,Disponibilidade!B:B,Dados!B6,Disponibilidade!A:A,Dados!A6),SUMIFS(Disponibilidade!Z:Z,Disponibilidade!F:F,Dados!D6,Disponibilidade!B:B,Dados!B6,Disponibilidade!A:A,Dados!A6)),"-") -> 0 | V6: =IFERROR(IF(COUNTIF(Cadastros!B:B,D6)>0,SUMIFS(Disponibilidade!AB:AB,Disponibilidade!E:E,Dados!D6,Disponibilidade!B:B,Dados!B6,Disponibilidade!A:A,Dados!A6),SUMIFS(Disponibilidade!AB:AB,Disponibilidade!F:F,Dados!D6,Disponibilidade!B:B,Dados!B6,Disponibilidade!A:A,Dados!A6)),"-") -> 0 | W6: =IFERROR(IF(COUNTIF(Cadastros!B:B,D6)>0,INDEX('Metas DM & DO'!X:X,MATCH(Dados!D6,'Metas DM & DO'!A:A,0)),SUMIFS(W:W,C:C,C6,D:D,IF(D6="CORTE","FEL*",IF(D6="ARRASTE","SKD*",IF(D6="TRAÇAMENTO","GAR*",""))),B:B,B6,A:A,A6)),"-") -> 2,2174055829228245 | X6: =IFERROR(W6*G6,"-") -> 68.739573 | Y6: {=IFERROR(IF(COUNTIF(Cadastros!B:B,D6)>0,COUNTA(_xlfn.UNIQUE(_xlfn._xlws.FILTER('BDT''s'!N:N,('BDT''s'!C:C=Dados!C6)*('BDT''s'!K:K=Dados!D6)*('BDT''s'!B:B=Dados!B6)*('BDT''s'!N:N<>"SEM OPERADOR")))),COUNTA(_xlfn.UNIQUE(_xlfn._xlws.FILTER('BDT''s'!N:N,('BDT''s'!C:C=Dados!C6)*('BDT''s'!L:L=Dados!D6)*('BDT''s'!B:B=Dados!B6)*('BDT''s'!N:N<>"SEM OPERADOR"))))),"-")} -> 2 | Z6: =IFERROR(P6/2,"-") -> 108.75896 | AA6: =IFERROR(Z6*J6,"-") -> 2718.974 | AB6: =IFERROR(K6/Y6,"-") -> 3371.5278 | AC6: =IFERROR(IF(AB6>AA6,"ALTO","BAIXO"),"-") -> ALTO | AD6: =IFERROR(X6/Y6,0) -> 34.369787 | AE6: =IFERROR(IF(AD6>V6,"ALTO","BAIXO"),"-") -> ALTO | AF6: =IFERROR(IF(COUNTIF(Cadastros!B:B,D6)>0,SUMIFS(Diesel!J:J,Diesel!F:F,Dados!D6,Diesel!D:D,Dados!C6,Diesel!B:B,Dados!B6,Diesel!A:A,Dados!A6),SUMIFS(Diesel!J:J,Diesel!G:G,Dados!D6,Diesel!D:D,Dados!C6,Diesel!B:B,Dados!B6,Diesel!A:A,Dados!A6)),"-") -> 0 | AG6: =IFERROR(IF(COUNTIF(Cadastros!B:B,D6)>0,SUMIFS(Diesel!K:K,Diesel!F:F,Dados!D6,Diesel!D:D,Dados!C6,Diesel!B:B,Dados!B6,Diesel!A:A,Dados!A6),SUMIFS(Diesel!K:K,Diesel!G:G,Dados!D6,Diesel!D:D,Dados!C6,Diesel!B:B,Dados!B6,Diesel!A:A,Dados!A6)),"-") -> 0 | AH6: =IFERROR(IF(COUNTIF(Cadastros!B:B,D6)>0,ROUND(INDEX('Metas Diesel'!N:N,MATCH(Dados!D6,'Metas Diesel'!A:A))*COUNTIFS(Diesel!F:F,Dados!D6,Diesel!B:B,Dados!B6,Diesel!D:D,Dados!C6),3),SUMIFS(AH:AH,C:C,C6,D:D,IF(D6="CORTE","FEL*",IF(D6="ARRASTE","SKD*",IF(D6="TRAÇAMENTO","GAR*",""))),B:B,B6,A:A,A6)),"-") -> 0 | AI6: =IFERROR(AH6/AG6,"-") -> - | AJ6: =IFERROR(AF6/AG6,0) -> 0 | AK6: =IF(AJ6<0,"-",IF(AJ6<AI6,"BOA","RUIM")) -> BOA | AL6: =IFERROR(IF(COUNTIF(Cadastros!B:B,D6)>0,INDEX('Metas DM & DO'!O:O,MATCH(Dados!D6,'Metas DM & DO'!A:A,0)),AVERAGEIFS(W:W,C:C,C6,D:D,IF(D6="CORTE","FEL*",IF(D6="ARRASTE","SKD*",IF(D6="TRAÇAMENTO","GAR*",""))),B:B,B6,A:A,A6)),"-") -> 0,91724137931034488 | AM6: =IFERROR(IF(COUNTIF(Cadastros!B:B,D6)>0,AVERAGEIFS('Controle Mensal'!H:H,'Controle Mensal'!E:E,Dados!D6,'Controle Mensal'!B:B,Dados!B6,'Controle Mensal'!A:A,Dados!A6),AVERAGEIFS('Controle Mensal'!H:H,'Controle Mensal'!F:F,Dados!D6,'Controle Mensal'!B:B,Dados!B6,'Controle Mensal'!A:A,Dados!A6)),"-") -> 1 | AN6: =IF(AM6<0,"-",IF(AM6<AL6,"BOA","RUIM")) -> BOA | AO6: =IFERROR(IF(COUNTIF(Cadastros!B:B,D6)>0,INDEX('Metas DM & DO'!S:S,MATCH(Dados!D6,'Metas DM & DO'!A:A,0)),AVERAGEIFS(W:W,C:C,C6,D:D,IF(D6="CORTE","FEL*",IF(D6="ARRASTE","SKD*",IF(D6="TRAÇAMENTO","GAR*",""))),B:B,B6,A:A,A6)),"-") -> 0,43601532567049806 | AP6: =IFERROR(IF(COUNTIF(Cadastros!B:B,D6)>0,AVERAGEIFS('Controle Mensal'!N:N,'Controle Mensal'!E:E,Dados!D6,'Controle Mensal'!B:B,Dados!B6,'Controle Mensal'!A:A,Dados!A6),AVERAGEIFS('Controle Mensal'!N:N,'Controle Mensal'!F:F,Dados!D6,'Controle Mensal'!B:B,Dados!B6,'Controle Mensal'!A:A,Dados!A6)),"-") -> 1 | AQ6: =IF(AP6<0,"-",IF(AP6<AO6,"BOA","RUIM")) -> BOA | AR6: =IFERROR(AF6/M6,0) -> 0 | AS6: =IFERROR(M6/U6,"-") -> - | AT6: =IFERROR(IF(COUNTIF(Cadastros!B:B,D6)>0,_xlfn.MINIFS('BDT''s'!Q:Q,'BDT''s'!K:K,Dados!D6,'BDT''s'!B:B,Dados!B6,'BDT''s'!C:C,Dados!C6,'BDT''s'!A:A,Dados!A6),"-"),"-") -> 500 | AU6: =IFERROR(IF(COUNTIF(Cadastros!B:B,D6)>0,_xlfn.MAXIFS('BDT''s'!Q:Q,'BDT''s'!K:K,Dados!D6,'BDT''s'!B:B,Dados!B6,'BDT''s'!C:C,Dados!C6,'BDT''s'!A:A,Dados!A6),"-"),"-") -> 529 | AV6: =IFERROR(AU6-AT6,"-") -> 29
A7: =IFERROR(YEAR(H7),"-") -> 2026 | B7: =IFERROR(DATE(YEAR(H7),MONTH(H7),MONTH(H7)),"-") -> 46023 | C7: {=IFERROR(IF(COUNTA(_xlfn.UNIQUE(_xlfn._xlws.FILTER('BDT''s'!C:C,('BDT''s'!K:K=Dados!D7)*('BDT''s'!I:I>=Dados!E7)*('BDT''s'!I:I<=Dados!F7))))=1,INDEX(_xlfn.UNIQUE(_xlfn._xlws.FILTER('BDT''s'!C:C,('BDT''s'!K:K=Dados!D7)*('BDT''s'!I:I>=Dados!E7)*('BDT''s'!I:I<=Dados!F7))),1),#N/A),"-")} -> CONTRATO 1 | D7: GARRA TRAÇADORA 2 | E7: 46023 | F7: 46043 | G7: =IFERROR(F7-E7-I7+1,"-") -> 21 | H7: 46047 | J7: =IFERROR(H7-E7-I7+1,"-") -> 25 | K7: {=IFERROR(IF(COUNTIF(Cadastros!B:B,D7)>0,INDEX('Metas Mensais'!A:ZZ,MATCH(Dados!D7,'Metas Mensais'!A:A,0),MATCH(Dados!B7,'Metas Mensais'!6:6,0)+1),SUMIFS(K:K,C:C,C7,D:D,IF(D7="CORTE","FEL*",IF(D7="ARRASTE","SKD*",IF(D7="TRAÇAMENTO","GAR*",""))),B:B,B7,A:A,A7)),"-")} -> 7950 | L7: 0 | M7: =IFERROR(IF(COUNTIF(Cadastros!B:B,D7)>0,SUMIFS('BDT''s'!V:V,'BDT''s'!K:K,Dados!D7,'BDT''s'!C:C,Dados!C7,'BDT''s'!B:B,Dados!B7,'BDT''s'!A:A,Dados!A7),SUMIFS('BDT''s'!V:V,'BDT''s'!L:L,Dados!D7,'BDT''s'!C:C,Dados!C7,'BDT''s'!B:B,Dados!B7,'BDT''s'!A:A,Dados!A7)),"-") -> 1950 | N7: =IFERROR(M7/J7*G7,0) -> 1638 | O7: =IFERROR(IF(L7>0,N7/L7-1,N7/K7-1),0) -> -0.79396226 | P7: =IFERROR(IF(L7>0,L7/G7,K7/G7),"-") -> 378.57143 | Q7: =IFERROR(M7/J7,"-") -> 78 | R7: =IFERROR(IF(Q7>P7,"ALTO","BAIXO"),"-") -> BAIXO | S7: =IFERROR(IF(COUNTIF(Cadastros!B:B,D7)>0,ROUND(AVERAGEIFS('BDT''s'!E:E,'BDT''s'!K:K,Dados!D7,'BDT''s'!C:C,Dados!C7,'BDT''s'!B:B,Dados!B7,'BDT''s'!A:A,Dados!A7),2),ROUND(AVERAGEIFS('BDT''s'!E:E,'BDT''s'!L:L,Dados!D7,'BDT''s'!C:C,Dados!C7,'BDT''s'!B:B,Dados!B7,'BDT''s'!A:A,Dados!A7),2)),"-") -> 0.16 | T7: =IFERROR(M7/V7,"-") -> - | U7: =IFERROR(IF(COUNTIF(Cadastros!B:B,D7)>0,SUMIFS(Disponibilidade!Z:Z,Disponibilidade!E:E,Dados!D7,Disponibilidade!B:B,Dados!B7,Disponibilidade!A:A,Dados!A7),SUMIFS(Disponibilidade!Z:Z,Disponibilidade!F:F,Dados!D7,Disponibilidade!B:B,Dados!B7,Disponibilidade!A:A,Dados!A7)),"-") -> 0 | V7: =IFERROR(IF(COUNTIF(Cadastros!B:B,D7)>0,SUMIFS(Disponibilidade!AB:AB,Disponibilidade!E:E,Dados!D7,Disponibilidade!B:B,Dados!B7,Disponibilidade!A:A,Dados!A7),SUMIFS(Disponibilidade!AB:AB,Disponibilidade!F:F,Dados!D7,Disponibilidade!B:B,Dados!B7,Disponibilidade!A:A,Dados!A7)),"-") -> 0 | W7: =IFERROR(IF(COUNTIF(Cadastros!B:B,D7)>0,INDEX('Metas DM & DO'!X:X,MATCH(Dados!D7,'Metas DM & DO'!A:A,0)),SUMIFS(W:W,C:C,C7,D:D,IF(D7="CORTE","FEL*",IF(D7="ARRASTE","SKD*",IF(D7="TRAÇAMENTO","GAR*",""))),B:B,B7,A:A,A7)),"-") -> - | X7: =IFERROR(W7*G7,"-") -> - | Y7: {=IFERROR(IF(COUNTIF(Cadastros!B:B,D7)>0,COUNTA(_xlfn.UNIQUE(_xlfn._xlws.FILTER('BDT''s'!N:N,('BDT''s'!C:C=Dados!C7)*('BDT''s'!K:K=Dados!D7)*('BDT''s'!B:B=Dados!B7)*('BDT''s'!N:N<>"SEM OPERADOR")))),COUNTA(_xlfn.UNIQUE(_xlfn._xlws.FILTER('BDT''s'!N:N,('BDT''s'!C:C=Dados!C7)*('BDT''s'!L:L=Dados!D7)*('BDT''s'!B:B=Dados!B7)*('BDT''s'!N:N<>"SEM OPERADOR"))))),"-")} -> 2 | Z7: =IFERROR(P7/2,"-") -> 189.28571 | AA7: =IFERROR(Z7*J7,"-") -> 4732.1429 | AB7: =IFERROR(K7/Y7,"-") -> 3975 | AC7: =IFERROR(IF(AB7>AA7,"ALTO","BAIXO"),"-") -> BAIXO | AD7: =IFERROR(X7/Y7,0) -> 0 | AE7: =IFERROR(IF(AD7>V7,"ALTO","BAIXO"),"-") -> BAIXO | AF7: =IFERROR(IF(COUNTIF(Cadastros!B:B,D7)>0,SUMIFS(Diesel!J:J,Diesel!F:F,Dados!D7,Diesel!D:D,Dados!C7,Diesel!B:B,Dados!B7,Diesel!A:A,Dados!A7),SUMIFS(Diesel!J:J,Diesel!G:G,Dados!D7,Diesel!D:D,Dados!C7,Diesel!B:B,Dados!B7,Diesel!A:A,Dados!A7)),"-") -> 380 | AG7: =IFERROR(IF(COUNTIF(Cadastros!B:B,D7)>0,SUMIFS(Diesel!K:K,Diesel!F:F,Dados!D7,Diesel!D:D,Dados!C7,Diesel!B:B,Dados!B7,Diesel!A:A,Dados!A7),SUMIFS(Diesel!K:K,Diesel!G:G,Dados!D7,Diesel!D:D,Dados!C7,Diesel!B:B,Dados!B7,Diesel!A:A,Dados!A7)),"-") -> 11 | AH7: =IFERROR(IF(COUNTIF(Cadastros!B:B,D7)>0,ROUND(INDEX('Metas Diesel'!N:N,MATCH(Dados!D7,'Metas Diesel'!A:A))*COUNTIFS(Diesel!F:F,Dados!D7,Diesel!B:B,Dados!B7,Diesel!D:D,Dados!C7),3),SUMIFS(AH:AH,C:C,C7,D:D,IF(D7="CORTE","FEL*",IF(D7="ARRASTE","SKD*",IF(D7="TRAÇAMENTO","GAR*",""))),B:B,B7,A:A,A7)),"-") -> 215.167 | AI7: =IFERROR(AH7/AG7,"-") -> 19.560636 | AJ7: =IFERROR(AF7/AG7,0) -> 34.545455 | AK7: =IF(AJ7<0,"-",IF(AJ7<AI7,"BOA","RUIM")) -> RUIM | AL7: =IFERROR(IF(COUNTIF(Cadastros!B:B,D7)>0,INDEX('Metas DM & DO'!O:O,MATCH(Dados!D7,'Metas DM & DO'!A:A,0)),AVERAGEIFS(W:W,C:C,C7,D:D,IF(D7="CORTE","FEL*",IF(D7="ARRASTE","SKD*",IF(D7="TRAÇAMENTO","GAR*",""))),B:B,B7,A:A,A7)),"-") -> - | AM7: =IFERROR(IF(COUNTIF(Cadastros!B:B,D7)>0,AVERAGEIFS('Controle Mensal'!H:H,'Controle Mensal'!E:E,Dados!D7,'Controle Mensal'!B:B,Dados!B7,'Controle Mensal'!A:A,Dados!A7),AVERAGEIFS('Controle Mensal'!H:H,'Controle Mensal'!F:F,Dados!D7,'Controle Mensal'!B:B,Dados!B7,'Controle Mensal'!A:A,Dados!A7)),"-") -> 1 | AN7: =IF(AM7<0,"-",IF(AM7<AL7,"BOA","RUIM")) -> BOA | AO7: =IFERROR(IF(COUNTIF(Cadastros!B:B,D7)>0,INDEX('Metas DM & DO'!S:S,MATCH(Dados!D7,'Metas DM & DO'!A:A,0)),AVERAGEIFS(W:W,C:C,C7,D:D,IF(D7="CORTE","FEL*",IF(D7="ARRASTE","SKD*",IF(D7="TRAÇAMENTO","GAR*",""))),B:B,B7,A:A,A7)),"-") -> - | AP7: =IFERROR(IF(COUNTIF(Cadastros!B:B,D7)>0,AVERAGEIFS('Controle Mensal'!N:N,'Controle Mensal'!E:E,Dados!D7,'Controle Mensal'!B:B,Dados!B7,'Controle Mensal'!A:A,Dados!A7),AVERAGEIFS('Controle Mensal'!N:N,'Controle Mensal'!F:F,Dados!D7,'Controle Mensal'!B:B,Dados!B7,'Controle Mensal'!A:A,Dados!A7)),"-") -> 1 | AQ7: =IF(AP7<0,"-",IF(AP7<AO7,"BOA","RUIM")) -> BOA | AR7: =IFERROR(AF7/M7,0) -> 0.19487179 | AS7: =IFERROR(M7/U7,"-") -> - | AT7: =IFERROR(IF(COUNTIF(Cadastros!B:B,D7)>0,_xlfn.MINIFS('BDT''s'!Q:Q,'BDT''s'!K:K,Dados!D7,'BDT''s'!B:B,Dados!B7,'BDT''s'!C:C,Dados!C7,'BDT''s'!A:A,Dados!A7),"-"),"-") -> 700 | AU7: =IFERROR(IF(COUNTIF(Cadastros!B:B,D7)>0,_xlfn.MAXIFS('BDT''s'!Q:Q,'BDT''s'!K:K,Dados!D7,'BDT''s'!B:B,Dados!B7,'BDT''s'!C:C,Dados!C7,'BDT''s'!A:A,Dados!A7),"-"),"-") -> 720 | AV7: =IFERROR(AU7-AT7,"-") -> 20
A8: =IFERROR(YEAR(H8),"-") -> 2026 | B8: =IFERROR(DATE(YEAR(H8),MONTH(H8),MONTH(H8)),"-") -> 46023 | C8: CONTRATO 1 | D8: CORTE | E8: 46023 | F8: 46053 | G8: =IFERROR(F8-E8-I8+1,"-") -> 31 | H8: 46047 | J8: =IFERROR(H8-E8-I8+1,"-") -> 25 | K8: {=IFERROR(IF(COUNTIF(Cadastros!B:B,D8)>0,INDEX('Metas Mensais'!A:ZZ,MATCH(Dados!D8,'Metas Mensais'!A:A,0),MATCH(Dados!B8,'Metas Mensais'!#REF!,0)+1),SUMIFS(K:K,C:C,C8,D:D,IF(D8="CORTE","FEL*",IF(D8="ARRASTE","SKD*",IF(D8="TRAÇAMENTO","GAR*",""))),B:B,B8,A:A,A8)),"-")} -> 21112.871 | L8: 0 | M8: =IFERROR(IF(COUNTIF(Cadastros!B:B,D8)>0,SUMIFS('BDT''s'!V:V,'BDT''s'!K:K,Dados!D8,'BDT''s'!C:C,Dados!C8,'BDT''s'!B:B,Dados!B8,'BDT''s'!A:A,Dados!A8),SUMIFS('BDT''s'!V:V,'BDT''s'!L:L,Dados!D8,'BDT''s'!C:C,Dados!C8,'BDT''s'!B:B,Dados!B8,'BDT''s'!A:A,Dados!A8)),"-") -> 7830 | N8: =IFERROR(M8/J8*G8,0) -> 9709.2 | O8: =IFERROR(IF(L8>0,N8/L8-1,N8/K8-1),0) -> -0.54012886 | P8: =IFERROR(IF(L8>0,L8/G8,K8/G8),"-") -> 681.06035 | Q8: =IFERROR(M8/J8,"-") -> 313.2 | R8: =IFERROR(IF(Q8>P8,"ALTO","BAIXO"),"-") -> BAIXO | S8: =IFERROR(IF(COUNTIF(Cadastros!B:B,D8)>0,ROUND(AVERAGEIFS('BDT''s'!E:E,'BDT''s'!K:K,Dados!D8,'BDT''s'!C:C,Dados!C8,'BDT''s'!B:B,Dados!B8,'BDT''s'!A:A,Dados!A8),2),ROUND(AVERAGEIFS('BDT''s'!E:E,'BDT''s'!L:L,Dados!D8,'BDT''s'!C:C,Dados!C8,'BDT''s'!B:B,Dados!B8,'BDT''s'!A:A,Dados!A8),2)),"-") -> 0.16 | T8: =IFERROR(M8/V8,"-") -> - | U8: =IFERROR(IF(COUNTIF(Cadastros!B:B,D8)>0,SUMIFS(Disponibilidade!Z:Z,Disponibilidade!E:E,Dados!D8,Disponibilidade!B:B,Dados!B8,Disponibilidade!A:A,Dados!A8),SUMIFS(Disponibilidade!Z:Z,Disponibilidade!F:F,Dados!D8,Disponibilidade!B:B,Dados!B8,Disponibilidade!A:A,Dados!A8)),"-") -> 0 | V8: =IFERROR(IF(COUNTIF(Cadastros!B:B,D8)>0,SUMIFS(Disponibilidade!AB:AB,Disponibilidade!E:E,Dados!D8,Disponibilidade!B:B,Dados!B8,Disponibilidade!A:A,Dados!A8),SUMIFS(Disponibilidade!AB:AB,Disponibilidade!F:F,Dados!D8,Disponibilidade!B:B,Dados!B8,Disponibilidade!A:A,Dados!A8)),"-") -> 0 | W8: =IFERROR(IF(COUNTIF(Cadastros!B:B,D8)>0,INDEX('Metas DM & DO'!X:X,MATCH(Dados!D8,'Metas DM & DO'!A:A,0)),SUMIFS(W:W,C:C,C8,D:D,IF(D8="CORTE","FEL*",IF(D8="ARRASTE","SKD*",IF(D8="TRAÇAMENTO","GAR*",""))),B:B,B8,A:A,A8)),"-") -> 0 | X8: =IFERROR(W8*G8,"-") -> 0 | Y8: {=IFERROR(IF(COUNTIF(Cadastros!B:B,D8)>0,COUNTA(_xlfn.UNIQUE(_xlfn._xlws.FILTER('BDT''s'!N:N,('BDT''s'!C:C=Dados!C8)*('BDT''s'!K:K=Dados!D8)*('BDT''s'!B:B=Dados!B8)*('BDT''s'!N:N<>"SEM OPERADOR")))),COUNTA(_xlfn.UNIQUE(_xlfn._xlws.FILTER('BDT''s'!N:N,('BDT''s'!C:C=Dados!C8)*('BDT''s'!L:L=Dados!D8)*('BDT''s'!B:B=Dados!B8)*('BDT''s'!N:N<>"SEM OPERADOR"))))),"-")} -> 4 | Z8: =IFERROR(P8/2,"-") -> 340.53018 | AA8: =IFERROR(Z8*J8,"-") -> 8513.2544 | AB8: =IFERROR(K8/Y8,"-") -> 5278.2177 | AC8: =IFERROR(IF(AB8>AA8,"ALTO","BAIXO"),"-") -> BAIXO | AD8: =IFERROR(X8/Y8,0) -> 0 | AE8: =IFERROR(IF(AD8>V8,"ALTO","BAIXO"),"-") -> BAIXO | AF8: =IFERROR(IF(COUNTIF(Cadastros!B:B,D8)>0,SUMIFS(Diesel!J:J,Diesel!F:F,Dados!D8,Diesel!D:D,Dados!C8,Diesel!B:B,Dados!B8,Diesel!A:A,Dados!A8),SUMIFS(Diesel!J:J,Diesel!G:G,Dados!D8,Diesel!D:D,Dados!C8,Diesel!B:B,Dados!B8,Diesel!A:A,Dados!A8)),"-") -> 720 | AG8: =IFERROR(IF(COUNTIF(Cadastros!B:B,D8)>0,SUMIFS(Diesel!K:K,Diesel!F:F,Dados!D8,Diesel!D:D,Dados!C8,Diesel!B:B,Dados!B8,Diesel!A:A,Dados!A8),SUMIFS(Diesel!K:K,Diesel!G:G,Dados!D8,Diesel!D:D,Dados!C8,Diesel!B:B,Dados!B8,Diesel!A:A,Dados!A8)),"-") -> 43 | AH8: =IFERROR(IF(COUNTIF(Cadastros!B:B,D8)>0,ROUND(INDEX('Metas Diesel'!N:N,MATCH(Dados!D8,'Metas Diesel'!A:A))*COUNTIFS(Diesel!F:F,Dados!D8,Diesel!B:B,Dados!B8,Diesel!D:D,Dados!C8),3),SUMIFS(AH:AH,C:C,C8,D:D,IF(D8="CORTE","FEL*",IF(D8="ARRASTE","SKD*",IF(D8="TRAÇAMENTO","GAR*",""))),B:B,B8,A:A,A8)),"-") -> 1116.833 | AI8: =IFERROR(AH8/AG8,"-") -> 25.97286 | AJ8: =IFERROR(AF8/AG8,0) -> 16.744186 | AK8: =IF(AJ8<0,"-",IF(AJ8<AI8,"BOA","RUIM")) -> BOA | AL8: =IFERROR(IF(COUNTIF(Cadastros!B:B,D8)>0,INDEX('Metas DM & DO'!O:O,MATCH(Dados!D8,'Metas DM & DO'!A:A,0)),AVERAGEIFS(W:W,C:C,C8,D:D,IF(D8="CORTE","FEL*",IF(D8="ARRASTE","SKD*",IF(D8="TRAÇAMENTO","GAR*",""))),B:B,B8,A:A,A8)),"-") -> - | AM8: =IFERROR(IF(COUNTIF(Cadastros!B:B,D8)>0,AVERAGEIFS('Controle Mensal'!H:H,'Controle Mensal'!E:E,Dados!D8,'Controle Mensal'!B:B,Dados!B8,'Controle Mensal'!A:A,Dados!A8),AVERAGEIFS('Controle Mensal'!H:H,'Controle Mensal'!F:F,Dados!D8,'Controle Mensal'!B:B,Dados!B8,'Controle Mensal'!A:A,Dados!A8)),"-") -> 1 | AN8: =IF(AM8<0,"-",IF(AM8<AL8,"BOA","RUIM")) -> BOA | AO8: =IFERROR(IF(COUNTIF(Cadastros!B:B,D8)>0,INDEX('Metas DM & DO'!S:S,MATCH(Dados!D8,'Metas DM & DO'!A:A,0)),AVERAGEIFS(W:W,C:C,C8,D:D,IF(D8="CORTE","FEL*",IF(D8="ARRASTE","SKD*",IF(D8="TRAÇAMENTO","GAR*",""))),B:B,B8,A:A,A8)),"-") -> - | AP8: =IFERROR(IF(COUNTIF(Cadastros!B:B,D8)>0,AVERAGEIFS('Controle Mensal'!N:N,'Controle Mensal'!E:E,Dados!D8,'Controle Mensal'!B:B,Dados!B8,'Controle Mensal'!A:A,Dados!A8),AVERAGEIFS('Controle Mensal'!N:N,'Controle Mensal'!F:F,Dados!D8,'Controle Mensal'!B:B,Dados!B8,'Controle Mensal'!A:A,Dados!A8)),"-") -> 1 | AQ8: =IF(AP8<0,"-",IF(AP8<AO8,"BOA","RUIM")) -> BOA | AR8: =IFERROR(AF8/M8,0) -> 0.091954023 | AS8: =IFERROR(M8/U8,"-") -> - | AT8: =IFERROR(IF(COUNTIF(Cadastros!B:B,D8)>0,_xlfn.MINIFS('BDT''s'!Q:Q,'BDT''s'!K:K,Dados!D8,'BDT''s'!B:B,Dados!B8,'BDT''s'!C:C,Dados!C8,'BDT''s'!A:A,Dados!A8),"-"),"-") -> - | AU8: =IFERROR(IF(COUNTIF(Cadastros!B:B,D8)>0,_xlfn.MAXIFS('BDT''s'!Q:Q,'BDT''s'!K:K,Dados!D8,'BDT''s'!B:B,Dados!B8,'BDT''s'!C:C,Dados!C8,'BDT''s'!A:A,Dados!A8),"-"),"-") -> - | AV8: =IFERROR(AU8-AT8,"-") -> -
A9: =IFERROR(YEAR(H9),"-") -> 2026 | B9: =IFERROR(DATE(YEAR(H9),MONTH(H9),MONTH(H9)),"-") -> 46023 | C9: CONTRATO 2 | D9: CORTE | E9: 46023 | F9: 46053 | G9: =IFERROR(F9-E9-I9+1,"-") -> 31 | H9: 46047 | J9: =IFERROR(H9-E9-I9+1,"-") -> 25 | K9: {=IFERROR(IF(COUNTIF(Cadastros!B:B,D9)>0,INDEX('Metas Mensais'!A:ZZ,MATCH(Dados!D9,'Metas Mensais'!A:A,0),MATCH(Dados!B9,'Metas Mensais'!8:8,0)+1),SUMIFS(K:K,C:C,C9,D:D,IF(D9="CORTE","FEL*",IF(D9="ARRASTE","SKD*",IF(D9="TRAÇAMENTO","GAR*",""))),B:B,B9,A:A,A9)),"-")} -> 0 | L9: 0 | M9: =IFERROR(IF(COUNTIF(Cadastros!B:B,D9)>0,SUMIFS('BDT''s'!V:V,'BDT''s'!K:K,Dados!D9,'BDT''s'!C:C,Dados!C9,'BDT''s'!B:B,Dados!B9,'BDT''s'!A:A,Dados!A9),SUMIFS('BDT''s'!V:V,'BDT''s'!L:L,Dados!D9,'BDT''s'!C:C,Dados!C9,'BDT''s'!B:B,Dados!B9,'BDT''s'!A:A,Dados!A9)),"-") -> 0 | N9: =IFERROR(M9/J9*G9,0) -> 0 | O9: =IFERROR(IF(L9>0,N9/L9-1,N9/K9-1),0) -> 0 | P9: =IFERROR(IF(L9>0,L9/G9,K9/G9),"-") -> 0 | Q9: =IFERROR(M9/J9,"-") -> 0 | R9: =IFERROR(IF(Q9>P9,"ALTO","BAIXO"),"-") -> BAIXO | S9: =IFERROR(IF(COUNTIF(Cadastros!B:B,D9)>0,ROUND(AVERAGEIFS('BDT''s'!E:E,'BDT''s'!K:K,Dados!D9,'BDT''s'!C:C,Dados!C9,'BDT''s'!B:B,Dados!B9,'BDT''s'!A:A,Dados!A9),2),ROUND(AVERAGEIFS('BDT''s'!E:E,'BDT''s'!L:L,Dados!D9,'BDT''s'!C:C,Dados!C9,'BDT''s'!B:B,Dados!B9,'BDT''s'!A:A,Dados!A9),2)),"-") -> - | T9: =IFERROR(M9/V9,"-") -> - | U9: =IFERROR(IF(COUNTIF(Cadastros!B:B,D9)>0,SUMIFS(Disponibilidade!Z:Z,Disponibilidade!E:E,Dados!D9,Disponibilidade!B:B,Dados!B9,Disponibilidade!A:A,Dados!A9),SUMIFS(Disponibilidade!Z:Z,Disponibilidade!F:F,Dados!D9,Disponibilidade!B:B,Dados!B9,Disponibilidade!A:A,Dados!A9)),"-") -> 0 | V9: =IFERROR(IF(COUNTIF(Cadastros!B:B,D9)>0,SUMIFS(Disponibilidade!AB:AB,Disponibilidade!E:E,Dados!D9,Disponibilidade!B:B,Dados!B9,Disponibilidade!A:A,Dados!A9),SUMIFS(Disponibilidade!AB:AB,Disponibilidade!F:F,Dados!D9,Disponibilidade!B:B,Dados!B9,Disponibilidade!A:A,Dados!A9)),"-") -> 0 | W9: =IFERROR(IF(COUNTIF(Cadastros!B:B,D9)>0,INDEX('Metas DM & DO'!X:X,MATCH(Dados!D9,'Metas DM & DO'!A:A,0)),SUMIFS(W:W,C:C,C9,D:D,IF(D9="CORTE","FEL*",IF(D9="ARRASTE","SKD*",IF(D9="TRAÇAMENTO","GAR*",""))),B:B,B9,A:A,A9)),"-") -> 0 | X9: =IFERROR(W9*G9,"-") -> 0 | Y9: {=IFERROR(IF(COUNTIF(Cadastros!B:B,D9)>0,COUNTA(_xlfn.UNIQUE(_xlfn._xlws.FILTER('BDT''s'!N:N,('BDT''s'!C:C=Dados!C9)*('BDT''s'!K:K=Dados!D9)*('BDT''s'!B:B=Dados!B9)*('BDT''s'!N:N<>"SEM OPERADOR")))),COUNTA(_xlfn.UNIQUE(_xlfn._xlws.FILTER('BDT''s'!N:N,('BDT''s'!C:C=Dados!C9)*('BDT''s'!L:L=Dados!D9)*('BDT''s'!B:B=Dados!B9)*('BDT''s'!N:N<>"SEM OPERADOR"))))),"-")} -> 1 | Z9: =IFERROR(P9/2,"-") -> 0 | AA9: =IFERROR(Z9*J9,"-") -> 0 | AB9: =IFERROR(K9/Y9,"-") -> 0 | AC9: =IFERROR(IF(AB9>AA9,"ALTO","BAIXO"),"-") -> BAIXO | AD9: =IFERROR(X9/Y9,0) -> 0 | AE9: =IFERROR(IF(AD9>V9,"ALTO","BAIXO"),"-") -> BAIXO | AF9: =IFERROR(IF(COUNTIF(Cadastros!B:B,D9)>0,SUMIFS(Diesel!J:J,Diesel!F:F,Dados!D9,Diesel!D:D,Dados!C9,Diesel!B:B,Dados!B9,Diesel!A:A,Dados!A9),SUMIFS(Diesel!J:J,Diesel!G:G,Dados!D9,Diesel!D:D,Dados!C9,Diesel!B:B,Dados!B9,Diesel!A:A,Dados!A9)),"-") -> 0 | AG9: =IFERROR(IF(COUNTIF(Cadastros!B:B,D9)>0,SUMIFS(Diesel!K:K,Diesel!F:F,Dados!D9,Diesel!D:D,Dados!C9,Diesel!B:B,Dados!B9,Diesel!A:A,Dados!A9),SUMIFS(Diesel!K:K,Diesel!G:G,Dados!D9,Diesel!D:D,Dados!C9,Diesel!B:B,Dados!B9,Diesel!A:A,Dados!A9)),"-") -> 0 | AH9: =IFERROR(IF(COUNTIF(Cadastros!B:B,D9)>0,ROUND(INDEX('Metas Diesel'!N:N,MATCH(Dados!D9,'Metas Diesel'!A:A))*COUNTIFS(Diesel!F:F,Dados!D9,Diesel!B:B,Dados!B9,Diesel!D:D,Dados!C9),3),SUMIFS(AH:AH,C:C,C9,D:D,IF(D9="CORTE","FEL*",IF(D9="ARRASTE","SKD*",IF(D9="TRAÇAMENTO","GAR*",""))),B:B,B9,A:A,A9)),"-") -> 0 | AI9: =IFERROR(AH9/AG9,"-") -> - | AJ9: =IFERROR(AF9/AG9,0) -> 0 | AK9: =IF(AJ9<0,"-",IF(AJ9<AI9,"BOA","RUIM")) -> BOA | AL9: =IFERROR(IF(COUNTIF(Cadastros!B:B,D9)>0,INDEX('Metas DM & DO'!O:O,MATCH(Dados!D9,'Metas DM & DO'!A:A,0)),AVERAGEIFS(W:W,C:C,C9,D:D,IF(D9="CORTE","FEL*",IF(D9="ARRASTE","SKD*",IF(D9="TRAÇAMENTO","GAR*",""))),B:B,B9,A:A,A9)),"-") -> - | AM9: =IFERROR(IF(COUNTIF(Cadastros!B:B,D9)>0,AVERAGEIFS('Controle Mensal'!H:H,'Controle Mensal'!E:E,Dados!D9,'Controle Mensal'!B:B,Dados!B9,'Controle Mensal'!A:A,Dados!A9),AVERAGEIFS('Controle Mensal'!H:H,'Controle Mensal'!F:F,Dados!D9,'Controle Mensal'!B:B,Dados!B9,'Controle Mensal'!A:A,Dados!A9)),"-") -> 1 | AN9: =IF(AM9<0,"-",IF(AM9<AL9,"BOA","RUIM")) -> BOA | AO9: =IFERROR(IF(COUNTIF(Cadastros!B:B,D9)>0,INDEX('Metas DM & DO'!S:S,MATCH(Dados!D9,'Metas DM & DO'!A:A,0)),AVERAGEIFS(W:W,C:C,C9,D:D,IF(D9="CORTE","FEL*",IF(D9="ARRASTE","SKD*",IF(D9="TRAÇAMENTO","GAR*",""))),B:B,B9,A:A,A9)),"-") -> - | AP9: =IFERROR(IF(COUNTIF(Cadastros!B:B,D9)>0,AVERAGEIFS('Controle Mensal'!N:N,'Controle Mensal'!E:E,Dados!D9,'Controle Mensal'!B:B,Dados!B9,'Controle Mensal'!A:A,Dados!A9),AVERAGEIFS('Controle Mensal'!N:N,'Controle Mensal'!F:F,Dados!D9,'Controle Mensal'!B:B,Dados!B9,'Controle Mensal'!A:A,Dados!A9)),"-") -> 1 | AQ9: =IF(AP9<0,"-",IF(AP9<AO9,"BOA","RUIM")) -> BOA | AR9: =IFERROR(AF9/M9,0) -> 0 | AS9: =IFERROR(M9/U9,"-") -> - | AT9: =IFERROR(IF(COUNTIF(Cadastros!B:B,D9)>0,_xlfn.MINIFS('BDT''s'!Q:Q,'BDT''s'!K:K,Dados!D9,'BDT''s'!B:B,Dados!B9,'BDT''s'!C:C,Dados!C9,'BDT''s'!A:A,Dados!A9),"-"),"-") -> - | AU9: =IFERROR(IF(COUNTIF(Cadastros!B:B,D9)>0,_xlfn.MAXIFS('BDT''s'!Q:Q,'BDT''s'!K:K,Dados!D9,'BDT''s'!B:B,Dados!B9,'BDT''s'!C:C,Dados!C9,'BDT''s'!A:A,Dados!A9),"-"),"-") -> - | AV9: =IFERROR(AU9-AT9,"-") -> -
A10: =IFERROR(YEAR(H10),"-") -> 2026 | B10: =IFERROR(DATE(YEAR(H10),MONTH(H10),MONTH(H10)),"-") -> 46023 | C10: CONTRATO 3 | D10: CORTE | E10: 46023 | F10: 46053 | G10: =IFERROR(F10-E10-I10+1,"-") -> 31 | H10: 46047 | J10: =IFERROR(H10-E10-I10+1,"-") -> 25 | K10: {=IFERROR(IF(COUNTIF(Cadastros!B:B,D10)>0,INDEX('Metas Mensais'!A:ZZ,MATCH(Dados!D10,'Metas Mensais'!A:A,0),MATCH(Dados!B10,'Metas Mensais'!9:9,0)+1),SUMIFS(K:K,C:C,C10,D:D,IF(D10="CORTE","FEL*",IF(D10="ARRASTE","SKD*",IF(D10="TRAÇAMENTO","GAR*",""))),B:B,B10,A:A,A10)),"-")} -> 0 | L10: 0 | M10: =IFERROR(IF(COUNTIF(Cadastros!B:B,D10)>0,SUMIFS('BDT''s'!V:V,'BDT''s'!K:K,Dados!D10,'BDT''s'!C:C,Dados!C10,'BDT''s'!B:B,Dados!B10,'BDT''s'!A:A,Dados!A10),SUMIFS('BDT''s'!V:V,'BDT''s'!L:L,Dados!D10,'BDT''s'!C:C,Dados!C10,'BDT''s'!B:B,Dados!B10,'BDT''s'!A:A,Dados!A10)),"-") -> 0 | N10: =IFERROR(M10/J10*G10,0) -> 0 | O10: =IFERROR(IF(L10>0,N10/L10-1,N10/K10-1),0) -> 0 | P10: =IFERROR(IF(L10>0,L10/G10,K10/G10),"-") -> 0 | Q10: =IFERROR(M10/J10,"-") -> 0 | R10: =IFERROR(IF(Q10>P10,"ALTO","BAIXO"),"-") -> BAIXO | S10: =IFERROR(IF(COUNTIF(Cadastros!B:B,D10)>0,ROUND(AVERAGEIFS('BDT''s'!E:E,'BDT''s'!K:K,Dados!D10,'BDT''s'!C:C,Dados!C10,'BDT''s'!B:B,Dados!B10,'BDT''s'!A:A,Dados!A10),2),ROUND(AVERAGEIFS('BDT''s'!E:E,'BDT''s'!L:L,Dados!D10,'BDT''s'!C:C,Dados!C10,'BDT''s'!B:B,Dados!B10,'BDT''s'!A:A,Dados!A10),2)),"-") -> - | T10: =IFERROR(M10/V10,"-") -> - | U10: =IFERROR(IF(COUNTIF(Cadastros!B:B,D10)>0,SUMIFS(Disponibilidade!Z:Z,Disponibilidade!E:E,Dados!D10,Disponibilidade!B:B,Dados!B10,Disponibilidade!A:A,Dados!A10),SUMIFS(Disponibilidade!Z:Z,Disponibilidade!F:F,Dados!D10,Disponibilidade!B:B,Dados!B10,Disponibilidade!A:A,Dados!A10)),"-") -> 0 | V10: =IFERROR(IF(COUNTIF(Cadastros!B:B,D10)>0,SUMIFS(Disponibilidade!AB:AB,Disponibilidade!E:E,Dados!D10,Disponibilidade!B:B,Dados!B10,Disponibilidade!A:A,Dados!A10),SUMIFS(Disponibilidade!AB:AB,Disponibilidade!F:F,Dados!D10,Disponibilidade!B:B,Dados!B10,Disponibilidade!A:A,Dados!A10)),"-") -> 0 | W10: =IFERROR(IF(COUNTIF(Cadastros!B:B,D10)>0,INDEX('Metas DM & DO'!X:X,MATCH(Dados!D10,'Metas DM & DO'!A:A,0)),SUMIFS(W:W,C:C,C10,D:D,IF(D10="CORTE","FEL*",IF(D10="ARRASTE","SKD*",IF(D10="TRAÇAMENTO","GAR*",""))),B:B,B10,A:A,A10)),"-") -> 0 | X10: =IFERROR(W10*G10,"-") -> 0 | Y10: {=IFERROR(IF(COUNTIF(Cadastros!B:B,D10)>0,COUNTA(_xlfn.UNIQUE(_xlfn._xlws.FILTER('BDT''s'!N:N,('BDT''s'!C:C=Dados!C10)*('BDT''s'!K:K=Dados!D10)*('BDT''s'!B:B=Dados!B10)*('BDT''s'!N:N<>"SEM OPERADOR")))),COUNTA(_xlfn.UNIQUE(_xlfn._xlws.FILTER('BDT''s'!N:N,('BDT''s'!C:C=Dados!C10)*('BDT''s'!L:L=Dados!D10)*('BDT''s'!B:B=Dados!B10)*('BDT''s'!N:N<>"SEM OPERADOR"))))),"-")} -> 1 | Z10: =IFERROR(P10/2,"-") -> 0 | AA10: =IFERROR(Z10*J10,"-") -> 0 | AB10: =IFERROR(K10/Y10,"-") -> 0 | AC10: =IFERROR(IF(AB10>AA10,"ALTO","BAIXO"),"-") -> BAIXO | AD10: =IFERROR(X10/Y10,0) -> 0 | AE10: =IFERROR(IF(AD10>V10,"ALTO","BAIXO"),"-") -> BAIXO | AF10: =IFERROR(IF(COUNTIF(Cadastros!B:B,D10)>0,SUMIFS(Diesel!J:J,Diesel!F:F,Dados!D10,Diesel!D:D,Dados!C10,Diesel!B:B,Dados!B10,Diesel!A:A,Dados!A10),SUMIFS(Diesel!J:J,Diesel!G:G,Dados!D10,Diesel!D:D,Dados!C10,Diesel!B:B,Dados!B10,Diesel!A:A,Dados!A10)),"-") -> 0 | AG10: =IFERROR(IF(COUNTIF(Cadastros!B:B,D10)>0,SUMIFS(Diesel!K:K,Diesel!F:F,Dados!D10,Diesel!D:D,Dados!C10,Diesel!B:B,Dados!B10,Diesel!A:A,Dados!A10),SUMIFS(Diesel!K:K,Diesel!G:G,Dados!D10,Diesel!D:D,Dados!C10,Diesel!B:B,Dados!B10,Diesel!A:A,Dados!A10)),"-") -> 0 | AH10: =IFERROR(IF(COUNTIF(Cadastros!B:B,D10)>0,ROUND(INDEX('Metas Diesel'!N:N,MATCH(Dados!D10,'Metas Diesel'!A:A))*COUNTIFS(Diesel!F:F,Dados!D10,Diesel!B:B,Dados!B10,Diesel!D:D,Dados!C10),3),SUMIFS(AH:AH,C:C,C10,D:D,IF(D10="CORTE","FEL*",IF(D10="ARRASTE","SKD*",IF(D10="TRAÇAMENTO","GAR*",""))),B:B,B10,A:A,A10)),"-") -> 0 | AI10: =IFERROR(AH10/AG10,"-") -> - | AJ10: =IFERROR(AF10/AG10,0) -> 0 | AK10: =IF(AJ10<0,"-",IF(AJ10<AI10,"BOA","RUIM")) -> BOA | AL10: =IFERROR(IF(COUNTIF(Cadastros!B:B,D10)>0,INDEX('Metas DM & DO'!O:O,MATCH(Dados!D10,'Metas DM & DO'!A:A,0)),AVERAGEIFS(W:W,C:C,C10,D:D,IF(D10="CORTE","FEL*",IF(D10="ARRASTE","SKD*",IF(D10="TRAÇAMENTO","GAR*",""))),B:B,B10,A:A,A10)),"-") -> - | AM10: =IFERROR(IF(COUNTIF(Cadastros!B:B,D10)>0,AVERAGEIFS('Controle Mensal'!H:H,'Controle Mensal'!E:E,Dados!D10,'Controle Mensal'!B:B,Dados!B10,'Controle Mensal'!A:A,Dados!A10),AVERAGEIFS('Controle Mensal'!H:H,'Controle Mensal'!F:F,Dados!D10,'Controle Mensal'!B:B,Dados!B10,'Controle Mensal'!A:A,Dados!A10)),"-") -> 1 | AN10: =IF(AM10<0,"-",IF(AM10<AL10,"BOA","RUIM")) -> BOA | AO10: =IFERROR(IF(COUNTIF(Cadastros!B:B,D10)>0,INDEX('Metas DM & DO'!S:S,MATCH(Dados!D10,'Metas DM & DO'!A:A,0)),AVERAGEIFS(W:W,C:C,C10,D:D,IF(D10="CORTE","FEL*",IF(D10="ARRASTE","SKD*",IF(D10="TRAÇAMENTO","GAR*",""))),B:B,B10,A:A,A10)),"-") -> - | AP10: =IFERROR(IF(COUNTIF(Cadastros!B:B,D10)>0,AVERAGEIFS('Controle Mensal'!N:N,'Controle Mensal'!E:E,Dados!D10,'Controle Mensal'!B:B,Dados!B10,'Controle Mensal'!A:A,Dados!A10),AVERAGEIFS('Controle Mensal'!N:N,'Controle Mensal'!F:F,Dados!D10,'Controle Mensal'!B:B,Dados!B10,'Controle Mensal'!A:A,Dados!A10)),"-") -> 1 | AQ10: =IF(AP10<0,"-",IF(AP10<AO10,"BOA","RUIM")) -> BOA | AR10: =IFERROR(AF10/M10,0) -> 0 | AS10: =IFERROR(M10/U10,"-") -> - | AT10: =IFERROR(IF(COUNTIF(Cadastros!B:B,D10)>0,_xlfn.MINIFS('BDT''s'!Q:Q,'BDT''s'!K:K,Dados!D10,'BDT''s'!B:B,Dados!B10,'BDT''s'!C:C,Dados!C10,'BDT''s'!A:A,Dados!A10),"-"),"-") -> - | AU10: =IFERROR(IF(COUNTIF(Cadastros!B:B,D10)>0,_xlfn.MAXIFS('BDT''s'!Q:Q,'BDT''s'!K:K,Dados!D10,'BDT''s'!B:B,Dados!B10,'BDT''s'!C:C,Dados!C10,'BDT''s'!A:A,Dados!A10),"-"),"-") -> - | AV10: =IFERROR(AU10-AT10,"-") -> -
A11: =IFERROR(YEAR(H11),"-") -> 2026 | B11: =IFERROR(DATE(YEAR(H11),MONTH(H11),MONTH(H11)),"-") -> 46023 | C11: CONTRATO 1 | D11: ARRASTE | E11: 46023 | F11: 46053 | G11: =IFERROR(F11-E11-I11+1,"-") -> 31 | H11: 46047 | J11: =IFERROR(H11-E11-I11+1,"-") -> 25 | K11: {=IFERROR(IF(COUNTIF(Cadastros!B:B,D11)>0,INDEX('Metas Mensais'!A:ZZ,MATCH(Dados!D11,'Metas Mensais'!A:A,0),MATCH(Dados!B11,'Metas Mensais'!10:10,0)+1),SUMIFS(K:K,C:C,C11,D:D,IF(D11="CORTE","FEL*",IF(D11="ARRASTE","SKD*",IF(D11="TRAÇAMENTO","GAR*",""))),B:B,B11,A:A,A11)),"-")} -> 0 | L11: 0 | M11: =IFERROR(IF(COUNTIF(Cadastros!B:B,D11)>0,SUMIFS('BDT''s'!V:V,'BDT''s'!K:K,Dados!D11,'BDT''s'!C:C,Dados!C11,'BDT''s'!B:B,Dados!B11,'BDT''s'!A:A,Dados!A11),SUMIFS('BDT''s'!V:V,'BDT''s'!L:L,Dados!D11,'BDT''s'!C:C,Dados!C11,'BDT''s'!B:B,Dados!B11,'BDT''s'!A:A,Dados!A11)),"-") -> 5530 | N11: =IFERROR(M11/J11*G11,0) -> 6857.2 | O11: =IFERROR(IF(L11>0,N11/L11-1,N11/K11-1),0) -> 0 | P11: =IFERROR(IF(L11>0,L11/G11,K11/G11),"-") -> 0 | Q11: =IFERROR(M11/J11,"-") -> 221.2 | R11: =IFERROR(IF(Q11>P11,"ALTO","BAIXO"),"-") -> ALTO | S11: =IFERROR(IF(COUNTIF(Cadastros!B:B,D11)>0,ROUND(AVERAGEIFS('BDT''s'!E:E,'BDT''s'!K:K,Dados!D11,'BDT''s'!C:C,Dados!C11,'BDT''s'!B:B,Dados!B11,'BDT''s'!A:A,Dados!A11),2),ROUND(AVERAGEIFS('BDT''s'!E:E,'BDT''s'!L:L,Dados!D11,'BDT''s'!C:C,Dados!C11,'BDT''s'!B:B,Dados!B11,'BDT''s'!A:A,Dados!A11),2)),"-") -> 0.16 | T11: =IFERROR(M11/V11,"-") -> - | U11: =IFERROR(IF(COUNTIF(Cadastros!B:B,D11)>0,SUMIFS(Disponibilidade!Z:Z,Disponibilidade!E:E,Dados!D11,Disponibilidade!B:B,Dados!B11,Disponibilidade!A:A,Dados!A11),SUMIFS(Disponibilidade!Z:Z,Disponibilidade!F:F,Dados!D11,Disponibilidade!B:B,Dados!B11,Disponibilidade!A:A,Dados!A11)),"-") -> 0 | V11: =IFERROR(IF(COUNTIF(Cadastros!B:B,D11)>0,SUMIFS(Disponibilidade!AB:AB,Disponibilidade!E:E,Dados!D11,Disponibilidade!B:B,Dados!B11,Disponibilidade!A:A,Dados!A11),SUMIFS(Disponibilidade!AB:AB,Disponibilidade!F:F,Dados!D11,Disponibilidade!B:B,Dados!B11,Disponibilidade!A:A,Dados!A11)),"-") -> 0 | W11: =IFERROR(IF(COUNTIF(Cadastros!B:B,D11)>0,INDEX('Metas DM & DO'!X:X,MATCH(Dados!D11,'Metas DM & DO'!A:A,0)),SUMIFS(W:W,C:C,C11,D:D,IF(D11="CORTE","FEL*",IF(D11="ARRASTE","SKD*",IF(D11="TRAÇAMENTO","GAR*",""))),B:B,B11,A:A,A11)),"-") -> 0 | X11: =IFERROR(W11*G11,"-") -> 0 | Y11: {=IFERROR(IF(COUNTIF(Cadastros!B:B,D11)>0,COUNTA(_xlfn.UNIQUE(_xlfn._xlws.FILTER('BDT''s'!N:N,('BDT''s'!C:C=Dados!C11)*('BDT''s'!K:K=Dados!D11)*('BDT''s'!B:B=Dados!B11)*('BDT''s'!N:N<>"SEM OPERADOR")))),COUNTA(_xlfn.UNIQUE(_xlfn._xlws.FILTER('BDT''s'!N:N,('BDT''s'!C:C=Dados!C11)*('BDT''s'!L:L=Dados!D11)*('BDT''s'!B:B=Dados!B11)*('BDT''s'!N:N<>"SEM OPERADOR"))))),"-")} -> 4 | Z11: =IFERROR(P11/2,"-") -> 0 | AA11: =IFERROR(Z11*J11,"-") -> 0 | AB11: =IFERROR(K11/Y11,"-") -> 0 | AC11: =IFERROR(IF(AB11>AA11,"ALTO","BAIXO"),"-") -> BAIXO | AD11: =IFERROR(X11/Y11,0) -> 0 | AE11: =IFERROR(IF(AD11>V11,"ALTO","BAIXO"),"-") -> BAIXO | AF11: =IFERROR(IF(COUNTIF(Cadastros!B:B,D11)>0,SUMIFS(Diesel!J:J,Diesel!F:F,Dados!D11,Diesel!D:D,Dados!C11,Diesel!B:B,Dados!B11,Diesel!A:A,Dados!A11),SUMIFS(Diesel!J:J,Diesel!G:G,Dados!D11,Diesel!D:D,Dados!C11,Diesel!B:B,Dados!B11,Diesel!A:A,Dados!A11)),"-") -> 1000 | AG11: =IFERROR(IF(COUNTIF(Cadastros!B:B,D11)>0,SUMIFS(Diesel!K:K,Diesel!F:F,Dados!D11,Diesel!D:D,Dados!C11,Diesel!B:B,Dados!B11,Diesel!A:A,Dados!A11),SUMIFS(Diesel!K:K,Diesel!G:G,Dados!D11,Diesel!D:D,Dados!C11,Diesel!B:B,Dados!B11,Diesel!A:A,Dados!A11)),"-") -> 30 | AH11: =IFERROR(IF(COUNTIF(Cadastros!B:B,D11)>0,ROUND(INDEX('Metas Diesel'!N:N,MATCH(Dados!D11,'Metas Diesel'!A:A))*COUNTIFS(Diesel!F:F,Dados!D11,Diesel!B:B,Dados!B11,Diesel!D:D,Dados!C11),3),SUMIFS(AH:AH,C:C,C11,D:D,IF(D11="CORTE","FEL*",IF(D11="ARRASTE","SKD*",IF(D11="TRAÇAMENTO","GAR*",""))),B:B,B11,A:A,A11)),"-") -> 0 | AI11: =IFERROR(AH11/AG11,"-") -> 0 | AJ11: =IFERROR(AF11/AG11,0) -> 33.333333 | AK11: =IF(AJ11<0,"-",IF(AJ11<AI11,"BOA","RUIM")) -> RUIM | AL11: =IFERROR(IF(COUNTIF(Cadastros!B:B,D11)>0,INDEX('Metas DM & DO'!O:O,MATCH(Dados!D11,'Metas DM & DO'!A:A,0)),AVERAGEIFS(W:W,C:C,C11,D:D,IF(D11="CORTE","FEL*",IF(D11="ARRASTE","SKD*",IF(D11="TRAÇAMENTO","GAR*",""))),B:B,B11,A:A,A11)),"-") -> - | AM11: =IFERROR(IF(COUNTIF(Cadastros!B:B,D11)>0,AVERAGEIFS('Controle Mensal'!H:H,'Controle Mensal'!E:E,Dados!D11,'Controle Mensal'!B:B,Dados!B11,'Controle Mensal'!A:A,Dados!A11),AVERAGEIFS('Controle Mensal'!H:H,'Controle Mensal'!F:F,Dados!D11,'Controle Mensal'!B:B,Dados!B11,'Controle Mensal'!A:A,Dados!A11)),"-") -> 1 | AN11: =IF(AM11<0,"-",IF(AM11<AL11,"BOA","RUIM")) -> BOA | AO11: =IFERROR(IF(COUNTIF(Cadastros!B:B,D11)>0,INDEX('Metas DM & DO'!S:S,MATCH(Dados!D11,'Metas DM & DO'!A:A,0)),AVERAGEIFS(W:W,C:C,C11,D:D,IF(D11="CORTE","FEL*",IF(D11="ARRASTE","SKD*",IF(D11="TRAÇAMENTO","GAR*",""))),B:B,B11,A:A,A11)),"-") -> - | AP11: =IFERROR(IF(COUNTIF(Cadastros!B:B,D11)>0,AVERAGEIFS('Controle Mensal'!N:N,'Controle Mensal'!E:E,Dados!D11,'Controle Mensal'!B:B,Dados!B11,'Controle Mensal'!A:A,Dados!A11),AVERAGEIFS('Controle Mensal'!N:N,'Controle Mensal'!F:F,Dados!D11,'Controle Mensal'!B:B,Dados!B11,'Controle Mensal'!A:A,Dados!A11)),"-") -> 1 | AQ11: =IF(AP11<0,"-",IF(AP11<AO11,"BOA","RUIM")) -> BOA | AR11: =IFERROR(AF11/M11,0) -> 0.18083183 | AS11: =IFERROR(M11/U11,"-") -> - | AT11: =IFERROR(IF(COUNTIF(Cadastros!B:B,D11)>0,_xlfn.MINIFS('BDT''s'!Q:Q,'BDT''s'!K:K,Dados!D11,'BDT''s'!B:B,Dados!B11,'BDT''s'!C:C,Dados!C11,'BDT''s'!A:A,Dados!A11),"-"),"-") -> - | AU11: =IFERROR(IF(COUNTIF(Cadastros!B:B,D11)>0,_xlfn.MAXIFS('BDT''s'!Q:Q,'BDT''s'!K:K,Dados!D11,'BDT''s'!B:B,Dados!B11,'BDT''s'!C:C,Dados!C11,'BDT''s'!A:A,Dados!A11),"-"),"-") -> - | AV11: =IFERROR(AU11-AT11,"-") -> -
A12: =IFERROR(YEAR(H12),"-") -> 2026 | B12: =IFERROR(DATE(YEAR(H12),MONTH(H12),MONTH(H12)),"-") -> 46023 | C12: CONTRATO 2 | D12: ARRASTE | E12: 46023 | F12: 46053 | G12: =IFERROR(F12-E12-I12+1,"-") -> 31 | H12: 46047 | J12: =IFERROR(H12-E12-I12+1,"-") -> 25 | K12: {=IFERROR(IF(COUNTIF(Cadastros!B:B,D12)>0,INDEX('Metas Mensais'!A:ZZ,MATCH(Dados!D12,'Metas Mensais'!A:A,0),MATCH(Dados!B12,'Metas Mensais'!11:11,0)+1),SUMIFS(K:K,C:C,C12,D:D,IF(D12="CORTE","FEL*",IF(D12="ARRASTE","SKD*",IF(D12="TRAÇAMENTO","GAR*",""))),B:B,B12,A:A,A12)),"-")} -> 0 | L12: 0 | M12: =IFERROR(IF(COUNTIF(Cadastros!B:B,D12)>0,SUMIFS('BDT''s'!V:V,'BDT''s'!K:K,Dados!D12,'BDT''s'!C:C,Dados!C12,'BDT''s'!B:B,Dados!B12,'BDT''s'!A:A,Dados!A12),SUMIFS('BDT''s'!V:V,'BDT''s'!L:L,Dados!D12,'BDT''s'!C:C,Dados!C12,'BDT''s'!B:B,Dados!B12,'BDT''s'!A:A,Dados!A12)),"-") -> 0 | N12: =IFERROR(M12/J12*G12,0) -> 0 | O12: =IFERROR(IF(L12>0,N12/L12-1,N12/K12-1),0) -> 0 | P12: =IFERROR(IF(L12>0,L12/G12,K12/G12),"-") -> 0 | Q12: =IFERROR(M12/J12,"-") -> 0 | R12: =IFERROR(IF(Q12>P12,"ALTO","BAIXO"),"-") -> BAIXO | S12: =IFERROR(IF(COUNTIF(Cadastros!B:B,D12)>0,ROUND(AVERAGEIFS('BDT''s'!E:E,'BDT''s'!K:K,Dados!D12,'BDT''s'!C:C,Dados!C12,'BDT''s'!B:B,Dados!B12,'BDT''s'!A:A,Dados!A12),2),ROUND(AVERAGEIFS('BDT''s'!E:E,'BDT''s'!L:L,Dados!D12,'BDT''s'!C:C,Dados!C12,'BDT''s'!B:B,Dados!B12,'BDT''s'!A:A,Dados!A12),2)),"-") -> - | T12: =IFERROR(M12/V12,"-") -> - | U12: =IFERROR(IF(COUNTIF(Cadastros!B:B,D12)>0,SUMIFS(Disponibilidade!Z:Z,Disponibilidade!E:E,Dados!D12,Disponibilidade!B:B,Dados!B12,Disponibilidade!A:A,Dados!A12),SUMIFS(Disponibilidade!Z:Z,Disponibilidade!F:F,Dados!D12,Disponibilidade!B:B,Dados!B12,Disponibilidade!A:A,Dados!A12)),"-") -> 0 | V12: =IFERROR(IF(COUNTIF(Cadastros!B:B,D12)>0,SUMIFS(Disponibilidade!AB:AB,Disponibilidade!E:E,Dados!D12,Disponibilidade!B:B,Dados!B12,Disponibilidade!A:A,Dados!A12),SUMIFS(Disponibilidade!AB:AB,Disponibilidade!F:F,Dados!D12,Disponibilidade!B:B,Dados!B12,Disponibilidade!A:A,Dados!A12)),"-") -> 0 | W12: =IFERROR(IF(COUNTIF(Cadastros!B:B,D12)>0,INDEX('Metas DM & DO'!X:X,MATCH(Dados!D12,'Metas DM & DO'!A:A,0)),SUMIFS(W:W,C:C,C12,D:D,IF(D12="CORTE","FEL*",IF(D12="ARRASTE","SKD*",IF(D12="TRAÇAMENTO","GAR*",""))),B:B,B12,A:A,A12)),"-") -> 0 | X12: =IFERROR(W12*G12,"-") -> 0 | Y12: {=IFERROR(IF(COUNTIF(Cadastros!B:B,D12)>0,COUNTA(_xlfn.UNIQUE(_xlfn._xlws.FILTER('BDT''s'!N:N,('BDT''s'!C:C=Dados!C12)*('BDT''s'!K:K=Dados!D12)*('BDT''s'!B:B=Dados!B12)*('BDT''s'!N:N<>"SEM OPERADOR")))),COUNTA(_xlfn.UNIQUE(_xlfn._xlws.FILTER('BDT''s'!N:N,('BDT''s'!C:C=Dados!C12)*('BDT''s'!L:L=Dados!D12)*('BDT''s'!B:B=Dados!B12)*('BDT''s'!N:N<>"SEM OPERADOR"))))),"-")} -> 1 | Z12: =IFERROR(P12/2,"-") -> 0 | AA12: =IFERROR(Z12*J12,"-") -> 0 | AB12: =IFERROR(K12/Y12,"-") -> 0 | AC12: =IFERROR(IF(AB12>AA12,"ALTO","BAIXO"),"-") -> BAIXO | AD12: =IFERROR(X12/Y12,0) -> 0 | AE12: =IFERROR(IF(AD12>V12,"ALTO","BAIXO"),"-") -> BAIXO | AF12: =IFERROR(IF(COUNTIF(Cadastros!B:B,D12)>0,SUMIFS(Diesel!J:J,Diesel!F:F,Dados!D12,Diesel!D:D,Dados!C12,Diesel!B:B,Dados!B12,Diesel!A:A,Dados!A12),SUMIFS(Diesel!J:J,Diesel!G:G,Dados!D12,Diesel!D:D,Dados!C12,Diesel!B:B,Dados!B12,Diesel!A:A,Dados!A12)),"-") -> 0 | AG12: =IFERROR(IF(COUNTIF(Cadastros!B:B,D12)>0,SUMIFS(Diesel!K:K,Diesel!F:F,Dados!D12,Diesel!D:D,Dados!C12,Diesel!B:B,Dados!B12,Diesel!A:A,Dados!A12),SUMIFS(Diesel!K:K,Diesel!G:G,Dados!D12,Diesel!D:D,Dados!C12,Diesel!B:B,Dados!B12,Diesel!A:A,Dados!A12)),"-") -> 0 | AH12: =IFERROR(IF(COUNTIF(Cadastros!B:B,D12)>0,ROUND(INDEX('Metas Diesel'!N:N,MATCH(Dados!D12,'Metas Diesel'!A:A))*COUNTIFS(Diesel!F:F,Dados!D12,Diesel!B:B,Dados!B12,Diesel!D:D,Dados!C12),3),SUMIFS(AH:AH,C:C,C12,D:D,IF(D12="CORTE","FEL*",IF(D12="ARRASTE","SKD*",IF(D12="TRAÇAMENTO","GAR*",""))),B:B,B12,A:A,A12)),"-") -> 0 | AI12: =IFERROR(AH12/AG12,"-") -> - | AJ12: =IFERROR(AF12/AG12,0) -> 0 | AK12: =IF(AJ12<0,"-",IF(AJ12<AI12,"BOA","RUIM")) -> BOA | AL12: =IFERROR(IF(COUNTIF(Cadastros!B:B,D12)>0,INDEX('Metas DM & DO'!O:O,MATCH(Dados!D12,'Metas DM & DO'!A:A,0)),AVERAGEIFS(W:W,C:C,C12,D:D,IF(D12="CORTE","FEL*",IF(D12="ARRASTE","SKD*",IF(D12="TRAÇAMENTO","GAR*",""))),B:B,B12,A:A,A12)),"-") -> - | AM12: =IFERROR(IF(COUNTIF(Cadastros!B:B,D12)>0,AVERAGEIFS('Controle Mensal'!H:H,'Controle Mensal'!E:E,Dados!D12,'Controle Mensal'!B:B,Dados!B12,'Controle Mensal'!A:A,Dados!A12),AVERAGEIFS('Controle Mensal'!H:H,'Controle Mensal'!F:F,Dados!D12,'Controle Mensal'!B:B,Dados!B12,'Controle Mensal'!A:A,Dados!A12)),"-") -> 1 | AN12: =IF(AM12<0,"-",IF(AM12<AL12,"BOA","RUIM")) -> BOA | AO12: =IFERROR(IF(COUNTIF(Cadastros!B:B,D12)>0,INDEX('Metas DM & DO'!S:S,MATCH(Dados!D12,'Metas DM & DO'!A:A,0)),AVERAGEIFS(W:W,C:C,C12,D:D,IF(D12="CORTE","FEL*",IF(D12="ARRASTE","SKD*",IF(D12="TRAÇAMENTO","GAR*",""))),B:B,B12,A:A,A12)),"-") -> - | AP12: =IFERROR(IF(COUNTIF(Cadastros!B:B,D12)>0,AVERAGEIFS('Controle Mensal'!N:N,'Controle Mensal'!E:E,Dados!D12,'Controle Mensal'!B:B,Dados!B12,'Controle Mensal'!A:A,Dados!A12),AVERAGEIFS('Controle Mensal'!N:N,'Controle Mensal'!F:F,Dados!D12,'Controle Mensal'!B:B,Dados!B12,'Controle Mensal'!A:A,Dados!A12)),"-") -> 1 | AQ12: =IF(AP12<0,"-",IF(AP12<AO12,"BOA","RUIM")) -> BOA | AR12: =IFERROR(AF12/M12,0) -> 0 | AS12: =IFERROR(M12/U12,"-") -> - | AT12: =IFERROR(IF(COUNTIF(Cadastros!B:B,D12)>0,_xlfn.MINIFS('BDT''s'!Q:Q,'BDT''s'!K:K,Dados!D12,'BDT''s'!B:B,Dados!B12,'BDT''s'!C:C,Dados!C12,'BDT''s'!A:A,Dados!A12),"-"),"-") -> - | AU12: =IFERROR(IF(COUNTIF(Cadastros!B:B,D12)>0,_xlfn.MAXIFS('BDT''s'!Q:Q,'BDT''s'!K:K,Dados!D12,'BDT''s'!B:B,Dados!B12,'BDT''s'!C:C,Dados!C12,'BDT''s'!A:A,Dados!A12),"-"),"-") -> - | AV12: =IFERROR(AU12-AT12,"-") -> -
A13: =IFERROR(YEAR(H13),"-") -> 2026 | B13: =IFERROR(DATE(YEAR(H13),MONTH(H13),MONTH(H13)),"-") -> 46023 | C13: CONTRATO 3 | D13: ARRASTE | E13: 46023 | F13: 46053 | G13: =IFERROR(F13-E13-I13+1,"-") -> 31 | H13: 46047 | J13: =IFERROR(H13-E13-I13+1,"-") -> 25 | K13: {=IFERROR(IF(COUNTIF(Cadastros!B:B,D13)>0,INDEX('Metas Mensais'!A:ZZ,MATCH(Dados!D13,'Metas Mensais'!A:A,0),MATCH(Dados!B13,'Metas Mensais'!12:12,0)+1),SUMIFS(K:K,C:C,C13,D:D,IF(D13="CORTE","FEL*",IF(D13="ARRASTE","SKD*",IF(D13="TRAÇAMENTO","GAR*",""))),B:B,B13,A:A,A13)),"-")} -> 0 | L13: 0 | M13: =IFERROR(IF(COUNTIF(Cadastros!B:B,D13)>0,SUMIFS('BDT''s'!V:V,'BDT''s'!K:K,Dados!D13,'BDT''s'!C:C,Dados!C13,'BDT''s'!B:B,Dados!B13,'BDT''s'!A:A,Dados!A13),SUMIFS('BDT''s'!V:V,'BDT''s'!L:L,Dados!D13,'BDT''s'!C:C,Dados!C13,'BDT''s'!B:B,Dados!B13,'BDT''s'!A:A,Dados!A13)),"-") -> 0 | N13: =IFERROR(M13/J13*G13,0) -> 0 | O13: =IFERROR(IF(L13>0,N13/L13-1,N13/K13-1),0) -> 0 | P13: =IFERROR(IF(L13>0,L13/G13,K13/G13),"-") -> 0 | Q13: =IFERROR(M13/J13,"-") -> 0 | R13: =IFERROR(IF(Q13>P13,"ALTO","BAIXO"),"-") -> BAIXO | S13: =IFERROR(IF(COUNTIF(Cadastros!B:B,D13)>0,ROUND(AVERAGEIFS('BDT''s'!E:E,'BDT''s'!K:K,Dados!D13,'BDT''s'!C:C,Dados!C13,'BDT''s'!B:B,Dados!B13,'BDT''s'!A:A,Dados!A13),2),ROUND(AVERAGEIFS('BDT''s'!E:E,'BDT''s'!L:L,Dados!D13,'BDT''s'!C:C,Dados!C13,'BDT''s'!B:B,Dados!B13,'BDT''s'!A:A,Dados!A13),2)),"-") -> - | T13: =IFERROR(M13/V13,"-") -> - | U13: =IFERROR(IF(COUNTIF(Cadastros!B:B,D13)>0,SUMIFS(Disponibilidade!Z:Z,Disponibilidade!E:E,Dados!D13,Disponibilidade!B:B,Dados!B13,Disponibilidade!A:A,Dados!A13),SUMIFS(Disponibilidade!Z:Z,Disponibilidade!F:F,Dados!D13,Disponibilidade!B:B,Dados!B13,Disponibilidade!A:A,Dados!A13)),"-") -> 0 | V13: =IFERROR(IF(COUNTIF(Cadastros!B:B,D13)>0,SUMIFS(Disponibilidade!AB:AB,Disponibilidade!E:E,Dados!D13,Disponibilidade!B:B,Dados!B13,Disponibilidade!A:A,Dados!A13),SUMIFS(Disponibilidade!AB:AB,Disponibilidade!F:F,Dados!D13,Disponibilidade!B:B,Dados!B13,Disponibilidade!A:A,Dados!A13)),"-") -> 0 | W13: =IFERROR(IF(COUNTIF(Cadastros!B:B,D13)>0,INDEX('Metas DM & DO'!X:X,MATCH(Dados!D13,'Metas DM & DO'!A:A,0)),SUMIFS(W:W,C:C,C13,D:D,IF(D13="CORTE","FEL*",IF(D13="ARRASTE","SKD*",IF(D13="TRAÇAMENTO","GAR*",""))),B:B,B13,A:A,A13)),"-") -> 0 | X13: =IFERROR(W13*G13,"-") -> 0 | Y13: {=IFERROR(IF(COUNTIF(Cadastros!B:B,D13)>0,COUNTA(_xlfn.UNIQUE(_xlfn._xlws.FILTER('BDT''s'!N:N,('BDT''s'!C:C=Dados!C13)*('BDT''s'!K:K=Dados!D13)*('BDT''s'!B:B=Dados!B13)*('BDT''s'!N:N<>"SEM OPERADOR")))),COUNTA(_xlfn.UNIQUE(_xlfn._xlws.FILTER('BDT''s'!N:N,('BDT''s'!C:C=Dados!C13)*('BDT''s'!L:L=Dados!D13)*('BDT''s'!B:B=Dados!B13)*('BDT''s'!N:N<>"SEM OPERADOR"))))),"-")} -> 1 | Z13: =IFERROR(P13/2,"-") -> 0 | AA13: =IFERROR(Z13*J13,"-") -> 0 | AB13: =IFERROR(K13/Y13,"-") -> 0 | AC13: =IFERROR(IF(AB13>AA13,"ALTO","BAIXO"),"-") -> BAIXO | AD13: =IFERROR(X13/Y13,0) -> 0 | AE13: =IFERROR(IF(AD13>V13,"ALTO","BAIXO"),"-") -> BAIXO | AF13: =IFERROR(IF(COUNTIF(Cadastros!B:B,D13)>0,SUMIFS(Diesel!J:J,Diesel!F:F,Dados!D13,Diesel!D:D,Dados!C13,Diesel!B:B,Dados!B13,Diesel!A:A,Dados!A13),SUMIFS(Diesel!J:J,Diesel!G:G,Dados!D13,Diesel!D:D,Dados!C13,Diesel!B:B,Dados!B13,Diesel!A:A,Dados!A13)),"-") -> 0 | AG13: =IFERROR(IF(COUNTIF(Cadastros!B:B,D13)>0,SUMIFS(Diesel!K:K,Diesel!F:F,Dados!D13,Diesel!D:D,Dados!C13,Diesel!B:B,Dados!B13,Diesel!A:A,Dados!A13),SUMIFS(Diesel!K:K,Diesel!G:G,Dados!D13,Diesel!D:D,Dados!C13,Diesel!B:B,Dados!B13,Diesel!A:A,Dados!A13)),"-") -> 0 | AH13: =IFERROR(IF(COUNTIF(Cadastros!B:B,D13)>0,ROUND(INDEX('Metas Diesel'!N:N,MATCH(Dados!D13,'Metas Diesel'!A:A))*COUNTIFS(Diesel!F:F,Dados!D13,Diesel!B:B,Dados!B13,Diesel!D:D,Dados!C13),3),SUMIFS(AH:AH,C:C,C13,D:D,IF(D13="CORTE","FEL*",IF(D13="ARRASTE","SKD*",IF(D13="TRAÇAMENTO","GAR*",""))),B:B,B13,A:A,A13)),"-") -> 0 | AI13: =IFERROR(AH13/AG13,"-") -> - | AJ13: =IFERROR(AF13/AG13,0) -> 0 | AK13: =IF(AJ13<0,"-",IF(AJ13<AI13,"BOA","RUIM")) -> BOA | AL13: =IFERROR(IF(COUNTIF(Cadastros!B:B,D13)>0,INDEX('Metas DM & DO'!O:O,MATCH(Dados!D13,'Metas DM & DO'!A:A,0)),AVERAGEIFS(W:W,C:C,C13,D:D,IF(D13="CORTE","FEL*",IF(D13="ARRASTE","SKD*",IF(D13="TRAÇAMENTO","GAR*",""))),B:B,B13,A:A,A13)),"-") -> - | AM13: =IFERROR(IF(COUNTIF(Cadastros!B:B,D13)>0,AVERAGEIFS('Controle Mensal'!H:H,'Controle Mensal'!E:E,Dados!D13,'Controle Mensal'!B:B,Dados!B13,'Controle Mensal'!A:A,Dados!A13),AVERAGEIFS('Controle Mensal'!H:H,'Controle Mensal'!F:F,Dados!D13,'Controle Mensal'!B:B,Dados!B13,'Controle Mensal'!A:A,Dados!A13)),"-") -> 1 | AN13: =IF(AM13<0,"-",IF(AM13<AL13,"BOA","RUIM")) -> BOA | AO13: =IFERROR(IF(COUNTIF(Cadastros!B:B,D13)>0,INDEX('Metas DM & DO'!S:S,MATCH(Dados!D13,'Metas DM & DO'!A:A,0)),AVERAGEIFS(W:W,C:C,C13,D:D,IF(D13="CORTE","FEL*",IF(D13="ARRASTE","SKD*",IF(D13="TRAÇAMENTO","GAR*",""))),B:B,B13,A:A,A13)),"-") -> - | AP13: =IFERROR(IF(COUNTIF(Cadastros!B:B,D13)>0,AVERAGEIFS('Controle Mensal'!N:N,'Controle Mensal'!E:E,Dados!D13,'Controle Mensal'!B:B,Dados!B13,'Controle Mensal'!A:A,Dados!A13),AVERAGEIFS('Controle Mensal'!N:N,'Controle Mensal'!F:F,Dados!D13,'Controle Mensal'!B:B,Dados!B13,'Controle Mensal'!A:A,Dados!A13)),"-") -> 1 | AQ13: =IF(AP13<0,"-",IF(AP13<AO13,"BOA","RUIM")) -> BOA | AR13: =IFERROR(AF13/M13,0) -> 0 | AS13: =IFERROR(M13/U13,"-") -> - | AT13: =IFERROR(IF(COUNTIF(Cadastros!B:B,D13)>0,_xlfn.MINIFS('BDT''s'!Q:Q,'BDT''s'!K:K,Dados!D13,'BDT''s'!B:B,Dados!B13,'BDT''s'!C:C,Dados!C13,'BDT''s'!A:A,Dados!A13),"-"),"-") -> - | AU13: =IFERROR(IF(COUNTIF(Cadastros!B:B,D13)>0,_xlfn.MAXIFS('BDT''s'!Q:Q,'BDT''s'!K:K,Dados!D13,'BDT''s'!B:B,Dados!B13,'BDT''s'!C:C,Dados!C13,'BDT''s'!A:A,Dados!A13),"-"),"-") -> - | AV13: =IFERROR(AU13-AT13,"-") -> -
A14: =IFERROR(YEAR(H14),"-") -> 2026 | B14: =IFERROR(DATE(YEAR(H14),MONTH(H14),MONTH(H14)),"-") -> 46023 | C14: CONTRATO 1 | D14: TRAÇAMENTO | E14: 46023 | F14: 46053 | G14: =IFERROR(F14-E14-I14+1,"-") -> 31 | H14: 46047 | J14: =IFERROR(H14-E14-I14+1,"-") -> 25 | K14: {=IFERROR(IF(COUNTIF(Cadastros!B:B,D14)>0,INDEX('Metas Mensais'!A:ZZ,MATCH(Dados!D14,'Metas Mensais'!A:A,0),MATCH(Dados!B14,'Metas Mensais'!13:13,0)+1),SUMIFS(K:K,C:C,C14,D:D,IF(D14="CORTE","FEL*",IF(D14="ARRASTE","SKD*",IF(D14="TRAÇAMENTO","GAR*",""))),B:B,B14,A:A,A14)),"-")} -> 14693.056 | L14: 0 | M14: =IFERROR(IF(COUNTIF(Cadastros!B:B,D14)>0,SUMIFS('BDT''s'!V:V,'BDT''s'!K:K,Dados!D14,'BDT''s'!C:C,Dados!C14,'BDT''s'!B:B,Dados!B14,'BDT''s'!A:A,Dados!A14),SUMIFS('BDT''s'!V:V,'BDT''s'!L:L,Dados!D14,'BDT''s'!C:C,Dados!C14,'BDT''s'!B:B,Dados!B14,'BDT''s'!A:A,Dados!A14)),"-") -> 3970 | N14: =IFERROR(M14/J14*G14,0) -> 4922.8 | O14: =IFERROR(IF(L14>0,N14/L14-1,N14/K14-1),0) -> -0.66495737 | P14: =IFERROR(IF(L14>0,L14/G14,K14/G14),"-") -> 473.96953 | Q14: =IFERROR(M14/J14,"-") -> 158.8 | R14: =IFERROR(IF(Q14>P14,"ALTO","BAIXO"),"-") -> BAIXO | S14: =IFERROR(IF(COUNTIF(Cadastros!B:B,D14)>0,ROUND(AVERAGEIFS('BDT''s'!E:E,'BDT''s'!K:K,Dados!D14,'BDT''s'!C:C,Dados!C14,'BDT''s'!B:B,Dados!B14,'BDT''s'!A:A,Dados!A14),2),ROUND(AVERAGEIFS('BDT''s'!E:E,'BDT''s'!L:L,Dados!D14,'BDT''s'!C:C,Dados!C14,'BDT''s'!B:B,Dados!B14,'BDT''s'!A:A,Dados!A14),2)),"-") -> 0.16 | T14: =IFERROR(M14/V14,"-") -> - | U14: =IFERROR(IF(COUNTIF(Cadastros!B:B,D14)>0,SUMIFS(Disponibilidade!Z:Z,Disponibilidade!E:E,Dados!D14,Disponibilidade!B:B,Dados!B14,Disponibilidade!A:A,Dados!A14),SUMIFS(Disponibilidade!Z:Z,Disponibilidade!F:F,Dados!D14,Disponibilidade!B:B,Dados!B14,Disponibilidade!A:A,Dados!A14)),"-") -> 0 | V14: =IFERROR(IF(COUNTIF(Cadastros!B:B,D14)>0,SUMIFS(Disponibilidade!AB:AB,Disponibilidade!E:E,Dados!D14,Disponibilidade!B:B,Dados!B14,Disponibilidade!A:A,Dados!A14),SUMIFS(Disponibilidade!AB:AB,Disponibilidade!F:F,Dados!D14,Disponibilidade!B:B,Dados!B14,Disponibilidade!A:A,Dados!A14)),"-") -> 0 | W14: =IFERROR(IF(COUNTIF(Cadastros!B:B,D14)>0,INDEX('Metas DM & DO'!X:X,MATCH(Dados!D14,'Metas DM & DO'!A:A,0)),SUMIFS(W:W,C:C,C14,D:D,IF(D14="CORTE","FEL*",IF(D14="ARRASTE","SKD*",IF(D14="TRAÇAMENTO","GAR*",""))),B:B,B14,A:A,A14)),"-") -> 0 | X14: =IFERROR(W14*G14,"-") -> 0 | Y14: {=IFERROR(IF(COUNTIF(Cadastros!B:B,D14)>0,COUNTA(_xlfn.UNIQUE(_xlfn._xlws.FILTER('BDT''s'!N:N,('BDT''s'!C:C=Dados!C14)*('BDT''s'!K:K=Dados!D14)*('BDT''s'!B:B=Dados!B14)*('BDT''s'!N:N<>"SEM OPERADOR")))),COUNTA(_xlfn.UNIQUE(_xlfn._xlws.FILTER('BDT''s'!N:N,('BDT''s'!C:C=Dados!C14)*('BDT''s'!L:L=Dados!D14)*('BDT''s'!B:B=Dados!B14)*('BDT''s'!N:N<>"SEM OPERADOR"))))),"-")} -> 4 | Z14: =IFERROR(P14/2,"-") -> 236.98477 | AA14: =IFERROR(Z14*J14,"-") -> 5924.6192 | AB14: =IFERROR(K14/Y14,"-") -> 3673.2639 | AC14: =IFERROR(IF(AB14>AA14,"ALTO","BAIXO"),"-") -> BAIXO | AD14: =IFERROR(X14/Y14,0) -> 0 | AE14: =IFERROR(IF(AD14>V14,"ALTO","BAIXO"),"-") -> BAIXO | AF14: =IFERROR(IF(COUNTIF(Cadastros!B:B,D14)>0,SUMIFS(Diesel!J:J,Diesel!F:F,Dados!D14,Diesel!D:D,Dados!C14,Diesel!B:B,Dados!B14,Diesel!A:A,Dados!A14),SUMIFS(Diesel!J:J,Diesel!G:G,Dados!D14,Diesel!D:D,Dados!C14,Diesel!B:B,Dados!B14,Diesel!A:A,Dados!A14)),"-") -> 380 | AG14: =IFERROR(IF(COUNTIF(Cadastros!B:B,D14)>0,SUMIFS(Diesel!K:K,Diesel!F:F,Dados!D14,Diesel!D:D,Dados!C14,Diesel!B:B,Dados!B14,Diesel!A:A,Dados!A14),SUMIFS(Diesel!K:K,Diesel!G:G,Dados!D14,Diesel!D:D,Dados!C14,Diesel!B:B,Dados!B14,Diesel!A:A,Dados!A14)),"-") -> 11 | AH14: =IFERROR(IF(COUNTIF(Cadastros!B:B,D14)>0,ROUND(INDEX('Metas Diesel'!N:N,MATCH(Dados!D14,'Metas Diesel'!A:A))*COUNTIFS(Diesel!F:F,Dados!D14,Diesel!B:B,Dados!B14,Diesel!D:D,Dados!C14),3),SUMIFS(AH:AH,C:C,C14,D:D,IF(D14="CORTE","FEL*",IF(D14="ARRASTE","SKD*",IF(D14="TRAÇAMENTO","GAR*",""))),B:B,B14,A:A,A14)),"-") -> 215.167 | AI14: =IFERROR(AH14/AG14,"-") -> 19.560636 | AJ14: =IFERROR(AF14/AG14,0) -> 34.545455 | AK14: =IF(AJ14<0,"-",IF(AJ14<AI14,"BOA","RUIM")) -> RUIM | AL14: =IFERROR(IF(COUNTIF(Cadastros!B:B,D14)>0,INDEX('Metas DM & DO'!O:O,MATCH(Dados!D14,'Metas DM & DO'!A:A,0)),AVERAGEIFS(W:W,C:C,C14,D:D,IF(D14="CORTE","FEL*",IF(D14="ARRASTE","SKD*",IF(D14="TRAÇAMENTO","GAR*",""))),B:B,B14,A:A,A14)),"-") -> - | AM14: =IFERROR(IF(COUNTIF(Cadastros!B:B,D14)>0,AVERAGEIFS('Controle Mensal'!H:H,'Controle Mensal'!E:E,Dados!D14,'Controle Mensal'!B:B,Dados!B14,'Controle Mensal'!A:A,Dados!A14),AVERAGEIFS('Controle Mensal'!H:H,'Controle Mensal'!F:F,Dados!D14,'Controle Mensal'!B:B,Dados!B14,'Controle Mensal'!A:A,Dados!A14)),"-") -> 1 | AN14: =IF(AM14<0,"-",IF(AM14<AL14,"BOA","RUIM")) -> BOA | AO14: =IFERROR(IF(COUNTIF(Cadastros!B:B,D14)>0,INDEX('Metas DM & DO'!S:S,MATCH(Dados!D14,'Metas DM & DO'!A:A,0)),AVERAGEIFS(W:W,C:C,C14,D:D,IF(D14="CORTE","FEL*",IF(D14="ARRASTE","SKD*",IF(D14="TRAÇAMENTO","GAR*",""))),B:B,B14,A:A,A14)),"-") -> - | AP14: =IFERROR(IF(COUNTIF(Cadastros!B:B,D14)>0,AVERAGEIFS('Controle Mensal'!N:N,'Controle Mensal'!E:E,Dados!D14,'Controle Mensal'!B:B,Dados!B14,'Controle Mensal'!A:A,Dados!A14),AVERAGEIFS('Controle Mensal'!N:N,'Controle Mensal'!F:F,Dados!D14,'Controle Mensal'!B:B,Dados!B14,'Controle Mensal'!A:A,Dados!A14)),"-") -> 1 | AQ14: =IF(AP14<0,"-",IF(AP14<AO14,"BOA","RUIM")) -> BOA | AR14: =IFERROR(AF14/M14,0) -> 0.095717884 | AS14: =IFERROR(M14/U14,"-") -> - | AT14: =IFERROR(IF(COUNTIF(Cadastros!B:B,D14)>0,_xlfn.MINIFS('BDT''s'!Q:Q,'BDT''s'!K:K,Dados!D14,'BDT''s'!B:B,Dados!B14,'BDT''s'!C:C,Dados!C14,'BDT''s'!A:A,Dados!A14),"-"),"-") -> - | AU14: =IFERROR(IF(COUNTIF(Cadastros!B:B,D14)>0,_xlfn.MAXIFS('BDT''s'!Q:Q,'BDT''s'!K:K,Dados!D14,'BDT''s'!B:B,Dados!B14,'BDT''s'!C:C,Dados!C14,'BDT''s'!A:A,Dados!A14),"-"),"-") -> - | AV14: =IFERROR(AU14-AT14,"-") -> -
A15: =IFERROR(YEAR(H15),"-") -> 2026 | B15: =IFERROR(DATE(YEAR(H15),MONTH(H15),MONTH(H15)),"-") -> 46023 | C15: CONTRATO 2 | D15: TRAÇAMENTO | E15: 46023 | F15: 46053 | G15: =IFERROR(F15-E15-I15+1,"-") -> 31 | H15: 46047 | J15: =IFERROR(H15-E15-I15+1,"-") -> 25 | K15: {=IFERROR(IF(COUNTIF(Cadastros!B:B,D15)>0,INDEX('Metas Mensais'!A:ZZ,MATCH(Dados!D15,'Metas Mensais'!A:A,0),MATCH(Dados!B15,'Metas Mensais'!14:14,0)+1),SUMIFS(K:K,C:C,C15,D:D,IF(D15="CORTE","FEL*",IF(D15="ARRASTE","SKD*",IF(D15="TRAÇAMENTO","GAR*",""))),B:B,B15,A:A,A15)),"-")} -> 0 | L15: 0 | M15: =IFERROR(IF(COUNTIF(Cadastros!B:B,D15)>0,SUMIFS('BDT''s'!V:V,'BDT''s'!K:K,Dados!D15,'BDT''s'!C:C,Dados!C15,'BDT''s'!B:B,Dados!B15,'BDT''s'!A:A,Dados!A15),SUMIFS('BDT''s'!V:V,'BDT''s'!L:L,Dados!D15,'BDT''s'!C:C,Dados!C15,'BDT''s'!B:B,Dados!B15,'BDT''s'!A:A,Dados!A15)),"-") -> 0 | N15: =IFERROR(M15/J15*G15,0) -> 0 | O15: =IFERROR(IF(L15>0,N15/L15-1,N15/K15-1),0) -> 0 | P15: =IFERROR(IF(L15>0,L15/G15,K15/G15),"-") -> 0 | Q15: =IFERROR(M15/J15,"-") -> 0 | R15: =IFERROR(IF(Q15>P15,"ALTO","BAIXO"),"-") -> BAIXO | S15: =IFERROR(IF(COUNTIF(Cadastros!B:B,D15)>0,ROUND(AVERAGEIFS('BDT''s'!E:E,'BDT''s'!K:K,Dados!D15,'BDT''s'!C:C,Dados!C15,'BDT''s'!B:B,Dados!B15,'BDT''s'!A:A,Dados!A15),2),ROUND(AVERAGEIFS('BDT''s'!E:E,'BDT''s'!L:L,Dados!D15,'BDT''s'!C:C,Dados!C15,'BDT''s'!B:B,Dados!B15,'BDT''s'!A:A,Dados!A15),2)),"-") -> - | T15: =IFERROR(M15/V15,"-") -> - | U15: =IFERROR(IF(COUNTIF(Cadastros!B:B,D15)>0,SUMIFS(Disponibilidade!Z:Z,Disponibilidade!E:E,Dados!D15,Disponibilidade!B:B,Dados!B15,Disponibilidade!A:A,Dados!A15),SUMIFS(Disponibilidade!Z:Z,Disponibilidade!F:F,Dados!D15,Disponibilidade!B:B,Dados!B15,Disponibilidade!A:A,Dados!A15)),"-") -> 0 | V15: =IFERROR(IF(COUNTIF(Cadastros!B:B,D15)>0,SUMIFS(Disponibilidade!AB:AB,Disponibilidade!E:E,Dados!D15,Disponibilidade!B:B,Dados!B15,Disponibilidade!A:A,Dados!A15),SUMIFS(Disponibilidade!AB:AB,Disponibilidade!F:F,Dados!D15,Disponibilidade!B:B,Dados!B15,Disponibilidade!A:A,Dados!A15)),"-") -> 0 | W15: =IFERROR(IF(COUNTIF(Cadastros!B:B,D15)>0,INDEX('Metas DM & DO'!X:X,MATCH(Dados!D15,'Metas DM & DO'!A:A,0)),SUMIFS(W:W,C:C,C15,D:D,IF(D15="CORTE","FEL*",IF(D15="ARRASTE","SKD*",IF(D15="TRAÇAMENTO","GAR*",""))),B:B,B15,A:A,A15)),"-") -> 0 | X15: =IFERROR(W15*G15,"-") -> 0 | Y15: {=IFERROR(IF(COUNTIF(Cadastros!B:B,D15)>0,COUNTA(_xlfn.UNIQUE(_xlfn._xlws.FILTER('BDT''s'!N:N,('BDT''s'!C:C=Dados!C15)*('BDT''s'!K:K=Dados!D15)*('BDT''s'!B:B=Dados!B15)*('BDT''s'!N:N<>"SEM OPERADOR")))),COUNTA(_xlfn.UNIQUE(_xlfn._xlws.FILTER('BDT''s'!N:N,('BDT''s'!C:C=Dados!C15)*('BDT''s'!L:L=Dados!D15)*('BDT''s'!B:B=Dados!B15)*('BDT''s'!N:N<>"SEM OPERADOR"))))),"-")} -> 1 | Z15: =IFERROR(P15/2,"-") -> 0 | AA15: =IFERROR(Z15*J15,"-") -> 0 | AB15: =IFERROR(K15/Y15,"-") -> 0 | AC15: =IFERROR(IF(AB15>AA15,"ALTO","BAIXO"),"-") -> BAIXO | AD15: =IFERROR(X15/Y15,0) -> 0 | AE15: =IFERROR(IF(AD15>V15,"ALTO","BAIXO"),"-") -> BAIXO | AF15: =IFERROR(IF(COUNTIF(Cadastros!B:B,D15)>0,SUMIFS(Diesel!J:J,Diesel!F:F,Dados!D15,Diesel!D:D,Dados!C15,Diesel!B:B,Dados!B15,Diesel!A:A,Dados!A15),SUMIFS(Diesel!J:J,Diesel!G:G,Dados!D15,Diesel!D:D,Dados!C15,Diesel!B:B,Dados!B15,Diesel!A:A,Dados!A15)),"-") -> 0 | AG15: =IFERROR(IF(COUNTIF(Cadastros!B:B,D15)>0,SUMIFS(Diesel!K:K,Diesel!F:F,Dados!D15,Diesel!D:D,Dados!C15,Diesel!B:B,Dados!B15,Diesel!A:A,Dados!A15),SUMIFS(Diesel!K:K,Diesel!G:G,Dados!D15,Diesel!D:D,Dados!C15,Diesel!B:B,Dados!B15,Diesel!A:A,Dados!A15)),"-") -> 0 | AH15: =IFERROR(IF(COUNTIF(Cadastros!B:B,D15)>0,ROUND(INDEX('Metas Diesel'!N:N,MATCH(Dados!D15,'Metas Diesel'!A:A))*COUNTIFS(Diesel!F:F,Dados!D15,Diesel!B:B,Dados!B15,Diesel!D:D,Dados!C15),3),SUMIFS(AH:AH,C:C,C15,D:D,IF(D15="CORTE","FEL*",IF(D15="ARRASTE","SKD*",IF(D15="TRAÇAMENTO","GAR*",""))),B:B,B15,A:A,A15)),"-") -> 0 | AI15: =IFERROR(AH15/AG15,"-") -> - | AJ15: =IFERROR(AF15/AG15,0) -> 0 | AK15: =IF(AJ15<0,"-",IF(AJ15<AI15,"BOA","RUIM")) -> BOA | AL15: =IFERROR(IF(COUNTIF(Cadastros!B:B,D15)>0,INDEX('Metas DM & DO'!O:O,MATCH(Dados!D15,'Metas DM & DO'!A:A,0)),AVERAGEIFS(W:W,C:C,C15,D:D,IF(D15="CORTE","FEL*",IF(D15="ARRASTE","SKD*",IF(D15="TRAÇAMENTO","GAR*",""))),B:B,B15,A:A,A15)),"-") -> - | AM15: =IFERROR(IF(COUNTIF(Cadastros!B:B,D15)>0,AVERAGEIFS('Controle Mensal'!H:H,'Controle Mensal'!E:E,Dados!D15,'Controle Mensal'!B:B,Dados!B15,'Controle Mensal'!A:A,Dados!A15),AVERAGEIFS('Controle Mensal'!H:H,'Controle Mensal'!F:F,Dados!D15,'Controle Mensal'!B:B,Dados!B15,'Controle Mensal'!A:A,Dados!A15)),"-") -> 1 | AN15: =IF(AM15<0,"-",IF(AM15<AL15,"BOA","RUIM")) -> BOA | AO15: =IFERROR(IF(COUNTIF(Cadastros!B:B,D15)>0,INDEX('Metas DM & DO'!S:S,MATCH(Dados!D15,'Metas DM & DO'!A:A,0)),AVERAGEIFS(W:W,C:C,C15,D:D,IF(D15="CORTE","FEL*",IF(D15="ARRASTE","SKD*",IF(D15="TRAÇAMENTO","GAR*",""))),B:B,B15,A:A,A15)),"-") -> - | AP15: =IFERROR(IF(COUNTIF(Cadastros!B:B,D15)>0,AVERAGEIFS('Controle Mensal'!N:N,'Controle Mensal'!E:E,Dados!D15,'Controle Mensal'!B:B,Dados!B15,'Controle Mensal'!A:A,Dados!A15),AVERAGEIFS('Controle Mensal'!N:N,'Controle Mensal'!F:F,Dados!D15,'Controle Mensal'!B:B,Dados!B15,'Controle Mensal'!A:A,Dados!A15)),"-") -> 1 | AQ15: =IF(AP15<0,"-",IF(AP15<AO15,"BOA","RUIM")) -> BOA | AR15: =IFERROR(AF15/M15,0) -> 0 | AS15: =IFERROR(M15/U15,"-") -> - | AT15: =IFERROR(IF(COUNTIF(Cadastros!B:B,D15)>0,_xlfn.MINIFS('BDT''s'!Q:Q,'BDT''s'!K:K,Dados!D15,'BDT''s'!B:B,Dados!B15,'BDT''s'!C:C,Dados!C15,'BDT''s'!A:A,Dados!A15),"-"),"-") -> - | AU15: =IFERROR(IF(COUNTIF(Cadastros!B:B,D15)>0,_xlfn.MAXIFS('BDT''s'!Q:Q,'BDT''s'!K:K,Dados!D15,'BDT''s'!B:B,Dados!B15,'BDT''s'!C:C,Dados!C15,'BDT''s'!A:A,Dados!A15),"-"),"-") -> - | AV15: =IFERROR(AU15-AT15,"-") -> -
A16: =IFERROR(YEAR(H16),"-") -> 2026 | B16: =IFERROR(DATE(YEAR(H16),MONTH(H16),MONTH(H16)),"-") -> 46023 | C16: CONTRATO 3 | D16: TRAÇAMENTO | E16: 46023 | F16: 46053 | G16: =IFERROR(F16-E16-I16+1,"-") -> 31 | H16: 46047 | J16: =IFERROR(H16-E16-I16+1,"-") -> 25 | K16: {=IFERROR(IF(COUNTIF(Cadastros!B:B,D16)>0,INDEX('Metas Mensais'!A:ZZ,MATCH(Dados!D16,'Metas Mensais'!A:A,0),MATCH(Dados!B16,'Metas Mensais'!15:15,0)+1),SUMIFS(K:K,C:C,C16,D:D,IF(D16="CORTE","FEL*",IF(D16="ARRASTE","SKD*",IF(D16="TRAÇAMENTO","GAR*",""))),B:B,B16,A:A,A16)),"-")} -> 0 | L16: 0 | M16: =IFERROR(IF(COUNTIF(Cadastros!B:B,D16)>0,SUMIFS('BDT''s'!V:V,'BDT''s'!K:K,Dados!D16,'BDT''s'!C:C,Dados!C16,'BDT''s'!B:B,Dados!B16,'BDT''s'!A:A,Dados!A16),SUMIFS('BDT''s'!V:V,'BDT''s'!L:L,Dados!D16,'BDT''s'!C:C,Dados!C16,'BDT''s'!B:B,Dados!B16,'BDT''s'!A:A,Dados!A16)),"-") -> 0 | N16: =IFERROR(M16/J16*G16,0) -> 0 | O16: =IFERROR(IF(L16>0,N16/L16-1,N16/K16-1),0) -> 0 | P16: =IFERROR(IF(L16>0,L16/G16,K16/G16),"-") -> 0 | Q16: =IFERROR(M16/J16,"-") -> 0 | R16: =IFERROR(IF(Q16>P16,"ALTO","BAIXO"),"-") -> BAIXO | S16: =IFERROR(IF(COUNTIF(Cadastros!B:B,D16)>0,ROUND(AVERAGEIFS('BDT''s'!E:E,'BDT''s'!K:K,Dados!D16,'BDT''s'!C:C,Dados!C16,'BDT''s'!B:B,Dados!B16,'BDT''s'!A:A,Dados!A16),2),ROUND(AVERAGEIFS('BDT''s'!E:E,'BDT''s'!L:L,Dados!D16,'BDT''s'!C:C,Dados!C16,'BDT''s'!B:B,Dados!B16,'BDT''s'!A:A,Dados!A16),2)),"-") -> - | T16: =IFERROR(M16/V16,"-") -> - | U16: =IFERROR(IF(COUNTIF(Cadastros!B:B,D16)>0,SUMIFS(Disponibilidade!Z:Z,Disponibilidade!E:E,Dados!D16,Disponibilidade!B:B,Dados!B16,Disponibilidade!A:A,Dados!A16),SUMIFS(Disponibilidade!Z:Z,Disponibilidade!F:F,Dados!D16,Disponibilidade!B:B,Dados!B16,Disponibilidade!A:A,Dados!A16)),"-") -> 0 | V16: =IFERROR(IF(COUNTIF(Cadastros!B:B,D16)>0,SUMIFS(Disponibilidade!AB:AB,Disponibilidade!E:E,Dados!D16,Disponibilidade!B:B,Dados!B16,Disponibilidade!A:A,Dados!A16),SUMIFS(Disponibilidade!AB:AB,Disponibilidade!F:F,Dados!D16,Disponibilidade!B:B,Dados!B16,Disponibilidade!A:A,Dados!A16)),"-") -> 0 | W16: =IFERROR(IF(COUNTIF(Cadastros!B:B,D16)>0,INDEX('Metas DM & DO'!X:X,MATCH(Dados!D16,'Metas DM & DO'!A:A,0)),SUMIFS(W:W,C:C,C16,D:D,IF(D16="CORTE","FEL*",IF(D16="ARRASTE","SKD*",IF(D16="TRAÇAMENTO","GAR*",""))),B:B,B16,A:A,A16)),"-") -> 0 | X16: =IFERROR(W16*G16,"-") -> 0 | Y16: {=IFERROR(IF(COUNTIF(Cadastros!B:B,D16)>0,COUNTA(_xlfn.UNIQUE(_xlfn._xlws.FILTER('BDT''s'!N:N,('BDT''s'!C:C=Dados!C16)*('BDT''s'!K:K=Dados!D16)*('BDT''s'!B:B=Dados!B16)*('BDT''s'!N:N<>"SEM OPERADOR")))),COUNTA(_xlfn.UNIQUE(_xlfn._xlws.FILTER('BDT''s'!N:N,('BDT''s'!C:C=Dados!C16)*('BDT''s'!L:L=Dados!D16)*('BDT''s'!B:B=Dados!B16)*('BDT''s'!N:N<>"SEM OPERADOR"))))),"-")} -> 1 | Z16: =IFERROR(P16/2,"-") -> 0 | AA16: =IFERROR(Z16*J16,"-") -> 0 | AB16: =IFERROR(K16/Y16,"-") -> 0 | AC16: =IFERROR(IF(AB16>AA16,"ALTO","BAIXO"),"-") -> BAIXO | AD16: =IFERROR(X16/Y16,0) -> 0 | AE16: =IFERROR(IF(AD16>V16,"ALTO","BAIXO"),"-") -> BAIXO | AF16: =IFERROR(IF(COUNTIF(Cadastros!B:B,D16)>0,SUMIFS(Diesel!J:J,Diesel!F:F,Dados!D16,Diesel!D:D,Dados!C16,Diesel!B:B,Dados!B16,Diesel!A:A,Dados!A16),SUMIFS(Diesel!J:J,Diesel!G:G,Dados!D16,Diesel!D:D,Dados!C16,Diesel!B:B,Dados!B16,Diesel!A:A,Dados!A16)),"-") -> 0 | AG16: =IFERROR(IF(COUNTIF(Cadastros!B:B,D16)>0,SUMIFS(Diesel!K:K,Diesel!F:F,Dados!D16,Diesel!D:D,Dados!C16,Diesel!B:B,Dados!B16,Diesel!A:A,Dados!A16),SUMIFS(Diesel!K:K,Diesel!G:G,Dados!D16,Diesel!D:D,Dados!C16,Diesel!B:B,Dados!B16,Diesel!A:A,Dados!A16)),"-") -> 0 | AH16: =IFERROR(IF(COUNTIF(Cadastros!B:B,D16)>0,ROUND(INDEX('Metas Diesel'!N:N,MATCH(Dados!D16,'Metas Diesel'!A:A))*COUNTIFS(Diesel!F:F,Dados!D16,Diesel!B:B,Dados!B16,Diesel!D:D,Dados!C16),3),SUMIFS(AH:AH,C:C,C16,D:D,IF(D16="CORTE","FEL*",IF(D16="ARRASTE","SKD*",IF(D16="TRAÇAMENTO","GAR*",""))),B:B,B16,A:A,A16)),"-") -> 0 | AI16: =IFERROR(AH16/AG16,"-") -> - | AJ16: =IFERROR(AF16/AG16,0) -> 0 | AK16: =IF(AJ16<0,"-",IF(AJ16<AI16,"BOA","RUIM")) -> BOA | AL16: =IFERROR(IF(COUNTIF(Cadastros!B:B,D16)>0,INDEX('Metas DM & DO'!O:O,MATCH(Dados!D16,'Metas DM & DO'!A:A,0)),AVERAGEIFS(W:W,C:C,C16,D:D,IF(D16="CORTE","FEL*",IF(D16="ARRASTE","SKD*",IF(D16="TRAÇAMENTO","GAR*",""))),B:B,B16,A:A,A16)),"-") -> - | AM16: =IFERROR(IF(COUNTIF(Cadastros!B:B,D16)>0,AVERAGEIFS('Controle Mensal'!H:H,'Controle Mensal'!E:E,Dados!D16,'Controle Mensal'!B:B,Dados!B16,'Controle Mensal'!A:A,Dados!A16),AVERAGEIFS('Controle Mensal'!H:H,'Controle Mensal'!F:F,Dados!D16,'Controle Mensal'!B:B,Dados!B16,'Controle Mensal'!A:A,Dados!A16)),"-") -> 1 | AN16: =IF(AM16<0,"-",IF(AM16<AL16,"BOA","RUIM")) -> BOA | AO16: =IFERROR(IF(COUNTIF(Cadastros!B:B,D16)>0,INDEX('Metas DM & DO'!S:S,MATCH(Dados!D16,'Metas DM & DO'!A:A,0)),AVERAGEIFS(W:W,C:C,C16,D:D,IF(D16="CORTE","FEL*",IF(D16="ARRASTE","SKD*",IF(D16="TRAÇAMENTO","GAR*",""))),B:B,B16,A:A,A16)),"-") -> - | AP16: =IFERROR(IF(COUNTIF(Cadastros!B:B,D16)>0,AVERAGEIFS('Controle Mensal'!N:N,'Controle Mensal'!E:E,Dados!D16,'Controle Mensal'!B:B,Dados!B16,'Controle Mensal'!A:A,Dados!A16),AVERAGEIFS('Controle Mensal'!N:N,'Controle Mensal'!F:F,Dados!D16,'Controle Mensal'!B:B,Dados!B16,'Controle Mensal'!A:A,Dados!A16)),"-") -> 1 | AQ16: =IF(AP16<0,"-",IF(AP16<AO16,"BOA","RUIM")) -> BOA | AR16: =IFERROR(AF16/M16,0) -> 0 | AS16: =IFERROR(M16/U16,"-") -> - | AT16: =IFERROR(IF(COUNTIF(Cadastros!B:B,D16)>0,_xlfn.MINIFS('BDT''s'!Q:Q,'BDT''s'!K:K,Dados!D16,'BDT''s'!B:B,Dados!B16,'BDT''s'!C:C,Dados!C16,'BDT''s'!A:A,Dados!A16),"-"),"-") -> - | AU16: =IFERROR(IF(COUNTIF(Cadastros!B:B,D16)>0,_xlfn.MAXIFS('BDT''s'!Q:Q,'BDT''s'!K:K,Dados!D16,'BDT''s'!B:B,Dados!B16,'BDT''s'!C:C,Dados!C16,'BDT''s'!A:A,Dados!A16),"-"),"-") -> - | AV16: =IFERROR(AU16-AT16,"-") -> -

Sheet Metas Mensais
A1: MÁQUINAS | B1: TIPO DE EQUIPAMENTO | C1: MÉDIA REAL | D1: PERCENTIL 50 | E1: PERCENTIL 75 | F1: TETO OPERACIONAL | G1: QUANTIDADE DE REGISTROS | H1: STATUS | I1: FATOR | J1: 46023 | K1: META BASE | L1: META DESAFIO | M1: TETO META | N1: 46055 | O1: META BASE | P1: META DESAFIO | Q1: TETO META | R1: 46084 | S1: META BASE | T1: META DESAFIO | U1: TETO META | V1: 46116 | W1: META BASE | X1: META DESAFIO | Y1: TETO META | Z1: 46147 | AA1: META BASE | AB1: META DESAFIO | AC1: TETO META | AD1: 46179 | AE1: META BASE | AF1: META DESAFIO | AG1: TETO META | AH1: 46210 | AI1: META BASE | AJ1: META DESAFIO | AK1: TETO META | AL1: 46242 | AM1: META BASE | AN1: META DESAFIO | AO1: TETO META | AP1: 46274 | AQ1: META BASE | AR1: META DESAFIO | AS1: TETO META | AT1: 46305 | AU1: META BASE | AV1: META DESAFIO | AW1: TETO META | AX1: 46337 | AY1: META BASE | AZ1: META DESAFIO | BA1: TETO META | BB1: 0,51 A 0,99 | BC1: META BASE | BD1: META DESAFIO | BE1: TETO META
A2: FELLER BUNCHER 1 | B2: =IFERROR(VLOOKUP(A2,Cadastros!B:D,3,FALSE),"-") -> CORTE | C2: =IFERROR(AVERAGEIFS('BDT''s'!W:W,'BDT''s'!K:K,'Metas Mensais'!A2,'BDT''s'!L:L,'Metas Mensais'!B2),"-") -> 85.817728 | D2: {=IFERROR(_xlfn.PERCENTILE.INC(_xlfn._xlws.FILTER('BDT''s'!W:W,('BDT''s'!K:K='Metas Mensais'!A2)*('BDT''s'!L:L='Metas Mensais'!B2)),0.5),"-")} -> 85.851142 | E2: {=IFERROR(_xlfn.PERCENTILE.INC(_xlfn._xlws.FILTER('BDT''s'!W:W,('BDT''s'!K:K='Metas Mensais'!A2)*('BDT''s'!L:L='Metas Mensais'!B2)),0.75),"-")} -> 90.217391 | F2: =IFERROR(_xlfn.MAXIFS('BDT''s'!W:W,'BDT''s'!K:K,'Metas Mensais'!A2,'BDT''s'!L:L,'Metas Mensais'!B2),"-") -> 100 | G2: =IFERROR(COUNTIFS('BDT''s'!K:K,'Metas Mensais'!A2,'BDT''s'!L:L,'Metas Mensais'!B2),"-") -> 4 | H2: =IFERROR(IF(C2<D2,"BAIXO",IF(AND(C2>=D2,C2<E2),"MEDIO",IF(AND(C2>=E2,C2<F2),"ALTO","-"))),"-") -> BAIXO | I2: =IFERROR(AVERAGE((D2/C2),(E2/C2)),"-") -> 1.0258284 | J2: 46023 | K2: {=IFERROR(SUMIFS('BDT''s'!$W:$W,'BDT''s'!$K:$K,'Metas Mensais'!$A2,'BDT''s'!$L:$L,'Metas Mensais'!$B2,'BDT''s'!$B:$B,'Metas Mensais'!J2)*'Metas Mensais'!$I2*INDEX(Dados!$J:$J,MATCH(1,('Metas Mensais'!$A2=Dados!$D:$D)*('Metas Mensais'!J2=Dados!$B:$B),0)),"-")} -> 8803.4267 | L2: =IFERROR(K2*$I2,"-") -> 9030.8055 | M2: =IFERROR(L2*$I2,"-") -> 9264.0572 | N2: 46055 | O2: {=IFERROR(SUMIFS('BDT''s'!$W:$W,'BDT''s'!$K:$K,'Metas Mensais'!$A2,'BDT''s'!$L:$L,'Metas Mensais'!$B2,'BDT''s'!$B:$B,'Metas Mensais'!N2)*'Metas Mensais'!$I2*INDEX(Dados!$J:$J,MATCH(1,('Metas Mensais'!$A2=Dados!$D:$D)*('Metas Mensais'!N2=Dados!$B:$B),0)),"-")} -> - | P2: =IFERROR(O2*$I2,"-") -> - | Q2: =IFERROR(P2*$I2,"-") -> - | R2: 46084 | S2: {=IFERROR(SUMIFS('BDT''s'!$W:$W,'BDT''s'!$K:$K,'Metas Mensais'!$A2,'BDT''s'!$L:$L,'Metas Mensais'!$B2,'BDT''s'!$B:$B,'Metas Mensais'!R2)*'Metas Mensais'!$I2*INDEX(Dados!$J:$J,MATCH(1,('Metas Mensais'!$A2=Dados!$D:$D)*('Metas Mensais'!R2=Dados!$B:$B),0)),"-")} -> - | T2: =IFERROR(S2*$I2,"-") -> - | U2: =IFERROR(T2*$I2,"-") -> - | V2: 46116 | W2: {=IFERROR(SUMIFS('BDT''s'!$W:$W,'BDT''s'!$K:$K,'Metas Mensais'!$A2,'BDT''s'!$L:$L,'Metas Mensais'!$B2,'BDT''s'!$B:$B,'Metas Mensais'!V2)*'Metas Mensais'!$I2*INDEX(Dados!$J:$J,MATCH(1,('Metas Mensais'!$A2=Dados!$D:$D)*('Metas Mensais'!V2=Dados!$B:$B),0)),"-")} -> - | X2: =IFERROR(W2*$I2,"-") -> - | Y2: =IFERROR(X2*$I2,"-") -> - | Z2: 46147 | AA2: {=IFERROR(SUMIFS('BDT''s'!$W:$W,'BDT''s'!$K:$K,'Metas Mensais'!$A2,'BDT''s'!$L:$L,'Metas Mensais'!$B2,'BDT''s'!$B:$B,'Metas Mensais'!Z2)*'Metas Mensais'!$I2*INDEX(Dados!$J:$J,MATCH(1,('Metas Mensais'!$A2=Dados!$D:$D)*('Metas Mensais'!Z2=Dados!$B:$B),0)),"-")} -> - | AB2: =IFERROR(AA2*$I2,"-") -> - | AC2: =IFERROR(AB2*$I2,"-") -> - | AD2: 46179 | AE2: {=IFERROR(SUMIFS('BDT''s'!$W:$W,'BDT''s'!$K:$K,'Metas Mensais'!$A2,'BDT''s'!$L:$L,'Metas Mensais'!$B2,'BDT''s'!$B:$B,'Metas Mensais'!AD2)*'Metas Mensais'!$I2*INDEX(Dados!$J:$J,MATCH(1,('Metas Mensais'!$A2=Dados!$D:$D)*('Metas Mensais'!AD2=Dados!$B:$B),0)),"-")} -> - | AF2: =IFERROR(AE2*$I2,"-") -> - | AG2: =IFERROR(AF2*$I2,"-") -> - | AH2: 46210 | AI2: {=IFERROR(SUMIFS('BDT''s'!$W:$W,'BDT''s'!$K:$K,'Metas Mensais'!$A2,'BDT''s'!$L:$L,'Metas Mensais'!$B2,'BDT''s'!$B:$B,'Metas Mensais'!AH2)*'Metas Mensais'!$I2*INDEX(Dados!$J:$J,MATCH(1,('Metas Mensais'!$A2=Dados!$D:$D)*('Metas Mensais'!AH2=Dados!$B:$B),0)),"-")} -> - | AJ2: =IFERROR(AI2*$I2,"-") -> - | AK2: =IFERROR(AJ2*$I2,"-") -> - | AL2: 46242 | AM2: {=IFERROR(SUMIFS('BDT''s'!$W:$W,'BDT''s'!$K:$K,'Metas Mensais'!$A2,'BDT''s'!$L:$L,'Metas Mensais'!$B2,'BDT''s'!$B:$B,'Metas Mensais'!AL2)*'Metas Mensais'!$I2*INDEX(Dados!$J:$J,MATCH(1,('Metas Mensais'!$A2=Dados!$D:$D)*('Metas Mensais'!AL2=Dados!$B:$B),0)),"-")} -> - | AN2: =IFERROR(AM2*$I2,"-") -> - | AO2: =IFERROR(AN2*$I2,"-") -> - | AP2: 46274 | AQ2: {=IFERROR(SUMIFS('BDT''s'!$W:$W,'BDT''s'!$K:$K,'Metas Mensais'!$A2,'BDT''s'!$L:$L,'Metas Mensais'!$B2,'BDT''s'!$B:$B,'Metas Mensais'!AP2)*'Metas Mensais'!$I2*INDEX(Dados!$J:$J,MATCH(1,('Metas Mensais'!$A2=Dados!$D:$D)*('Metas Mensais'!AP2=Dados!$B:$B),0)),"-")} -> - | AR2: =IFERROR(AQ2*$I2,"-") -> - | AS2: =IFERROR(AR2*$I2,"-") -> - | AT2: 46305 | AU2: {=IFERROR(SUMIFS('BDT''s'!$W:$W,'BDT''s'!$K:$K,'Metas Mensais'!$A2,'BDT''s'!$L:$L,'Metas Mensais'!$B2,'BDT''s'!$B:$B,'Metas Mensais'!AT2)*'Metas Mensais'!$I2*INDEX(Dados!$J:$J,MATCH(1,('Metas Mensais'!$A2=Dados!$D:$D)*('Metas Mensais'!AT2=Dados!$B:$B),0)),"-")} -> - | AV2: =IFERROR(AU2*$I2,"-") -> - | AW2: =IFERROR(AV2*$I2,"-") -> - | AX2: 46337 | AY2: {=IFERROR(SUMIFS('BDT''s'!$W:$W,'BDT''s'!$K:$K,'Metas Mensais'!$A2,'BDT''s'!$L:$L,'Metas Mensais'!$B2,'BDT''s'!$B:$B,'Metas Mensais'!AX2)*'Metas Mensais'!$I2*INDEX(Dados!$J:$J,MATCH(1,('Metas Mensais'!$A2=Dados!$D:$D)*('Metas Mensais'!AX2=Dados!$B:$B),0)),"-")} -> - | AZ2: =IFERROR(AY2*$I2,"-") -> - | BA2: =IFERROR(AZ2*$I2,"-") -> - | BB2: 46368 | BC2: {=IFERROR(SUMIFS('BDT''s'!$W:$W,'BDT''s'!$K:$K,'Metas Mensais'!$A2,'BDT''s'!$L:$L,'Metas Mensais'!$B2,'BDT''s'!$B:$B,'Metas Mensais'!BB2)*'Metas Mensais'!$I2*INDEX(Dados!$J:$J,MATCH(1,('Metas Mensais'!$A2=Dados!$D:$D)*('Metas Mensais'!BB2=Dados!$B:$B),0)),"-")} -> - | BD2: =IFERROR(BC2*$I2,"-") -> - | BE2: =IFERROR(BD2*$I2,"-") -> -
A3: FELLER BUNCHER 2 | B3: =IFERROR(VLOOKUP(A3,Cadastros!B:D,3,FALSE),"-") -> CORTE | C3: =IFERROR(AVERAGEIFS('BDT''s'!W:W,'BDT''s'!K:K,'Metas Mensais'!A3,'BDT''s'!L:L,'Metas Mensais'!B3),"-") -> 124.16186 | D3: {=IFERROR(_xlfn.PERCENTILE.INC(_xlfn._xlws.FILTER('BDT''s'!W:W,('BDT''s'!K:K='Metas Mensais'!A3)*('BDT''s'!L:L='Metas Mensais'!B3)),0.5),"-")} -> 114.05405 | E3: {=IFERROR(_xlfn.PERCENTILE.INC(_xlfn._xlws.FILTER('BDT''s'!W:W,('BDT''s'!K:K='Metas Mensais'!A3)*('BDT''s'!L:L='Metas Mensais'!B3)),0.75),"-")} -> 132.13483 | F3: =IFERROR(_xlfn.MAXIFS('BDT''s'!W:W,'BDT''s'!K:K,'Metas Mensais'!A3,'BDT''s'!L:L,'Metas Mensais'!B3),"-") -> 168.53933 | G3: =IFERROR(COUNTIFS('BDT''s'!K:K,'Metas Mensais'!A3,'BDT''s'!L:L,'Metas Mensais'!B3),"-") -> 4 | H3: =IFERROR(IF(C3<D3,"BAIXO",IF(AND(C3>=D3,C3<E3),"MEDIO",IF(AND(C3>=E3,C3<F3),"ALTO","-"))),"-") -> MEDIO | I3: =IFERROR(AVERAGE((D3/C3),(E3/C3)),"-") -> 0.99140303 | J3: 46023 | K3: {=IFERROR(SUMIFS('BDT''s'!$W:$W,'BDT''s'!$K:$K,'Metas Mensais'!$A3,'BDT''s'!$L:$L,'Metas Mensais'!$B3,'BDT''s'!$B:$B,'Metas Mensais'!J3)*'Metas Mensais'!$I3*INDEX(Dados!$J:$J,MATCH(1,('Metas Mensais'!$A3=Dados!$D:$D)*('Metas Mensais'!J3=Dados!$B:$B),0)),"-")} -> 12309.444 | L3: =IFERROR(K3*$I3,"-") -> 12203.62 | M3: =IFERROR(L3*$I3,"-") -> 12098.706 | N3: 46055 | O3: {=IFERROR(SUMIFS('BDT''s'!$W:$W,'BDT''s'!$K:$K,'Metas Mensais'!$A3,'BDT''s'!$L:$L,'Metas Mensais'!$B3,'BDT''s'!$B:$B,'Metas Mensais'!N3)*'Metas Mensais'!$I3*INDEX(Dados!$J:$J,MATCH(1,('Metas Mensais'!$A3=Dados!$D:$D)*('Metas Mensais'!N3=Dados!$B:$B),0)),"-")} -> - | P3: =IFERROR(O3*$I3,"-") -> - | Q3: =IFERROR(P3*$I3,"-") -> - | R3: 46084 | S3: {=IFERROR(SUMIFS('BDT''s'!$W:$W,'BDT''s'!$K:$K,'Metas Mensais'!$A3,'BDT''s'!$L:$L,'Metas Mensais'!$B3,'BDT''s'!$B:$B,'Metas Mensais'!R3)*'Metas Mensais'!$I3*INDEX(Dados!$J:$J,MATCH(1,('Metas Mensais'!$A3=Dados!$D:$D)*('Metas Mensais'!R3=Dados!$B:$B),0)),"-")} -> - | T3: =IFERROR(S3*$I3,"-") -> - | U3: =IFERROR(T3*$I3,"-") -> - | V3: 46116 | W3: {=IFERROR(SUMIFS('BDT''s'!$W:$W,'BDT''s'!$K:$K,'Metas Mensais'!$A3,'BDT''s'!$L:$L,'Metas Mensais'!$B3,'BDT''s'!$B:$B,'Metas Mensais'!V3)*'Metas Mensais'!$I3*INDEX(Dados!$J:$J,MATCH(1,('Metas Mensais'!$A3=Dados!$D:$D)*('Metas Mensais'!V3=Dados!$B:$B),0)),"-")} -> - | X3: =IFERROR(W3*$I3,"-") -> - | Y3: =IFERROR(X3*$I3,"-") -> - | Z3: 46147 | AA3: {=IFERROR(SUMIFS('BDT''s'!$W:$W,'BDT''s'!$K:$K,'Metas Mensais'!$A3,'BDT''s'!$L:$L,'Metas Mensais'!$B3,'BDT''s'!$B:$B,'Metas Mensais'!Z3)*'Metas Mensais'!$I3*INDEX(Dados!$J:$J,MATCH(1,('Metas Mensais'!$A3=Dados!$D:$D)*('Metas Mensais'!Z3=Dados!$B:$B),0)),"-")} -> - | AB3: =IFERROR(AA3*$I3,"-") -> - | AC3: =IFERROR(AB3*$I3,"-") -> - | AD3: 46179 | AE3: {=IFERROR(SUMIFS('BDT''s'!$W:$W,'BDT''s'!$K:$K,'Metas Mensais'!$A3,'BDT''s'!$L:$L,'Metas Mensais'!$B3,'BDT''s'!$B:$B,'Metas Mensais'!AD3)*'Metas Mensais'!$I3*INDEX(Dados!$J:$J,MATCH(1,('Metas Mensais'!$A3=Dados!$D:$D)*('Metas Mensais'!AD3=Dados!$B:$B),0)),"-")} -> - | AF3: =IFERROR(AE3*$I3,"-") -> - | AG3: =IFERROR(AF3*$I3,"-") -> - | AH3: 46210 | AI3: {=IFERROR(SUMIFS('BDT''s'!$W:$W,'BDT''s'!$K:$K,'Metas Mensais'!$A3,'BDT''s'!$L:$L,'Metas Mensais'!$B3,'BDT''s'!$B:$B,'Metas Mensais'!AH3)*'Metas Mensais'!$I3*INDEX(Dados!$J:$J,MATCH(1,('Metas Mensais'!$A3=Dados!$D:$D)*('Metas Mensais'!AH3=Dados!$B:$B),0)),"-")} -> - | AJ3: =IFERROR(AI3*$I3,"-") -> - | AK3: =IFERROR(AJ3*$I3,"-") -> - | AL3: 46242 | AM3: {=IFERROR(SUMIFS('BDT''s'!$W:$W,'BDT''s'!$K:$K,'Metas Mensais'!$A3,'BDT''s'!$L:$L,'Metas Mensais'!$B3,'BDT''s'!$B:$B,'Metas Mensais'!AL3)*'Metas Mensais'!$I3*INDEX(Dados!$J:$J,MATCH(1,('Metas Mensais'!$A3=Dados!$D:$D)*('Metas Mensais'!AL3=Dados!$B:$B),0)),"-")} -> - | AN3: =IFERROR(AM3*$I3,"-") -> - | AO3: =IFERROR(AN3*$I3,"-") -> - | AP3: 46274 | AQ3: {=IFERROR(SUMIFS('BDT''s'!$W:$W,'BDT''s'!$K:$K,'Metas Mensais'!$A3,'BDT''s'!$L:$L,'Metas Mensais'!$B3,'BDT''s'!$B:$B,'Metas Mensais'!AP3)*'Metas Mensais'!$I3*INDEX(Dados!$J:$J,MATCH(1,('Metas Mensais'!$A3=Dados!$D:$D)*('Metas Mensais'!AP3=Dados!$B:$B),0)),"-")} -> - | AR3: =IFERROR(AQ3*$I3,"-") -> - | AS3: =IFERROR(AR3*$I3,"-") -> - | AT3: 46305 | AU3: {=IFERROR(SUMIFS('BDT''s'!$W:$W,'BDT''s'!$K:$K,'Metas Mensais'!$A3,'BDT''s'!$L:$L,'Metas Mensais'!$B3,'BDT''s'!$B:$B,'Metas Mensais'!AT3)*'Metas Mensais'!$I3*INDEX(Dados!$J:$J,MATCH(1,('Metas Mensais'!$A3=Dados!$D:$D)*('Metas Mensais'!AT3=Dados!$B:$B),0)),"-")} -> - | AV3: =IFERROR(AU3*$I3,"-") -> - | AW3: =IFERROR(AV3*$I3,"-") -> - | AX3: 46337 | AY3: {=IFERROR(SUMIFS('BDT''s'!$W:$W,'BDT''s'!$K:$K,'Metas Mensais'!$A3,'BDT''s'!$L:$L,'Metas Mensais'!$B3,'BDT''s'!$B:$B,'Metas Mensais'!AX3)*'Metas Mensais'!$I3*INDEX(Dados!$J:$J,MATCH(1,('Metas Mensais'!$A3=Dados!$D:$D)*('Metas Mensais'!AX3=Dados!$B:$B),0)),"-")} -> - | AZ3: =IFERROR(AY3*$I3,"-") -> - | BA3: =IFERROR(AZ3*$I3,"-") -> - | BB3: 46368 | BC3: {=IFERROR(SUMIFS('BDT''s'!$W:$W,'BDT''s'!$K:$K,'Metas Mensais'!$A3,'BDT''s'!$L:$L,'Metas Mensais'!$B3,'BDT''s'!$B:$B,'Metas Mensais'!BB3)*'Metas Mensais'!$I3*INDEX(Dados!$J:$J,MATCH(1,('Metas Mensais'!$A3=Dados!$D:$D)*('Metas Mensais'!BB3=Dados!$B:$B),0)),"-")} -> - | BD3: =IFERROR(BC3*$I3,"-") -> - | BE3: =IFERROR(BD3*$I3,"-") -> -
A4: SKIDDER 1 | B4: =IFERROR(VLOOKUP(A4,Cadastros!B:D,3,FALSE),"-") -> ARRASTE | C4: =IFERROR(AVERAGEIFS('BDT''s'!W:W,'BDT''s'!K:K,'Metas Mensais'!A4,'BDT''s'!L:L,'Metas Mensais'!B4),"-") -> 123.83929 | D4: {=IFERROR(_xlfn.PERCENTILE.INC(_xlfn._xlws.FILTER('BDT''s'!W:W,('BDT''s'!K:K='Metas Mensais'!A4)*('BDT''s'!L:L='Metas Mensais'!B4)),0.5),"-")} -> 121.42857 | E4: {=IFERROR(_xlfn.PERCENTILE.INC(_xlfn._xlws.FILTER('BDT''s'!W:W,('BDT''s'!K:K='Metas Mensais'!A4)*('BDT''s'!L:L='Metas Mensais'!B4)),0.75),"-")} -> 160 | F4: =IFERROR(_xlfn.MAXIFS('BDT''s'!W:W,'BDT''s'!K:K,'Metas Mensais'!A4,'BDT''s'!L:L,'Metas Mensais'!B4),"-") -> 190 | G4: =IFERROR(COUNTIFS('BDT''s'!K:K,'Metas Mensais'!A4,'BDT''s'!L:L,'Metas Mensais'!B4),"-") -> 4 | H4: =IFERROR(IF(C4<D4,"BAIXO",IF(AND(C4>=D4,C4<E4),"MEDIO",IF(AND(C4>=E4,C4<F4),"ALTO","-"))),"-") -> MEDIO | I4: =IFERROR(AVERAGE((D4/C4),(E4/C4)),"-") -> 1.1362653 | J4: 46023 | K4: {=IFERROR(SUMIFS('BDT''s'!$W:$W,'BDT''s'!$K:$K,'Metas Mensais'!$A4,'BDT''s'!$L:$L,'Metas Mensais'!$B4,'BDT''s'!$B:$B,'Metas Mensais'!J4)*'Metas Mensais'!$I4*INDEX(Dados!$J:$J,MATCH(1,('Metas Mensais'!$A4=Dados!$D:$D)*('Metas Mensais'!J4=Dados!$B:$B),0)),"-")} -> 14071.429 | L4: =IFERROR(K4*$I4,"-") -> 15988.876 | M4: =IFERROR(L4*$I4,"-") -> 18167.606 | N4: 46055 | O4: {=IFERROR(SUMIFS('BDT''s'!$W:$W,'BDT''s'!$K:$K,'Metas Mensais'!$A4,'BDT''s'!$L:$L,'Metas Mensais'!$B4,'BDT''s'!$B:$B,'Metas Mensais'!N4)*'Metas Mensais'!$I4*INDEX(Dados!$J:$J,MATCH(1,('Metas Mensais'!$A4=Dados!$D:$D)*('Metas Mensais'!N4=Dados!$B:$B),0)),"-")} -> - | P4: =IFERROR(O4*$I4,"-") -> - | Q4: =IFERROR(P4*$I4,"-") -> - | R4: 46084 | S4: {=IFERROR(SUMIFS('BDT''s'!$W:$W,'BDT''s'!$K:$K,'Metas Mensais'!$A4,'BDT''s'!$L:$L,'Metas Mensais'!$B4,'BDT''s'!$B:$B,'Metas Mensais'!R4)*'Metas Mensais'!$I4*INDEX(Dados!$J:$J,MATCH(1,('Metas Mensais'!$A4=Dados!$D:$D)*('Metas Mensais'!R4=Dados!$B:$B),0)),"-")} -> - | T4: =IFERROR(S4*$I4,"-") -> - | U4: =IFERROR(T4*$I4,"-") -> - | V4: 46116 | W4: {=IFERROR(SUMIFS('BDT''s'!$W:$W,'BDT''s'!$K:$K,'Metas Mensais'!$A4,'BDT''s'!$L:$L,'Metas Mensais'!$B4,'BDT''s'!$B:$B,'Metas Mensais'!V4)*'Metas Mensais'!$I4*INDEX(Dados!$J:$J,MATCH(1,('Metas Mensais'!$A4=Dados!$D:$D)*('Metas Mensais'!V4=Dados!$B:$B),0)),"-")} -> - | X4: =IFERROR(W4*$I4,"-") -> - | Y4: =IFERROR(X4*$I4,"-") -> - | Z4: 46147 | AA4: {=IFERROR(SUMIFS('BDT''s'!$W:$W,'BDT''s'!$K:$K,'Metas Mensais'!$A4,'BDT''s'!$L:$L,'Metas Mensais'!$B4,'BDT''s'!$B:$B,'Metas Mensais'!Z4)*'Metas Mensais'!$I4*INDEX(Dados!$J:$J,MATCH(1,('Metas Mensais'!$A4=Dados!$D:$D)*('Metas Mensais'!Z4=Dados!$B:$B),0)),"-")} -> - | AB4: =IFERROR(AA4*$I4,"-") -> - | AC4: =IFERROR(AB4*$I4,"-") -> - | AD4: 46179 | AE4: {=IFERROR(SUMIFS('BDT''s'!$W:$W,'BDT''s'!$K:$K,'Metas Mensais'!$A4,'BDT''s'!$L:$L,'Metas Mensais'!$B4,'BDT''s'!$B:$B,'Metas Mensais'!AD4)*'Metas Mensais'!$I4*INDEX(Dados!$J:$J,MATCH(1,('Metas Mensais'!$A4=Dados!$D:$D)*('Metas Mensais'!AD4=Dados!$B:$B),0)),"-")} -> - | AF4: =IFERROR(AE4*$I4,"-") -> - | AG4: =IFERROR(AF4*$I4,"-") -> - | AH4: 46210 | AI4: {=IFERROR(SUMIFS('BDT''s'!$W:$W,'BDT''s'!$K:$K,'Metas Mensais'!$A4,'BDT''s'!$L:$L,'Metas Mensais'!$B4,'BDT''s'!$B:$B,'Metas Mensais'!AH4)*'Metas Mensais'!$I4*INDEX(Dados!$J:$J,MATCH(1,('Metas Mensais'!$A4=Dados!$D:$D)*('Metas Mensais'!AH4=Dados!$B:$B),0)),"-")} -> - | AJ4: =IFERROR(AI4*$I4,"-") -> - | AK4: =IFERROR(AJ4*$I4,"-") -> - | AL4: 46242 | AM4: {=IFERROR(SUMIFS('BDT''s'!$W:$W,'BDT''s'!$K:$K,'Metas Mensais'!$A4,'BDT''s'!$L:$L,'Metas Mensais'!$B4,'BDT''s'!$B:$B,'Metas Mensais'!AL4)*'Metas Mensais'!$I4*INDEX(Dados!$J:$J,MATCH(1,('Metas Mensais'!$A4=Dados!$D:$D)*('Metas Mensais'!AL4=Dados!$B:$B),0)),"-")} -> - | AN4: =IFERROR(AM4*$I4,"-") -> - | AO4: =IFERROR(AN4*$I4,"-") -> - | AP4: 46274 | AQ4: {=IFERROR(SUMIFS('BDT''s'!$W:$W,'BDT''s'!$K:$K,'Metas Mensais'!$A4,'BDT''s'!$L:$L,'Metas Mensais'!$B4,'BDT''s'!$B:$B,'Metas Mensais'!AP4)*'Metas Mensais'!$I4*INDEX(Dados!$J:$J,MATCH(1,('Metas Mensais'!$A4=Dados!$D:$D)*('Metas Mensais'!AP4=Dados!$B:$B),0)),"-")} -> - | AR4: =IFERROR(AQ4*$I4,"-") -> - | AS4: =IFERROR(AR4*$I4,"-") -> - | AT4: 46305 | AU4: {=IFERROR(SUMIFS('BDT''s'!$W:$W,'BDT''s'!$K:$K,'Metas Mensais'!$A4,'BDT''s'!$L:$L,'Metas Mensais'!$B4,'BDT''s'!$B:$B,'Metas Mensais'!AT4)*'Metas Mensais'!$I4*INDEX(Dados!$J:$J,MATCH(1,('Metas Mensais'!$A4=Dados!$D:$D)*('Metas Mensais'!AT4=Dados!$B:$B),0)),"-")} -> - | AV4: =IFERROR(AU4*$I4,"-") -> - | AW4: =IFERROR(AV4*$I4,"-") -> - | AX4: 46337 | AY4: {=IFERROR(SUMIFS('BDT''s'!$W:$W,'BDT''s'!$K:$K,'Metas Mensais'!$A4,'BDT''s'!$L:$L,'Metas Mensais'!$B4,'BDT''s'!$B:$B,'Metas Mensais'!AX4)*'Metas Mensais'!$I4*INDEX(Dados!$J:$J,MATCH(1,('Metas Mensais'!$A4=Dados!$D:$D)*('Metas Mensais'!AX4=Dados!$B:$B),0)),"-")} -> - | AZ4: =IFERROR(AY4*$I4,"-") -> - | BA4: =IFERROR(AZ4*$I4,"-") -> - | BB4: 46368 | BC4: {=IFERROR(SUMIFS('BDT''s'!$W:$W,'BDT''s'!$K:$K,'Metas Mensais'!$A4,'BDT''s'!$L:$L,'Metas Mensais'!$B4,'BDT''s'!$B:$B,'Metas Mensais'!BB4)*'Metas Mensais'!$I4*INDEX(Dados!$J:$J,MATCH(1,('Metas Mensais'!$A4=Dados!$D:$D)*('Metas Mensais'!BB4=Dados!$B:$B),0)),"-")} -> - | BD4: =IFERROR(BC4*$I4,"-") -> - | BE4: =IFERROR(BD4*$I4,"-") -> -
A5: SKIDDER 2 | B5: =IFERROR(VLOOKUP(A5,Cadastros!B:D,3,FALSE),"-") -> ARRASTE | C5: =IFERROR(AVERAGEIFS('BDT''s'!W:W,'BDT''s'!K:K,'Metas Mensais'!A5,'BDT''s'!L:L,'Metas Mensais'!B5),"-") -> 90.580808 | D5: {=IFERROR(_xlfn.PERCENTILE.INC(_xlfn._xlws.FILTER('BDT''s'!W:W,('BDT''s'!K:K='Metas Mensais'!A5)*('BDT''s'!L:L='Metas Mensais'!B5)),0.5),"-")} -> 83.888889 | E5: {=IFERROR(_xlfn.PERCENTILE.INC(_xlfn._xlws.FILTER('BDT''s'!W:W,('BDT''s'!K:K='Metas Mensais'!A5)*('BDT''s'!L:L='Metas Mensais'!B5)),0.75),"-")} -> 97.5 | F5: =IFERROR(_xlfn.MAXIFS('BDT''s'!W:W,'BDT''s'!K:K,'Metas Mensais'!A5,'BDT''s'!L:L,'Metas Mensais'!B5),"-") -> 120 | G5: =IFERROR(COUNTIFS('BDT''s'!K:K,'Metas Mensais'!A5,'BDT''s'!L:L,'Metas Mensais'!B5),"-") -> 4 | H5: =IFERROR(IF(C5<D5,"BAIXO",IF(AND(C5>=D5,C5<E5),"MEDIO",IF(AND(C5>=E5,C5<F5),"ALTO","-"))),"-") -> MEDIO | I5: =IFERROR(AVERAGE((D5/C5),(E5/C5)),"-") -> 1.0012545 | J5: 46023 | K5: {=IFERROR(SUMIFS('BDT''s'!$W:$W,'BDT''s'!$K:$K,'Metas Mensais'!$A5,'BDT''s'!$L:$L,'Metas Mensais'!$B5,'BDT''s'!$B:$B,'Metas Mensais'!J5)*'Metas Mensais'!$I5*INDEX(Dados!$J:$J,MATCH(1,('Metas Mensais'!$A5=Dados!$D:$D)*('Metas Mensais'!J5=Dados!$B:$B),0)),"-")} -> 9069.4444 | L5: =IFERROR(K5*$I5,"-") -> 9080.8223 | M5: =IFERROR(L5*$I5,"-") -> 9092.2145 | N5: 46055 | O5: {=IFERROR(SUMIFS('BDT''s'!$W:$W,'BDT''s'!$K:$K,'Metas Mensais'!$A5,'BDT''s'!$L:$L,'Metas Mensais'!$B5,'BDT''s'!$B:$B,'Metas Mensais'!N5)*'Metas Mensais'!$I5*INDEX(Dados!$J:$J,MATCH(1,('Metas Mensais'!$A5=Dados!$D:$D)*('Metas Mensais'!N5=Dados!$B:$B),0)),"-")} -> - | P5: =IFERROR(O5*$I5,"-") -> - | Q5: =IFERROR(P5*$I5,"-") -> - | R5: 46084 | S5: {=IFERROR(SUMIFS('BDT''s'!$W:$W,'BDT''s'!$K:$K,'Metas Mensais'!$A5,'BDT''s'!$L:$L,'Metas Mensais'!$B5,'BDT''s'!$B:$B,'Metas Mensais'!R5)*'Metas Mensais'!$I5*INDEX(Dados!$J:$J,MATCH(1,('Metas Mensais'!$A5=Dados!$D:$D)*('Metas Mensais'!R5=Dados!$B:$B),0)),"-")} -> - | T5: =IFERROR(S5*$I5,"-") -> - | U5: =IFERROR(T5*$I5,"-") -> - | V5: 46116 | W5: {=IFERROR(SUMIFS('BDT''s'!$W:$W,'BDT''s'!$K:$K,'Metas Mensais'!$A5,'BDT''s'!$L:$L,'Metas Mensais'!$B5,'BDT''s'!$B:$B,'Metas Mensais'!V5)*'Metas Mensais'!$I5*INDEX(Dados!$J:$J,MATCH(1,('Metas Mensais'!$A5=Dados!$D:$D)*('Metas Mensais'!V5=Dados!$B:$B),0)),"-")} -> - | X5: =IFERROR(W5*$I5,"-") -> - | Y5: =IFERROR(X5*$I5,"-") -> - | Z5: 46147 | AA5: {=IFERROR(SUMIFS('BDT''s'!$W:$W,'BDT''s'!$K:$K,'Metas Mensais'!$A5,'BDT''s'!$L:$L,'Metas Mensais'!$B5,'BDT''s'!$B:$B,'Metas Mensais'!Z5)*'Metas Mensais'!$I5*INDEX(Dados!$J:$J,MATCH(1,('Metas Mensais'!$A5=Dados!$D:$D)*('Metas Mensais'!Z5=Dados!$B:$B),0)),"-")} -> - | AB5: =IFERROR(AA5*$I5,"-") -> - | AC5: =IFERROR(AB5*$I5,"-") -> - | AD5: 46179 | AE5: {=IFERROR(SUMIFS('BDT''s'!$W:$W,'BDT''s'!$K:$K,'Metas Mensais'!$A5,'BDT''s'!$L:$L,'Metas Mensais'!$B5,'BDT''s'!$B:$B,'Metas Mensais'!AD5)*'Metas Mensais'!$I5*INDEX(Dados!$J:$J,MATCH(1,('Metas Mensais'!$A5=Dados!$D:$D)*('Metas Mensais'!AD5=Dados!$B:$B),0)),"-")} -> - | AF5: =IFERROR(AE5*$I5,"-") -> - | AG5: =IFERROR(AF5*$I5,"-") -> - | AH5: 46210 | AI5: {=IFERROR(SUMIFS('BDT''s'!$W:$W,'BDT''s'!$K:$K,'Metas Mensais'!$A5,'BDT''s'!$L:$L,'Metas Mensais'!$B5,'BDT''s'!$B:$B,'Metas Mensais'!AH5)*'Metas Mensais'!$I5*INDEX(Dados!$J:$J,MATCH(1,('Metas Mensais'!$A5=Dados!$D:$D)*('Metas Mensais'!AH5=Dados!$B:$B),0)),"-")} -> - | AJ5: =IFERROR(AI5*$I5,"-") -> - | AK5: =IFERROR(AJ5*$I5,"-") -> - | AL5: 46242 | AM5: {=IFERROR(SUMIFS('BDT''s'!$W:$W,'BDT''s'!$K:$K,'Metas Mensais'!$A5,'BDT''s'!$L:$L,'Metas Mensais'!$B5,'BDT''s'!$B:$B,'Metas Mensais'!AL5)*'Metas Mensais'!$I5*INDEX(Dados!$J:$J,MATCH(1,('Metas Mensais'!$A5=Dados!$D:$D)*('Metas Mensais'!AL5=Dados!$B:$B),0)),"-")} -> - | AN5: =IFERROR(AM5*$I5,"-") -> - | AO5: =IFERROR(AN5*$I5,"-") -> - | AP5: 46274 | AQ5: {=IFERROR(SUMIFS('BDT''s'!$W:$W,'BDT''s'!$K:$K,'Metas Mensais'!$A5,'BDT''s'!$L:$L,'Metas Mensais'!$B5,'BDT''s'!$B:$B,'Metas Mensais'!AP5)*'Metas Mensais'!$I5*INDEX(Dados!$J:$J,MATCH(1,('Metas Mensais'!$A5=Dados!$D:$D)*('Metas Mensais'!AP5=Dados!$B:$B),0)),"-")} -> - | AR5: =IFERROR(AQ5*$I5,"-") -> - | AS5: =IFERROR(AR5*$I5,"-") -> - | AT5: 46305 | AU5: {=IFERROR(SUMIFS('BDT''s'!$W:$W,'BDT''s'!$K:$K,'Metas Mensais'!$A5,'BDT''s'!$L:$L,'Metas Mensais'!$B5,'BDT''s'!$B:$B,'Metas Mensais'!AT5)*'Metas Mensais'!$I5*INDEX(Dados!$J:$J,MATCH(1,('Metas Mensais'!$A5=Dados!$D:$D)*('Metas Mensais'!AT5=Dados!$B:$B),0)),"-")} -> - | AV5: =IFERROR(AU5*$I5,"-") -> - | AW5: =IFERROR(AV5*$I5,"-") -> - | AX5: 46337 | AY5: {=IFERROR(SUMIFS('BDT''s'!$W:$W,'BDT''s'!$K:$K,'Metas Mensais'!$A5,'BDT''s'!$L:$L,'Metas Mensais'!$B5,'BDT''s'!$B:$B,'Metas Mensais'!AX5)*'Metas Mensais'!$I5*INDEX(Dados!$J:$J,MATCH(1,('Metas Mensais'!$A5=Dados!$D:$D)*('Metas Mensais'!AX5=Dados!$B:$B),0)),"-")} -> - | AZ5: =IFERROR(AY5*$I5,"-") -> - | BA5: =IFERROR(AZ5*$I5,"-") -> - | BB5: 46368 | BC5: {=IFERROR(SUMIFS('BDT''s'!$W:$W,'BDT''s'!$K:$K,'Metas Mensais'!$A5,'BDT''s'!$L:$L,'Metas Mensais'!$B5,'BDT''s'!$B:$B,'Metas Mensais'!BB5)*'Metas Mensais'!$I5*INDEX(Dados!$J:$J,MATCH(1,('Metas Mensais'!$A5=Dados!$D:$D)*('Metas Mensais'!BB5=Dados!$B:$B),0)),"-")} -> - | BD5: =IFERROR(BC5*$I5,"-") -> - | BE5: =IFERROR(BD5*$I5,"-") -> -
A6: GARRA TRAÇADORA 1 | B6: =IFERROR(VLOOKUP(A6,Cadastros!B:D,3,FALSE),"-") -> TRAÇAMENTO | C6: =IFERROR(AVERAGEIFS('BDT''s'!W:W,'BDT''s'!K:K,'Metas Mensais'!A6,'BDT''s'!L:L,'Metas Mensais'!B6),"-") -> 60.763889 | D6: {=IFERROR(_xlfn.PERCENTILE.INC(_xlfn._xlws.FILTER('BDT''s'!W:W,('BDT''s'!K:K='Metas Mensais'!A6)*('BDT''s'!L:L='Metas Mensais'!B6)),0.5),"-")} -> 66.111111 | E6: {=IFERROR(_xlfn.PERCENTILE.INC(_xlfn._xlws.FILTER('BDT''s'!W:W,('BDT''s'!K:K='Metas Mensais'!A6)*('BDT''s'!L:L='Metas Mensais'!B6)),0.75),"-")} -> 68.75 | F6: =IFERROR(_xlfn.MAXIFS('BDT''s'!W:W,'BDT''s'!K:K,'Metas Mensais'!A6,'BDT''s'!L:L,'Metas Mensais'!B6),"-") -> 75 | G6: =IFERROR(COUNTIFS('BDT''s'!K:K,'Metas Mensais'!A6,'BDT''s'!L:L,'Metas Mensais'!B6),"-") -> 4 | H6: =IFERROR(IF(C6<D6,"BAIXO",IF(AND(C6>=D6,C6<E6),"MEDIO",IF(AND(C6>=E6,C6<F6),"ALTO","-"))),"-") -> BAIXO | I6: =IFERROR(AVERAGE((D6/C6),(E6/C6)),"-") -> 1.1097143 | J6: 46023 | K6: {=IFERROR(SUMIFS('BDT''s'!$W:$W,'BDT''s'!$K:$K,'Metas Mensais'!$A6,'BDT''s'!$L:$L,'Metas Mensais'!$B6,'BDT''s'!$B:$B,'Metas Mensais'!J6)*'Metas Mensais'!$I6*INDEX(Dados!$J:$J,MATCH(1,('Metas Mensais'!$A6=Dados!$D:$D)*('Metas Mensais'!J6=Dados!$B:$B),0)),"-")} -> 6743.0556 | L6: =IFERROR(K6*$I6,"-") -> 7482.8651 | M6: =IFERROR(L6*$I6,"-") -> 8303.8423 | N6: 46055 | O6: {=IFERROR(SUMIFS('BDT''s'!$W:$W,'BDT''s'!$K:$K,'Metas Mensais'!$A6,'BDT''s'!$L:$L,'Metas Mensais'!$B6,'BDT''s'!$B:$B,'Metas Mensais'!N6)*'Metas Mensais'!$I6*INDEX(Dados!$J:$J,MATCH(1,('Metas Mensais'!$A6=Dados!$D:$D)*('Metas Mensais'!N6=Dados!$B:$B),0)),"-")} -> - | P6: =IFERROR(O6*$I6,"-") -> - | Q6: =IFERROR(P6*$I6,"-") -> - | R6: 46084 | S6: {=IFERROR(SUMIFS('BDT''s'!$W:$W,'BDT''s'!$K:$K,'Metas Mensais'!$A6,'BDT''s'!$L:$L,'Metas Mensais'!$B6,'BDT''s'!$B:$B,'Metas Mensais'!R6)*'Metas Mensais'!$I6*INDEX(Dados!$J:$J,MATCH(1,('Metas Mensais'!$A6=Dados!$D:$D)*('Metas Mensais'!R6=Dados!$B:$B),0)),"-")} -> - | T6: =IFERROR(S6*$I6,"-") -> - | U6: =IFERROR(T6*$I6,"-") -> - | V6: 46116 | W6: {=IFERROR(SUMIFS('BDT''s'!$W:$W,'BDT''s'!$K:$K,'Metas Mensais'!$A6,'BDT''s'!$L:$L,'Metas Mensais'!$B6,'BDT''s'!$B:$B,'Metas Mensais'!V6)*'Metas Mensais'!$I6*INDEX(Dados!$J:$J,MATCH(1,('Metas Mensais'!$A6=Dados!$D:$D)*('Metas Mensais'!V6=Dados!$B:$B),0)),"-")} -> - | X6: =IFERROR(W6*$I6,"-") -> - | Y6: =IFERROR(X6*$I6,"-") -> - | Z6: 46147 | AA6: {=IFERROR(SUMIFS('BDT''s'!$W:$W,'BDT''s'!$K:$K,'Metas Mensais'!$A6,'BDT''s'!$L:$L,'Metas Mensais'!$B6,'BDT''s'!$B:$B,'Metas Mensais'!Z6)*'Metas Mensais'!$I6*INDEX(Dados!$J:$J,MATCH(1,('Metas Mensais'!$A6=Dados!$D:$D)*('Metas Mensais'!Z6=Dados!$B:$B),0)),"-")} -> - | AB6: =IFERROR(AA6*$I6,"-") -> - | AC6: =IFERROR(AB6*$I6,"-") -> - | AD6: 46179 | AE6: {=IFERROR(SUMIFS('BDT''s'!$W:$W,'BDT''s'!$K:$K,'Metas Mensais'!$A6,'BDT''s'!$L:$L,'Metas Mensais'!$B6,'BDT''s'!$B:$B,'Metas Mensais'!AD6)*'Metas Mensais'!$I6*INDEX(Dados!$J:$J,MATCH(1,('Metas Mensais'!$A6=Dados!$D:$D)*('Metas Mensais'!AD6=Dados!$B:$B),0)),"-")} -> - | AF6: =IFERROR(AE6*$I6,"-") -> - | AG6: =IFERROR(AF6*$I6,"-") -> - | AH6: 46210 | AI6: {=IFERROR(SUMIFS('BDT''s'!$W:$W,'BDT''s'!$K:$K,'Metas Mensais'!$A6,'BDT''s'!$L:$L,'Metas Mensais'!$B6,'BDT''s'!$B:$B,'Metas Mensais'!AH6)*'Metas Mensais'!$I6*INDEX(Dados!$J:$J,MATCH(1,('Metas Mensais'!$A6=Dados!$D:$D)*('Metas Mensais'!AH6=Dados!$B:$B),0)),"-")} -> - | AJ6: =IFERROR(AI6*$I6,"-") -> - | AK6: =IFERROR(AJ6*$I6,"-") -> - | AL6: 46242 | AM6: {=IFERROR(SUMIFS('BDT''s'!$W:$W,'BDT''s'!$K:$K,'Metas Mensais'!$A6,'BDT''s'!$L:$L,'Metas Mensais'!$B6,'BDT''s'!$B:$B,'Metas Mensais'!AL6)*'Metas Mensais'!$I6*INDEX(Dados!$J:$J,MATCH(1,('Metas Mensais'!$A6=Dados!$D:$D)*('Metas Mensais'!AL6=Dados!$B:$B),0)),"-")} -> - | AN6: =IFERROR(AM6*$I6,"-") -> - | AO6: =IFERROR(AN6*$I6,"-") -> - | AP6: 46274 | AQ6: {=IFERROR(SUMIFS('BDT''s'!$W:$W,'BDT''s'!$K:$K,'Metas Mensais'!$A6,'BDT''s'!$L:$L,'Metas Mensais'!$B6,'BDT''s'!$B:$B,'Metas Mensais'!AP6)*'Metas Mensais'!$I6*INDEX(Dados!$J:$J,MATCH(1,('Metas Mensais'!$A6=Dados!$D:$D)*('Metas Mensais'!AP6=Dados!$B:$B),0)),"-")} -> - | AR6: =IFERROR(AQ6*$I6,"-") -> - | AS6: =IFERROR(AR6*$I6,"-") -> - | AT6: 46305 | AU6: {=IFERROR(SUMIFS('BDT''s'!$W:$W,'BDT''s'!$K:$K,'Metas Mensais'!$A6,'BDT''s'!$L:$L,'Metas Mensais'!$B6,'BDT''s'!$B:$B,'Metas Mensais'!AT6)*'Metas Mensais'!$I6*INDEX(Dados!$J:$J,MATCH(1,('Metas Mensais'!$A6=Dados!$D:$D)*('Metas Mensais'!AT6=Dados!$B:$B),0)),"-")} -> - | AV6: =IFERROR(AU6*$I6,"-") -> - | AW6: =IFERROR(AV6*$I6,"-") -> - | AX6: 46337 | AY6: {=IFERROR(SUMIFS('BDT''s'!$W:$W,'BDT''s'!$K:$K,'Metas Mensais'!$A6,'BDT''s'!$L:$L,'Metas Mensais'!$B6,'BDT''s'!$B:$B,'Metas Mensais'!AX6)*'Metas Mensais'!$I6*INDEX(Dados!$J:$J,MATCH(1,('Metas Mensais'!$A6=Dados!$D:$D)*('Metas Mensais'!AX6=Dados!$B:$B),0)),"-")} -> - | AZ6: =IFERROR(AY6*$I6,"-") -> - | BA6: =IFERROR(AZ6*$I6,"-") -> - | BB6: 46368 | BC6: {=IFERROR(SUMIFS('BDT''s'!$W:$W,'BDT''s'!$K:$K,'Metas Mensais'!$A6,'BDT''s'!$L:$L,'Metas Mensais'!$B6,'BDT''s'!$B:$B,'Metas Mensais'!BB6)*'Metas Mensais'!$I6*INDEX(Dados!$J:$J,MATCH(1,('Metas Mensais'!$A6=Dados!$D:$D)*('Metas Mensais'!BB6=Dados!$B:$B),0)),"-")} -> - | BD6: =IFERROR(BC6*$I6,"-") -> - | BE6: =IFERROR(BD6*$I6,"-") -> -
A7: GARRA TRAÇADORA 2 | B7: =IFERROR(VLOOKUP(A7,Cadastros!B:D,3,FALSE),"-") -> TRAÇAMENTO | C7: =IFERROR(AVERAGEIFS('BDT''s'!W:W,'BDT''s'!K:K,'Metas Mensais'!A7,'BDT''s'!L:L,'Metas Mensais'!B7),"-") -> 77.5 | D7: {=IFERROR(_xlfn.PERCENTILE.INC(_xlfn._xlws.FILTER('BDT''s'!W:W,('BDT''s'!K:K='Metas Mensais'!A7)*('BDT''s'!L:L='Metas Mensais'!B7)),0.5),"-")} -> 75 | E7: {=IFERROR(_xlfn.PERCENTILE.INC(_xlfn._xlws.FILTER('BDT''s'!W:W,('BDT''s'!K:K='Metas Mensais'!A7)*('BDT''s'!L:L='Metas Mensais'!B7)),0.75),"-")} -> 84 | F7: =IFERROR(_xlfn.MAXIFS('BDT''s'!W:W,'BDT''s'!K:K,'Metas Mensais'!A7,'BDT''s'!L:L,'Metas Mensais'!B7),"-") -> 96 | G7: =IFERROR(COUNTIFS('BDT''s'!K:K,'Metas Mensais'!A7,'BDT''s'!L:L,'Metas Mensais'!B7),"-") -> 4 | H7: =IFERROR(IF(C7<D7,"BAIXO",IF(AND(C7>=D7,C7<E7),"MEDIO",IF(AND(C7>=E7,C7<F7),"ALTO","-"))),"-") -> MEDIO | I7: =IFERROR(AVERAGE((D7/C7),(E7/C7)),"-") -> 1.0258065 | J7: 46023 | K7: {=IFERROR(SUMIFS('BDT''s'!$W:$W,'BDT''s'!$K:$K,'Metas Mensais'!$A7,'BDT''s'!$L:$L,'Metas Mensais'!$B7,'BDT''s'!$B:$B,'Metas Mensais'!J7)*'Metas Mensais'!$I7*INDEX(Dados!$J:$J,MATCH(1,('Metas Mensais'!$A7=Dados!$D:$D)*('Metas Mensais'!J7=Dados!$B:$B),0)),"-")} -> 7950 | L7: =IFERROR(K7*$I7,"-") -> 8155.1613 | M7: =IFERROR(L7*$I7,"-") -> 8365.6171 | N7: 46055 | O7: {=IFERROR(SUMIFS('BDT''s'!$W:$W,'BDT''s'!$K:$K,'Metas Mensais'!$A7,'BDT''s'!$L:$L,'Metas Mensais'!$B7,'BDT''s'!$B:$B,'Metas Mensais'!N7)*'Metas Mensais'!$I7*INDEX(Dados!$J:$J,MATCH(1,('Metas Mensais'!$A7=Dados!$D:$D)*('Metas Mensais'!N7=Dados!$B:$B),0)),"-")} -> - | P7: =IFERROR(O7*$I7,"-") -> - | Q7: =IFERROR(P7*$I7,"-") -> - | R7: 46084 | S7: {=IFERROR(SUMIFS('BDT''s'!$W:$W,'BDT''s'!$K:$K,'Metas Mensais'!$A7,'BDT''s'!$L:$L,'Metas Mensais'!$B7,'BDT''s'!$B:$B,'Metas Mensais'!R7)*'Metas Mensais'!$I7*INDEX(Dados!$J:$J,MATCH(1,('Metas Mensais'!$A7=Dados!$D:$D)*('Metas Mensais'!R7=Dados!$B:$B),0)),"-")} -> - | T7: =IFERROR(S7*$I7,"-") -> - | U7: =IFERROR(T7*$I7,"-") -> - | V7: 46116 | W7: {=IFERROR(SUMIFS('BDT''s'!$W:$W,'BDT''s'!$K:$K,'Metas Mensais'!$A7,'BDT''s'!$L:$L,'Metas Mensais'!$B7,'BDT''s'!$B:$B,'Metas Mensais'!V7)*'Metas Mensais'!$I7*INDEX(Dados!$J:$J,MATCH(1,('Metas Mensais'!$A7=Dados!$D:$D)*('Metas Mensais'!V7=Dados!$B:$B),0)),"-")} -> - | X7: =IFERROR(W7*$I7,"-") -> - | Y7: =IFERROR(X7*$I7,"-") -> - | Z7: 46147 | AA7: {=IFERROR(SUMIFS('BDT''s'!$W:$W,'BDT''s'!$K:$K,'Metas Mensais'!$A7,'BDT''s'!$L:$L,'Metas Mensais'!$B7,'BDT''s'!$B:$B,'Metas Mensais'!Z7)*'Metas Mensais'!$I7*INDEX(Dados!$J:$J,MATCH(1,('Metas Mensais'!$A7=Dados!$D:$D)*('Metas Mensais'!Z7=Dados!$B:$B),0)),"-")} -> - | AB7: =IFERROR(AA7*$I7,"-") -> - | AC7: =IFERROR(AB7*$I7,"-") -> - | AD7: 46179 | AE7: {=IFERROR(SUMIFS('BDT''s'!$W:$W,'BDT''s'!$K:$K,'Metas Mensais'!$A7,'BDT''s'!$L:$L,'Metas Mensais'!$B7,'BDT''s'!$B:$B,'Metas Mensais'!AD7)*'Metas Mensais'!$I7*INDEX(Dados!$J:$J,MATCH(1,('Metas Mensais'!$A7=Dados!$D:$D)*('Metas Mensais'!AD7=Dados!$B:$B),0)),"-")} -> - | AF7: =IFERROR(AE7*$I7,"-") -> - | AG7: =IFERROR(AF7*$I7,"-") -> - | AH7: 46210 | AI7: {=IFERROR(SUMIFS('BDT''s'!$W:$W,'BDT''s'!$K:$K,'Metas Mensais'!$A7,'BDT''s'!$L:$L,'Metas Mensais'!$B7,'BDT''s'!$B:$B,'Metas Mensais'!AH7)*'Metas Mensais'!$I7*INDEX(Dados!$J:$J,MATCH(1,('Metas Mensais'!$A7=Dados!$D:$D)*('Metas Mensais'!AH7=Dados!$B:$B),0)),"-")} -> - | AJ7: =IFERROR(AI7*$I7,"-") -> - | AK7: =IFERROR(AJ7*$I7,"-") -> - | AL7: 46242 | AM7: {=IFERROR(SUMIFS('BDT''s'!$W:$W,'BDT''s'!$K:$K,'Metas Mensais'!$A7,'BDT''s'!$L:$L,'Metas Mensais'!$B7,'BDT''s'!$B:$B,'Metas Mensais'!AL7)*'Metas Mensais'!$I7*INDEX(Dados!$J:$J,MATCH(1,('Metas Mensais'!$A7=Dados!$D:$D)*('Metas Mensais'!AL7=Dados!$B:$B),0)),"-")} -> - | AN7: =IFERROR(AM7*$I7,"-") -> - | AO7: =IFERROR(AN7*$I7,"-") -> - | AP7: 46274 | AQ7: {=IFERROR(SUMIFS('BDT''s'!$W:$W,'BDT''s'!$K:$K,'Metas Mensais'!$A7,'BDT''s'!$L:$L,'Metas Mensais'!$B7,'BDT''s'!$B:$B,'Metas Mensais'!AP7)*'Metas Mensais'!$I7*INDEX(Dados!$J:$J,MATCH(1,('Metas Mensais'!$A7=Dados!$D:$D)*('Metas Mensais'!AP7=Dados!$B:$B),0)),"-")} -> - | AR7: =IFERROR(AQ7*$I7,"-") -> - | AS7: =IFERROR(AR7*$I7,"-") -> - | AT7: 46305 | AU7: {=IFERROR(SUMIFS('BDT''s'!$W:$W,'BDT''s'!$K:$K,'Metas Mensais'!$A7,'BDT''s'!$L:$L,'Metas Mensais'!$B7,'BDT''s'!$B:$B,'Metas Mensais'!AT7)*'Metas Mensais'!$I7*INDEX(Dados!$J:$J,MATCH(1,('Metas Mensais'!$A7=Dados!$D:$D)*('Metas Mensais'!AT7=Dados!$B:$B),0)),"-")} -> - | AV7: =IFERROR(AU7*$I7,"-") -> - | AW7: =IFERROR(AV7*$I7,"-") -> - | AX7: 46337 | AY7: {=IFERROR(SUMIFS('BDT''s'!$W:$W,'BDT''s'!$K:$K,'Metas Mensais'!$A7,'BDT''s'!$L:$L,'Metas Mensais'!$B7,'BDT''s'!$B:$B,'Metas Mensais'!AX7)*'Metas Mensais'!$I7*INDEX(Dados!$J:$J,MATCH(1,('Metas Mensais'!$A7=Dados!$D:$D)*('Metas Mensais'!AX7=Dados!$B:$B),0)),"-")} -> - | AZ7: =IFERROR(AY7*$I7,"-") -> - | BA7: =IFERROR(AZ7*$I7,"-") -> - | BB7: 46368 | BC7: {=IFERROR(SUMIFS('BDT''s'!$W:$W,'BDT''s'!$K:$K,'Metas Mensais'!$A7,'BDT''s'!$L:$L,'Metas Mensais'!$B7,'BDT''s'!$B:$B,'Metas Mensais'!BB7)*'Metas Mensais'!$I7*INDEX(Dados!$J:$J,MATCH(1,('Metas Mensais'!$A7=Dados!$D:$D)*('Metas Mensais'!BB7=Dados!$B:$B),0)),"-")} -> - | BD7: =IFERROR(BC7*$I7,"-") -> - | BE7: =IFERROR(BD7*$I7,"-") -> -

Sheet Cadastros
A1: EQUIPAMENTO DIGITADO | B1: EQUIPAMENTO | C1: CONTRATO | D1: TIPO
A2: FELLER1 | B2: FELLER BUNCHER 1 | C2: - | D2: CORTE
A3: FELLER2 | B3: FELLER BUNCHER 2 | C3: - | D3: CORTE
A4: SKIDDER1 | B4: SKIDDER 1 | C4: - | D4: ARRASTE
A5: SKIDDER2 | B5: SKIDDER 2 | C5: - | D5: ARRASTE
A6: GARRA1 | B6: GARRA TRAÇADORA 1 | C6: - | D6: TRAÇAMENTO
A7: GARRA2 | B7: GARRA TRAÇADORA 2 | C7: - | D7: TRAÇAMENTO

Sheet BDT's
A1: ANO | B1: MÊS | C1: CONTRATO | D1: BITOLA | E1: VMI | F1: FAIXA VMI | G1: FAZENDA | H1: TALHÃO | I1: DATA APONTAMENTO | J1: EQUIPAMENTO DIGITADO | K1: EQUIPAMENTO | L1: TIPO DE EQUIPAMENTO | M1: META BASE M³/H POR OPERAÇÃO | N1: OPERADOR | O1: TURNO | P1: MOVIMENTO ENTRE TALHÕES | Q1: HORÍMETRO ANTERIOR | R1: HORÍMETRO ATUAL | S1: HORAS RODADAS | T1: QUANTIDADE DE ÁRVORES | U1: VOLUME PRODUZIDO | V1: VOLUME AJUSTADO | W1: M³ / HORA RODADA | X1: HEC PRODUZIDO NO DIA | Y1: HEC PRODUZIDO NO DIA AJUSTADO | Z1: META BASE M³ POR TURNO | AA1: META BASE M³ POR HORA | AB1: META DESAFIO M³ POR TURNO | AC1: META DESAFIO M³ POR HORA | AD1: TETO META M³ POR TURNO | AE1: TETO META M³ POR HORA | AF1: STATUS META | AG1: FATOR | AH1: % COBERTURA | AI1: VOLUME TALHÃO | AJ1: STATUS DO TALHÃO
A2: 2026 | B2: 46023 | C2: CONTRATO 1 | D2: 1.9 | E2: 0.15 | F2: 0,11 a 0,15 | G2: FAZENDA 1 | H2: 15 | I2: 46023 | J2: FELLER1 | K2: FELLER BUNCHER 1 | L2: CORTE | M2: 86.557111 | N2: OPERADOR 1 | O2: TURNO 1 | P2: 1 | Q2: 1000 | R2: 1010.2 | S2: 10.2 | T2: 4866.6667 | U2: 730 | V2: 730 | W2: 71.568627 | X2: 0.876 | Y2: 0.876 | Z2: 1056.4112 | AA2: 88.034267 | AB2: 1083.6967 | AC2: 90.308055 | AD2: 1200 | AE2: 100 | AF2: BAIXO | AG2: 0.24914676 | AH2: 0.073 | AI2: 730 | AJ2: EM ANDAMENTO
A3: 2026 | B3: 46023 | C3: CONTRATO 1 | D3: 1.9 | E3: 0.15 | F3: 0,11 a 0,15 | G3: FAZENDA 1 | H3: 15 | I3: 46023 | J3: FELLER1 | K3: FELLER BUNCHER 1 | L3: CORTE | M3: 86.557111 | N3: OPERADOR 2 | O3: TURNO 2 | P3: 1 | Q3: 1010.2 | R3: 1022 | S3: 11.8 | T3: 6666.6667 | U3: 1000 | V3: 1000 | W3: 84.745763 | X3: 1.2 | Y3: 1.2 | Z3: 1056.4112 | AA3: 88.034267 | AB3: 1083.6967 | AC3: 90.308055 | AD3: 1200 | AE3: 100 | AF3: BAIXO | AG3: 0.34129693 | AH3: 0.1 | AI3: 1000 | AJ3: EM ANDAMENTO
A4: 2026 | B4: 46023 | C4: CONTRATO 1 | D4: 1.9 | E4: 0.16 | F4: 0,16 a 0,20 | G4: FAZENDA 1 | H4: 25 | I4: 46023 | J4: FELLER2 | K4: FELLER BUNCHER 2 | L4: CORTE | M4: 125.2316 | N4: OPERADOR 3 | O4: TURNO 1 | P4: 1 | Q4: 2000 | R4: 2011.1 | S4: 11.1 | T4: 7500 | U4: 1200 | V4: 1200 | W4: 108.10811 | X4: 0.92307692 | Y4: 0.92307692 | Z4: 1477.1333 | AA4: 123.09444 | AB4: 1464.4344 | AC4: 122.0362 | AD4: 2022.4719 | AE4: 168.53933 | AF4: BAIXO | AG4: 0.24489796 | AH4: 0.092307692 | AI4: 1200 | AJ4: EM ANDAMENTO
A5: 2026 | B5: 46023 | C5: CONTRATO 1 | D5: 1.9 | E5: 0.16 | F5: 0,16 a 0,20 | G5: FAZENDA 1 | H5: 25 | I5: 46023 | J5: FELLER2 | K5: FELLER BUNCHER 2 | L5: CORTE | M5: 125.2316 | N5: OPERADOR 4 | O5: TURNO 2 | P5: 1 | Q5: 2011.1 | R5: 2020 | S5: 8.9 | T5: 9375 | U5: 1500 | V5: 1500 | W5: 168.53933 | X5: 1.1538462 | Y5: 1.1538462 | Z5: 1477.1333 | AA5: 123.09444 | AB5: 1464.4344 | AC5: 122.0362 | AD5: 2022.4719 | AE5: 168.53933 | AF5: ALTO | AG5: 0.30612245 | AH5: 0.11538462 | AI5: 1500 | AJ5: EM ANDAMENTO
A6: 2026 | B6: 46023 | C6: CONTRATO 1 | D6: 1.9 | E6: 0.15 | F6: 0,11 a 0,15 | G6: FAZENDA 1 | H6: 15 | I6: 46023 | J6: SKIDDER1 | K6: SKIDDER 1 | L6: ARRASTE | M6: 132.35447 | N6: OPERADOR 5 | O6: TURNO 1 | P6: 1 | Q6: 1200 | R6: 1208 | S6: 8 | T6: 3333.3333 | U6: 500 | V6: 500 | W6: 62.5 | X6: 0.6 | Y6: 0.6 | Z6: 1688.5714 | AA6: 140.71429 | AB6: 1918.6652 | AC6: 159.88876 | AD6: 2280 | AE6: 190 | AF6: BAIXO | AG6: 0.19920319 | AH6: 0.05 | AI6: 500 | AJ6: EM ANDAMENTO
A7: 2026 | B7: 46023 | C7: CONTRATO 1 | D7: 1.9 | E7: 0.15 | F7: 0,11 a 0,15 | G7: FAZENDA 1 | H7: 15 | I7: 46023 | J7: SKIDDER1 | K7: SKIDDER 1 | L7: ARRASTE | M7: 132.35447 | N7: OPERADOR 6 | O7: TURNO 2 | P7: 1 | Q7: 1208 | R7: 1215 | S7: 7 | T7: 4333.3333 | U7: 650 | V7: 650 | W7: 92.857143 | X7: 0.78 | Y7: 0.78 | Z7: 1688.5714 | AA7: 140.71429 | AB7: 1918.6652 | AC7: 159.88876 | AD7: 2280 | AE7: 190 | AF7: BAIXO | AG7: 0.25896414 | AH7: 0.065 | AI7: 650 | AJ7: EM ANDAMENTO
A8: 2026 | B8: 46023 | C8: CONTRATO 1 | D8: 1.9 | E8: 0.16 | F8: 0,16 a 0,20 | G8: FAZENDA 1 | H8: 25 | I8: 46023 | J8: SKIDDER2 | K8: SKIDDER 2 | L8: ARRASTE | M8: 96.809138 | N8: OPERADOR 7 | O8: TURNO 1 | P8: 1 | Q8: 2100 | R8: 2109 | S8: 9 | T8: 4375 | U8: 700 | V8: 700 | W8: 77.777778 | X8: 0.53846154 | Y8: 0.53846154 | Z8: 1088.3333 | AA8: 90.694444 | AB8: 1089.6987 | AC8: 90.808223 | AD8: 1440 | AE8: 120 | AF8: BAIXO | AG8: 0.23178808 | AH8: 0.053846154 | AI8: 700 | AJ8: EM ANDAMENTO
A9: 2026 | B9: 46023 | C9: CONTRATO 1 | D9: 1.9 | E9: 0.16 | F9: 0,16 a 0,20 | G9: FAZENDA 1 | H9: 25 | I9: 46023 | J9: SKIDDER2 | K9: SKIDDER 2 | L9: ARRASTE | M9: 96.809138 | N9: OPERADOR 8 | O9: TURNO 2 | P9: 1 | Q9: 2109 | R9: 2120 | S9: 11 | T9: 5125 | U9: 820 | V9: 820 | W9: 74.545455 | X9: 0.63076923 | Y9: 0.63076923 | Z9: 1088.3333 | AA9: 90.694444 | AB9: 1089.6987 | AC9: 90.808223 | AD9: 1440 | AE9: 120 | AF9: BAIXO | AG9: 0.27152318 | AH9: 0.063076923 | AI9: 820 | AJ9: EM ANDAMENTO
A10: 2026 | B10: 46023 | C10: CONTRATO 1 | D10: 1.9 | E10: 0.15 | F10: 0,11 a 0,15 | G10: FAZENDA 1 | H10: 15 | I10: 46023 | J10: GARRA1 | K10: GARRA TRAÇADORA 1 | L10: TRAÇAMENTO | M10: 64.881272 | N10: OPERADOR 9 | O10: TURNO 1 | P10: 1 | Q10: 500 | R10: 512 | S10: 12 | T10: 2866.6667 | U10: 430 | V10: 430 | W10: 35.833333 | X10: 0.516 | Y10: 0.516 | Z10: 809.16667 | AA10: 67.430556 | AB10: 897.94381 | AC10: 74.828651 | AD10: 900 | AE10: 75 | AF10: BAIXO | AG10: 0.21287129 | AH10: 0.043 | AI10: 430 | AJ10: EM ANDAMENTO
A11: 2026 | B11: 46023 | C11: CONTRATO 1 | D11: 1.9 | E11: 0.15 | F11: 0,11 a 0,15 | G11: FAZENDA 1 | H11: 15 | I11: 46023 | J11: GARRA1 | K11: GARRA TRAÇADORA 1 | L11: TRAÇAMENTO | M11: 64.881272 | N11: OPERADOR 10 | O11: TURNO 2 | P11: 1 | Q11: 512 | R11: 520 | S11: 8 | T11: 4000 | U11: 600 | V11: 600 | W11: 75 | X11: 0.72 | Y11: 0.72 | Z11: 809.16667 | AA11: 67.430556 | AB11: 897.94381 | AC11: 74.828651 | AD11: 900 | AE11: 75 | AF11: ALTO | AG11: 0.2970297 | AH11: 0.06 | AI11: 600 | AJ11: EM ANDAMENTO
A12: 2026 | B12: 46023 | C12: CONTRATO 1 | D12: 1.9 | E12: 0.16 | F12: 0,16 a 0,20 | G12: FAZENDA 1 | H12: 25 | I12: 46023 | J12: GARRA2 | K12: GARRA TRAÇADORA 2 | L12: TRAÇAMENTO | M12: 82.751429 | N12: OPERADOR 11 | O12: TURNO 1 | P12: 1 | Q12: 700 | R12: 705 | S12: 5 | T12: 2187.5 | U12: 350 | V12: 350 | W12: 70 | X12: 0.26923077 | Y12: 0.26923077 | Z12: 954 | AA12: 79.5 | AB12: 978.61935 | AC12: 81.551613 | AD12: 1152 | AE12: 96 | AF12: BAIXO | AG12: 0.17948718 | AH12: 0.026923077 | AI12: 350 | AJ12: EM ANDAMENTO
A13: 2026 | B13: 46023 | C13: CONTRATO 1 | D13: 1.9 | E13: 0.16 | F13: 0,16 a 0,20 | G13: FAZENDA 1 | H13: 25 | I13: 46023 | J13: GARRA2 | K13: GARRA TRAÇADORA 2 | L13: TRAÇAMENTO | M13: 82.751429 | N13: OPERADOR 12 | O13: TURNO 2 | P13: 1 | Q13: 705 | R13: 715 | S13: 10 | T13: 5000 | U13: 800 | V13: 800 | W13: 80 | X13: 0.61538462 | Y13: 0.61538462 | Z13: 954 | AA13: 79.5 | AB13: 978.61935 | AC13: 81.551613 | AD13: 1152 | AE13: 96 | AF13: MEDIO | AG13: 0.41025641 | AH13: 0.061538462 | AI13: 800 | AJ13: EM ANDAMENTO
... A25: 2026 | B25: 46023 | C25: CONTRATO 1 | D25: 1.9 | E25: 0.16 | F25: 0,16 a 0,20 | G25: FAZENDA 1 | H25: 25 | I25: 46024 | J25: GARRA2 | K25: GARRA TRAÇADORA 2 | L25: TRAÇAMENTO | M25: 82.751429 | N25: OPERADOR 12 | O25: TURNO 2 | P25: 1 | Q25: 720 | R25: 725 | S25: 5 | T25: 2000 | U25: 320 | V25: 320 | W25: 64 | X25: 0.24615385 | Y25: 0.24615385 | Z25: 954 | AA25: 79.5 | AB25: 978.61935 | AC25: 81.551613 | AD25: 1152 | AE25: 96 | AF25: BAIXO | AG25: 0.16410256 | AH25: 0.024615385 | AI25: 320 | AJ25: EM ANDAMENTO

Sheet Controle Mensal
A1: ANO | B1: MÊS | C1: DATA | D1: EQUIPAMENTO DIGITADO | E1: EQUIPAMENTO | F1: TIPO DE EQUIPAMENTO | G1: DISPONIBILIDADE MECÂNICA | H1: D.M | I1: META D.M BASE | J1: META D.M DESAFIO | K1: TETO META D.M | L1: STATUS D.M | M1: DISPONIBILIDADE OPERACIONAL | N1: D.O | O1: META D.O BASE | P1: META D.O DESAFIO | Q1: TETO META D.O | R1: STATUS D.O | S1: HORAS | T1: HORAS D.M | U1: HORAS D.O | V1: MÉDIA HORAS PARADAS | W1: TOTAL HORAS | X1: TOTAL HORAS PARADAS | Y1: TEMPO REFEIÇÃO | Z1: HORAS RODADAS | AA1: HORAS DESCONSIDERADAS | AB1: HORAS TRABALHADAS REAL | AC1: META HORAS BASE | AD1: META HORAS DESAFIO | AE1: TETO META HORAS | AF1: STATUS META HORAS
A2: 2026 | B2: 46023 | C2: 46023 | D2: FELLER1 | E2: FELLER BUNCHER 1 | F2: CORTE | G2: DISPONIBILIDADE MECÂNICA | H2: 1 | I2: 0,45882352941176474 | J2: 0,66341463414634161 | K2: 1 | L2: - | M2: DISPONIBILIDADE OPERACIONAL | N2: 1 | O2: 0,74117647058823533 | P2: 0,83902439024390252 | Q2: 1 | R2: - | S2: HORAS | T2: 23 | U2: 11 | V2: 17 | W2: 48 | X2: 34 | Y2: 0 | Z2: 14 | AA2: 2 | AB2: 12 | AC2: 4,8 | AD2: 2,9853658536585361 | AE2: 12 | AF2: CRÍTICO
A3: 2026 | B3: 46023 | C3: 46023 | D3: FELLER2 | E3: FELLER BUNCHER 2 | F3: CORTE | G3: DISPONIBILIDADE MECÂNICA | H3: 1 | I3: 1 | J3: 1 | L3: BOA | M3: DISPONIBILIDADE OPERACIONAL | N3: 1 | O3: 0,11999999999999977 | P3: 0,2584269662921348 | Q3: 1 | R3: - | S3: HORAS | T3: 0 | U3: 22 | V3: 11 | W3: 24 | X3: 22 | Y3: 0 | Z3: 2 | AA3: 2 | AB3: 0 | AC3: 5,2800000000000011 | AD3: 4,4494382022471912 | AE3: 9 | AF3: CRÍTICO
A4: 2026 | B4: 46023 | C4: 46023 | D4: SKIDDER1 | E4: SKIDDER 1 | F4: ARRASTE | G4: DISPONIBILIDADE MECÂNICA | H4: 1 | I4: - | J4: - | L4: RUIM | M4: DISPONIBILIDADE OPERACIONAL | N4: 1 | O4: - | P4: - | R4: RUIM | S4: HORAS | T4: 0 | U4: 0 | V4: 0 | W4: 0 | X4: 0 | Y4: 0 | Z4: 0 | AA4: 0 | AB4: 0 | AC4: - | AD4: - | AE4: - | AF4: EXCELENTE
A5: 2026 | B5: 46023 | C5: 46023 | D5: SKIDDER2 | E5: SKIDDER 2 | F5: ARRASTE | G5: DISPONIBILIDADE MECÂNICA | H5: 1 | I5: 0,5 | J5: 0,5 | K5: 0 | L5: - | M5: DISPONIBILIDADE OPERACIONAL | N5: 1 | O5: 0,5 | P5: 0,5 | Q5: 0 | R5: - | S5: HORAS | T5: 24 | U5: 24 | V5: 24 | W5: 48 | X5: 48 | Y5: 0 | Z5: 0 | AA5: 0 | AB5: 0 | AC5: 12 | AD5: 12 | AE5: 12 | AF5: CRÍTICO
A6: 2026 | B6: 46023 | C6: 46023 | D6: GARRA1 | E6: GARRA TRAÇADORA 1 | F6: TRAÇAMENTO | G6: DISPONIBILIDADE MECÂNICA | H6: 1 | I6: 0,91724137931034488 | J6: 0,92489568845618919 | K6: 1 | L6: - | M6: DISPONIBILIDADE OPERACIONAL | N6: 1 | O6: 0,43601532567049806 | P6: 0,48817802503477059 | Q6: 1 | R6: - | S6: HORAS | T6: 2 | U6: 15 | V6: 9 | W6: 24 | X6: 18 | Y6: 0 | Z6: 6 | AA6: 5 | AB6: 1 | AC6: 2,2174055829228245 | AD6: 2,0123186966024238 | AE6: 3,9999999999999991 | AF6: CRÍTICO
A7: 2026 | B7: 46023 | C7: 46023 | D7: GARRA2 | E7: GARRA TRAÇADORA 2 | F7: TRAÇAMENTO | G7: DISPONIBILIDADE MECÂNICA | H7: 1 | I7: - | J7: - | L7: RUIM | M7: DISPONIBILIDADE OPERACIONAL | N7: 1 | O7: - | P7: - | R7: RUIM | S7: HORAS | T7: 0 | U7: 0 | V7: 0 | W7: 0 | X7: 0 | Y7: 0 | Z7: 0 | AA7: 0 | AB7: 0 | AC7: - | AD7: - | AE7: - | AF7: EXCELENTE

Sheet Disponibilidade
A1: ANO | B1: MÊS | C1: DATA | D1: EQUIPAMENTO DIGITADO | E1: TURNO | F1: OPERADOR | G1: EQUIPAMENTO | H1: TIPO DE EQUIPAMENTO | I1: DISPONIBILIDADE MECÂNICA | J1: D.M | K1: META D.M BASE | L1: META D.M DESAFIO | M1: TETO META D.M | N1: STATUS D.M | O1: DISPONIBILIDADE OPERACIONAL | P1: D.O | Q1: META D.O BASE | R1: META D.O DESAFIO | S1: TETO META D.O | T1: STATUS D.O | U1: HORAS | V1: HORAS D.M | W1: HORAS D.O | X1: MÉDIA HORAS PARADAS | Y1: TOTAL HORAS | Z1: CHECK TOTAL HORAS | AA1: TOTAL HORAS PARADAS | AB1: TEMPO REFEIÇÃO | AC1: HORAS RODADAS | AD1: CHECK HORAS RODADAS | AE1: HORAS PARADAS | AF1: HORAS DESCONSIDERADAS | AG1: HORAS TRABALHADAS REAL | AH1: CHECK HORAS TRABALHADAS | AI1: META HORAS BASE | AJ1: META HORAS DESAFIO | AK1: TETO META HORAS | AL1: STATUS META HORAS
A2: 2026 | B2: 46023 | C2: 46023 | D2: FELLER1 | E2: TURNO 2 | F2: OPERADOR 2 | G2: FELLER BUNCHER 1 | H2: CORTE | I2: DISPONIBILIDADE MECÂNICA | J2: 1 | K2: 0,45882352941176474 | L2: 0,66341463414634161 | M2: 1 | N2: BOA | O2: DISPONIBILIDADE OPERACIONAL | P2: 1 | Q2: 0,74117647058823533 | R2: 0,83902439024390252 | S2: 1 | T2: MEDIA | U2: HORAS | V2: 7 | W2: 5 | X2: 6 | Y2: 12 | Z2: OK | AA2: 12 | AB2: 0 | AC2: 0 | AD2: OK | AE2: 12 | AF2: 0 | AG2: 0 | AH2: OK | AI2: 4,8 | AJ2: 2,9853658536585361 | AK2: 12 | AL2: ATENÇÃO
A3: 2026 | B3: 46023 | C3: 46023 | D3: FELLER2 | E3: TURNO 1 | F3: - | G3: FELLER BUNCHER 2 | H3: CORTE | I3: DISPONIBILIDADE MECÂNICA | J3: 1 | K3: 1 | L3: 1 | N3: BOA | O3: DISPONIBILIDADE OPERACIONAL | P3: 1 | Q3: 0,11999999999999977 | R3: 0,2584269662921348 | S3: 1 | T3: - | U3: HORAS | V3: 0 | W3: 0 | X3: 0 | Y3: 0 | Z3: OK | AA3: 0 | AB3: 0 | AC3: 0 | AD3: OK | AE3: 0 | AF3: 0 | AG3: 0 | AH3: OK | AI3: 5,2800000000000011 | AJ3: 4,4494382022471912 | AK3: 9 | AL3: EXCELENTE
A4: 2026 | B4: 46023 | C4: 46023 | D4: FELLER2 | E4: TURNO 2 | F4: - | G4: FELLER BUNCHER 2 | H4: CORTE | I4: DISPONIBILIDADE MECÂNICA | J4: 1 | K4: 1 | L4: 1 | N4: BOA | O4: DISPONIBILIDADE OPERACIONAL | P4: 1 | Q4: 0,11999999999999977 | R4: 0,2584269662921348 | S4: 1 | T4: - | U4: HORAS | V4: 0 | W4: 0 | X4: 0 | Y4: 0 | Z4: OK | AA4: 0 | AB4: 0 | AC4: 0 | AD4: OK | AE4: 0 | AF4: 0 | AG4: 0 | AH4: OK | AI4: 5,2800000000000011 | AJ4: 4,4494382022471912 | AK4: 9 | AL4: EXCELENTE
A5: 2026 | B5: 46023 | C5: 46023 | D5: SKIDDER1 | E5: TURNO 1 | F5: - | G5: SKIDDER 1 | H5: ARRASTE | I5: DISPONIBILIDADE MECÂNICA | J5: 1 | K5: - | L5: - | N5: RUIM | O5: DISPONIBILIDADE OPERACIONAL | P5: 1 | Q5: - | R5: - | T5: RUIM | U5: HORAS | V5: 0 | W5: 0 | X5: 0 | Y5: 0 | Z5: OK | AA5: 0 | AB5: 0 | AC5: 0 | AD5: OK | AE5: 0 | AF5: 0 | AG5: 0 | AH5: OK | AI5: - | AJ5: - | AK5: - | AL5: EXCELENTE
A6: 2026 | B6: 46023 | C6: 46023 | D6: SKIDDER1 | E6: TURNO 2 | F6: - | G6: SKIDDER 1 | H6: ARRASTE | I6: DISPONIBILIDADE MECÂNICA | J6: 1 | K6: - | L6: - | N6: RUIM | O6: DISPONIBILIDADE OPERACIONAL | P6: 1 | Q6: - | R6: - | T6: RUIM | U6: HORAS | V6: 0 | W6: 0 | X6: 0 | Y6: 0 | Z6: OK | AA6: 0 | AB6: 0 | AC6: 0 | AD6: OK | AE6: 0 | AF6: 0 | AG6: 0 | AH6: OK | AI6: - | AJ6: - | AK6: - | AL6: EXCELENTE
A7: 2026 | B7: 46023 | C7: 46023 | D7: SKIDDER2 | E7: TURNO 1 | F7: - | G7: SKIDDER 2 | H7: ARRASTE | I7: DISPONIBILIDADE MECÂNICA | J7: 1 | K7: 0,5 | L7: 0,5 | M7: 0 | N7: - | O7: DISPONIBILIDADE OPERACIONAL | P7: 1 | Q7: 0,5 | R7: 0,5 | S7: 0 | T7: - | U7: HORAS | V7: 0 | W7: 0 | X7: 0 | Y7: 0 | Z7: OK | AA7: 0 | AB7: 0 | AC7: 0 | AD7: OK | AE7: 0 | AF7: 0 | AG7: 0 | AH7: OK | AI7: 12 | AJ7: 12 | AK7: 12 | AL7: EXCELENTE
A8: 2026 | B8: 46023 | C8: 46023 | D8: SKIDDER2 | E8: TURNO 2 | F8: - | G8: SKIDDER 2 | H8: ARRASTE | I8: DISPONIBILIDADE MECÂNICA | J8: 1 | K8: 0,5 | L8: 0,5 | M8: 0 | N8: - | O8: DISPONIBILIDADE OPERACIONAL | P8: 1 | Q8: 0,5 | R8: 0,5 | S8: 0 | T8: - | U8: HORAS | V8: 0 | W8: 0 | X8: 0 | Y8: 0 | Z8: OK | AA8: 0 | AB8: 0 | AC8: 0 | AD8: OK | AE8: 0 | AF8: 0 | AG8: 0 | AH8: OK | AI8: 12 | AJ8: 12 | AK8: 12 | AL8: EXCELENTE
A9: 2026 | B9: 46023 | C9: 46023 | D9: GARRA1 | E9: TURNO 1 | F9: - | G9: GARRA TRAÇADORA 1 | H9: TRAÇAMENTO | I9: DISPONIBILIDADE MECÂNICA | J9: 1 | K9: 0,91724137931034488 | L9: 0,92489568845618919 | M9: 1 | N9: - | O9: DISPONIBILIDADE OPERACIONAL | P9: 1 | Q9: 0,43601532567049806 | R9: 0,48817802503477059 | S9: 1 | T9: - | U9: HORAS | V9: 0 | W9: 0 | X9: 0 | Y9: 0 | Z9: OK | AA9: 0 | AB9: 0 | AC9: 0 | AD9: OK | AE9: 0 | AF9: 0 | AG9: 0 | AH9: OK | AI9: 2,2174055829228245 | AJ9: 2,0123186966024238 | AK9: 3,9999999999999991 | AL9: EXCELENTE
A10: 2026 | B10: 46023 | C10: 46023 | D10: GARRA1 | E10: TURNO 2 | F10: - | G10: GARRA TRAÇADORA 1 | H10: TRAÇAMENTO | I10: DISPONIBILIDADE MECÂNICA | J10: 1 | K10: 0,91724137931034488 | L10: 0,92489568845618919 | M10: 1 | N10: - | O10: DISPONIBILIDADE OPERACIONAL | P10: 1 | Q10: 0,43601532567049806 | R10: 0,48817802503477059 | S10: 1 | T10: - | U10: HORAS | V10: 0 | W10: 0 | X10: 0 | Y10: 0 | Z10: OK | AA10: 0 | AB10: 0 | AC10: 0 | AD10: OK | AE10: 0 | AF10: 0 | AG10: 0 | AH10: OK | AI10: 2,2174055829228245 | AJ10: 2,0123186966024238 | AK10: 3,9999999999999991 | AL10: EXCELENTE
A11: 2026 | B11: 46023 | C11: 46023 | D11: GARRA2 | E11: TURNO 1 | F11: - | G11: GARRA TRAÇADORA 2 | H11: TRAÇAMENTO | I11: DISPONIBILIDADE MECÂNICA | J11: 1 | K11: - | L11: - | N11: RUIM | O11: DISPONIBILIDADE OPERACIONAL | P11: 1 | Q11: - | R11: - | T11: RUIM | U11: HORAS | V11: 0 | W11: 0 | X11: 0 | Y11: 0 | Z11: OK | AA11: 0 | AB11: 0 | AC11: 0 | AD11: OK | AE11: 0 | AF11: 0 | AG11: 0 | AH11: OK | AI11: - | AJ11: - | AK11: - | AL11: EXCELENTE
A12: 2026 | B12: 46023 | C12: 46023 | D12: GARRA2 | E12: TURNO 2 | F12: - | G12: GARRA TRAÇADORA 2 | H12: TRAÇAMENTO | I12: DISPONIBILIDADE MECÂNICA | J12: 1 | K12: - | L12: - | N12: RUIM | O12: DISPONIBILIDADE OPERACIONAL | P12: 1 | Q12: - | R12: - | T12: RUIM | U12: HORAS | V12: 0 | W12: 0 | X12: 0 | Y12: 0 | Z12: OK | AA12: 0 | AB12: 0 | AC12: 0 | AD12: OK | AE12: 0 | AF12: 0 | AG12: 0 | AH12: OK | AI12: - | AJ12: - | AK12: - | AL12: EXCELENTE
A13: 2026 | B13: 46023 | C13: 46024 | D13: FELLER1 | E13: TURNO 1 | F13: - | G13: FELLER BUNCHER 1 | H13: CORTE | I13: DISPONIBILIDADE MECÂNICA | J13: 1 | K13: 0,45882352941176474 | L13: 0,66341463414634161 | M13: 1 | N13: - | O13: DISPONIBILIDADE OPERACIONAL | P13: 1 | Q13: 0,74117647058823533 | R13: 0,83902439024390252 | S13: 1 | T13: - | U13: HORAS | V13: 0 | W13: 0 | X13: 0 | Y13: 0 | Z13: OK | AA13: 0 | AB13: 0 | AC13: 0 | AD13: OK | AE13: 0 | AF13: 0 | AG13: 0 | AH13: OK | AI13: 4,8 | AJ13: 2,9853658536585361 | AK13: 12 | AL13: EXCELENTE
A14: 2026 | B14: 46023 | C14: 46024 | D14: FELLER1 | E14: TURNO 2 | F14: - | G14: FELLER BUNCHER 1 | H14: CORTE | I14: DISPONIBILIDADE MECÂNICA | J14: 1 | K14: 0,45882352941176474 | L14: 0,66341463414634161 | M14: 1 | N14: - | O14: DISPONIBILIDADE OPERACIONAL | P14: 1 | Q14: 0,74117647058823533 | R14: 0,83902439024390252 | S14: 1 | T14: - | U14: HORAS | V14: 0 | W14: 0 | X14: 0 | Y14: 0 | Z14: OK | AA14: 0 | AB14: 0 | AC14: 0 | AD14: OK | AE14: 0 | AF14: 0 | AG14: 0 | AH14: OK | AI14: 4,8 | AJ14: 2,9853658536585361 | AK14: 12 | AL14: EXCELENTE
A15: 2026 | B15: 46023 | C15: 46024 | D15: FELLER2 | E15: TURNO 1 | F15: - | G15: FELLER BUNCHER 2 | H15: CORTE | I15: DISPONIBILIDADE MECÂNICA | J15: 1 | K15: 1 | L15: 1 | N15: BOA | O15: DISPONIBILIDADE OPERACIONAL | P15: 1 | Q15: 0,11999999999999977 | R15: 0,2584269662921348 | S15: 1 | T15: - | U15: HORAS | V15: 0 | W15: 0 | X15: 0 | Y15: 0 | Z15: OK | AA15: 0 | AB15: 0 | AC15: 0 | AD15: OK | AE15: 0 | AF15: 0 | AG15: 0 | AH15: OK | AI15: 5,2800000000000011 | AJ15: 4,4494382022471912 | AK15: 9 | AL15: EXCELENTE
A16: 2026 | B16: 46023 | C16: 46024 | D16: FELLER2 | E16: TURNO 2 | F16: - | G16: FELLER BUNCHER 2 | H16: CORTE | I16: DISPONIBILIDADE MECÂNICA | J16: 1 | K16: 1 | L16: 1 | N16: BOA | O16: DISPONIBILIDADE OPERACIONAL | P16: 1 | Q16: 0,11999999999999977 | R16: 0,2584269662921348 | S16: 1 | T16: - | U16: HORAS | V16: 0 | W16: 0 | X16: 0 | Y16: 0 | Z16: OK | AA16: 0 | AB16: 0 | AC16: 0 | AD16: OK | AE16: 0 | AF16: 0 | AG16: 0 | AH16: OK | AI16: 5,2800000000000011 | AJ16: 4,4494382022471912 | AK16: 9 | AL16: EXCELENTE
A17: 2026 | B17: 46023 | C17: 46024 | D17: SKIDDER1 | E17: TURNO 1 | F17: - | G17: SKIDDER 1 | H17: ARRASTE | I17: DISPONIBILIDADE MECÂNICA | J17: 1 | K17: - | L17: - | N17: RUIM | O17: DISPONIBILIDADE OPERACIONAL | P17: 1 | Q17: - | R17: - | T17: RUIM | U17: HORAS | V17: 0 | W17: 0 | X17: 0 | Y17: 0 | Z17: OK | AA17: 0 | AB17: 0 | AC17: 0 | AD17: OK | AE17: 0 | AF17: 0 | AG17: 0 | AH17: OK | AI17: - | AJ17: - | AK17: - | AL17: EXCELENTE
A18: 2026 | B18: 46023 | C18: 46024 | D18: SKIDDER1 | E18: TURNO 2 | F18: - | G18: SKIDDER 1 | H18: ARRASTE | I18: DISPONIBILIDADE MECÂNICA | J18: 1 | K18: - | L18: - | N18: RUIM | O18: DISPONIBILIDADE OPERACIONAL | P18: 1 | Q18: - | R18: - | T18: RUIM | U18: HORAS | V18: 0 | W18: 0 | X18: 0 | Y18: 0 | Z18: OK | AA18: 0 | AB18: 0 | AC18: 0 | AD18: OK | AE18: 0 | AF18: 0 | AG18: 0 | AH18: OK | AI18: - | AJ18: - | AK18: - | AL18: EXCELENTE
A19: 2026 | B19: 46023 | C19: 46024 | D19: SKIDDER2 | E19: TURNO 1 | F19: OPERADOR 3 | G19: SKIDDER 2 | H19: ARRASTE | I19: DISPONIBILIDADE MECÂNICA | J19: 0 | K19: 0,5 | L19: 0,5 | M19: 0 | N19: - | O19: DISPONIBILIDADE OPERACIONAL | P19: 1 | Q19: 0,5 | R19: 0,5 | S19: 0 | T19: - | U19: HORAS | V19: 12 | W19: 0 | X19: 6 | Y19: 12 | Z19: OK | AA19: 12 | AB19: 0 | AC19: 0 | AD19: OK | AE19: 12 | AF19: 0 | AG19: 0 | AH19: OK | AI19: 12 | AJ19: 12 | AK19: 12 | AL19: EXCELENTE
A20: 2026 | B20: 46023 | C20: 46024 | D20: SKIDDER2 | E20: TURNO 2 | F20: OPERADOR 4 | G20: SKIDDER 2 | H20: ARRASTE | I20: DISPONIBILIDADE MECÂNICA | J20: 1 | K20: 0,5 | L20: 0,5 | M20: 0 | N20: - | O20: DISPONIBILIDADE OPERACIONAL | P20: 0 | Q20: 0,5 | R20: 0,5 | S20: 0 | T20: - | U20: HORAS | V20: 0 | W20: 12 | X20: 6 | Y20: 12 | Z20: OK | AA20: 12 | AB20: 0 | AC20: 0 | AD20: OK | AE20: 12 | AF20: 0 | AG20: 0 | AH20: OK | AI20: 12 | AJ20: 12 | AK20: 12 | AL20: EXCELENTE
A21: 2026 | B21: 46023 | C21: 46024 | D21: GARRA1 | E21: TURNO 1 | F21: - | G21: GARRA TRAÇADORA 1 | H21: TRAÇAMENTO | I21: DISPONIBILIDADE MECÂNICA | J21: 1 | K21: 0,91724137931034488 | L21: 0,92489568845618919 | M21: 1 | N21: - | O21: DISPONIBILIDADE OPERACIONAL | P21: 1 | Q21: 0,43601532567049806 | R21: 0,48817802503477059 | S21: 1 | T21: - | U21: HORAS | V21: 0 | W21: 0 | X21: 0 | Y21: 0 | Z21: OK | AA21: 0 | AB21: 0 | AC21: 0 | AD21: OK | AE21: 0 | AF21: 0 | AG21: 0 | AH21: OK | AI21: 2,2174055829228245 | AJ21: 2,0123186966024238 | AK21: 3,9999999999999991 | AL21: EXCELENTE
A22: 2026 | B22: 46023 | C22: 46024 | D22: GARRA1 | E22: TURNO 2 | F22: - | G22: GARRA TRAÇADORA 1 | H22: TRAÇAMENTO | I22: DISPONIBILIDADE MECÂNICA | J22: 1 | K22: 0,91724137931034488 | L22: 0,92489568845618919 | M22: 1 | N22: - | O22: DISPONIBILIDADE OPERACIONAL | P22: 1 | Q22: 0,43601532567049806 | R22: 0,48817802503477059 | S22: 1 | T22: - | U22: HORAS | V22: 0 | W22: 0 | X22: 0 | Y22: 0 | Z22: OK | AA22: 0 | AB22: 0 | AC22: 0 | AD22: OK | AE22: 0 | AF22: 0 | AG22: 0 | AH22: OK | AI22: 2,2174055829228245 | AJ22: 2,0123186966024238 | AK22: 3,9999999999999991 | AL22: EXCELENTE
A23: 2026 | B23: 46023 | C23: 46024 | D23: GARRA2 | E23: TURNO 1 | F23: - | G23: GARRA TRAÇADORA 2 | H23: TRAÇAMENTO | I23: DISPONIBILIDADE MECÂNICA | J23: 1 | K23: - | L23: - | N23: RUIM | O23: DISPONIBILIDADE OPERACIONAL | P23: 1 | Q23: - | R23: - | T23: RUIM | U23: HORAS | V23: 0 | W23: 0 | X23: 0 | Y23: 0 | Z23: OK | AA23: 0 | AB23: 0 | AC23: 0 | AD23: OK | AE23: 0 | AF23: 0 | AG23: 0 | AH23: OK | AI23: - | AJ23: - | AK23: - | AL23: EXCELENTE
A24: 2026 | B24: 46023 | C24: 46024 | D24: GARRA2 | E24: TURNO 2 | F24: - | G24: GARRA TRAÇADORA 2 | H24: TRAÇAMENTO | I24: DISPONIBILIDADE MECÂNICA | J24: 1 | K24: - | L24: - | N24: RUIM | O24: DISPONIBILIDADE OPERACIONAL | P24: 1 | Q24: - | R24: - | T24: RUIM | U24: HORAS | V24: 0 | W24: 0 | X24: 0 | Y24: 0 | Z24: OK | AA24: 0 | AB24: 0 | AC24: 0 | AD24: OK | AE24: 0 | AF24: 0 | AG24: 0 | AH24: OK | AI24: - | AJ24: - | AK24: - | AL24: EXCELENTE
A25: 2026 | B25: 46023 | C25: 46025 | D25: FELLER1 | E25: TURNO 2 | F25: OPERADOR 2 | G25: FELLER BUNCHER 1 | H25: CORTE | I25: DISPONIBILIDADE MECÂNICA | J25: 0 | K25: 0,45882352941176474 | L25: 0,66341463414634161 | M25: 1 | N25: MEDIA | O25: DISPONIBILIDADE OPERACIONAL | P25: 1 | Q25: 0,74117647058823533 | R25: 0,83902439024390252 | S25: 1 | T25: - | U25: HORAS | V25: 12 | W25: 0 | X25: 6 | Y25: 12 | Z25: OK | AA25: 12 | AB25: 0 | AC25: 0 | AD25: OK | AE25: 12 | AF25: 0 | AG25: 0 | AH25: OK | AI25: 4,8 | AJ25: 2,9853658536585361 | AK25: 12 | AL25: ATENÇÃO
A26: 2026 | B26: 46023 | C26: 46025 | D26: FELLER2 | E26: TURNO 1 | F26: - | G26: FELLER BUNCHER 2 | H26: CORTE | I26: DISPONIBILIDADE MECÂNICA | J26: 1 | K26: 1 | L26: 1 | N26: BOA | O26: DISPONIBILIDADE OPERACIONAL | P26: 1 | Q26: 0,11999999999999977 | R26: 0,2584269662921348 | S26: 1 | T26: - | U26: HORAS | V26: 0 | W26: 0 | X26: 0 | Y26: 0 | Z26: OK | AA26: 0 | AB26: 0 | AC26: 0 | AD26: OK | AE26: 0 | AF26: 0 | AG26: 0 | AH26: OK | AI26: 5,2800000000000011 | AJ26: 4,4494382022471912 | AK26: 9 | AL26: EXCELENTE
A27: 2026 | B27: 46023 | C27: 46025 | D27: FELLER2 | E27: TURNO 2 | F27: - | G27: FELLER BUNCHER 2 | H27: CORTE | I27: DISPONIBILIDADE MECÂNICA | J27: 1 | K27: 1 | L27: 1 | N27: BOA | O27: DISPONIBILIDADE OPERACIONAL | P27: 1 | Q27: 0,11999999999999977 | R27: 0,2584269662921348 | S27: 1 | T27: - | U27: HORAS | V27: 0 | W27: 0 | X27: 0 | Y27: 0 | Z27: OK | AA27: 0 | AB27: 0 | AC27: 0 | AD27: OK | AE27: 0 | AF27: 0 | AG27: 0 | AH27: OK | AI27: 5,2800000000000011 | AJ27: 4,4494382022471912 | AK27: 9 | AL27: EXCELENTE
A28: 2026 | B28: 46023 | C28: 46025 | D28: SKIDDER1 | E28: TURNO 1 | F28: - | G28: SKIDDER 1 | H28: ARRASTE | I28: DISPONIBILIDADE MECÂNICA | J28: 1 | K28: - | L28: - | N28: RUIM | O28: DISPONIBILIDADE OPERACIONAL | P28: 1 | Q28: - | R28: - | T28: RUIM | U28: HORAS | V28: 0 | W28: 0 | X28: 0 | Y28: 0 | Z28: OK | AA28: 0 | AB28: 0 | AC28: 0 | AD28: OK | AE28: 0 | AF28: 0 | AG28: 0 | AH28: OK | AI28: - | AJ28: - | AK28: - | AL28: EXCELENTE
A29: 2026 | B29: 46023 | C29: 46025 | D29: SKIDDER1 | E29: TURNO 2 | F29: - | G29: SKIDDER 1 | H29: ARRASTE | I29: DISPONIBILIDADE MECÂNICA | J29: 1 | K29: - | L29: - | N29: RUIM | O29: DISPONIBILIDADE OPERACIONAL | P29: 1 | Q29: - | R29: - | T29: RUIM | U29: HORAS | V29: 0 | W29: 0 | X29: 0 | Y29: 0 | Z29: OK | AA29: 0 | AB29: 0 | AC29: 0 | AD29: OK | AE29: 0 | AF29: 0 | AG29: 0 | AH29: OK | AI29: - | AJ29: - | AK29: - | AL29: EXCELENTE
A30: 2026 | B30: 46023 | C30: 46025 | D30: SKIDDER2 | E30: TURNO 1 | F30: - | G30: SKIDDER 2 | H30: ARRASTE | I30: DISPONIBILIDADE MECÂNICA | J30: 1 | K30: 0,5 | L30: 0,5 | M30: 0 | N30: - | O30: DISPONIBILIDADE OPERACIONAL | P30: 1 | Q30: 0,5 | R30: 0,5 | S30: 0 | T30: - | U30: HORAS | V30: 0 | W30: 0 | X30: 0 | Y30: 0 | Z30: OK | AA30: 0 | AB30: 0 | AC30: 0 | AD30: OK | AE30: 0 | AF30: 0 | AG30: 0 | AH30: OK | AI30: 12 | AJ30: 12 | AK30: 12 | AL30: EXCELENTE
A31: 2026 | B31: 46023 | C31: 46025 | D31: SKIDDER2 | E31: TURNO 2 | F31: - | G31: SKIDDER 2 | H31: ARRASTE | I31: DISPONIBILIDADE MECÂNICA | J31: 1 | K31: 0,5 | L31: 0,5 | M31: 0 | N31: - | O31: DISPONIBILIDADE OPERACIONAL | P31: 1 | Q31: 0,5 | R31: 0,5 | S31: 0 | T31: - | U31: HORAS | V31: 0 | W31: 0 | X31: 0 | Y31: 0 | Z31: OK | AA31: 0 | AB31: 0 | AC31: 0 | AD31: OK | AE31: 0 | AF31: 0 | AG31: 0 | AH31: OK | AI31: 12 | AJ31: 12 | AK31: 12 | AL31: EXCELENTE
A32: 2026 | B32: 46023 | C32: 46025 | D32: GARRA1 | E32: TURNO 1 | F32: - | G32: GARRA TRAÇADORA 1 | H32: TRAÇAMENTO | I32: DISPONIBILIDADE MECÂNICA | J32: 1 | K32: 0,91724137931034488 | L32: 0,92489568845618919 | M32: 1 | N32: - | O32: DISPONIBILIDADE OPERACIONAL | P32: 1 | Q32: 0,43601532567049806 | R32: 0,48817802503477059 | S32: 1 | T32: - | U32: HORAS | V32: 0 | W32: 0 | X32: 0 | Y32: 0 | Z32: OK | AA32: 0 | AB32: 0 | AC32: 0 | AD32: OK | AE32: 0 | AF32: 0 | AG32: 0 | AH32: OK | AI32: 2,2174055829228245 | AJ32: 2,0123186966024238 | AK32: 3,9999999999999991 | AL32: EXCELENTE
A33: 2026 | B33: 46023 | C33: 46025 | D33: GARRA1 | E33: TURNO 2 | F33: - | G33: GARRA TRAÇADORA 1 | H33: TRAÇAMENTO | I33: DISPONIBILIDADE MECÂNICA | J33: 1 | K33: 0,91724137931034488 | L33: 0,92489568845618919 | M33: 1 | N33: - | O33: DISPONIBILIDADE OPERACIONAL | P33: 1 | Q33: 0,43601532567049806 | R33: 0,48817802503477059 | S33: 1 | T33: - | U33: HORAS | V33: 0 | W33: 0 | X33: 0 | Y33: 0 | Z33: OK | AA33: 0 | AB33: 0 | AC33: 0 | AD33: OK | AE33: 0 | AF33: 0 | AG33: 0 | AH33: OK | AI33: 2,2174055829228245 | AJ33: 2,0123186966024238 | AK33: 3,9999999999999991 | AL33: EXCELENTE
A34: 2026 | B34: 46023 | C34: 46025 | D34: GARRA2 | E34: TURNO 1 | F34: - | G34: GARRA TRAÇADORA 2 | H34: TRAÇAMENTO | I34: DISPONIBILIDADE MECÂNICA | J34: 1 | K34: - | L34: - | N34: RUIM | O34: DISPONIBILIDADE OPERACIONAL | P34: 1 | Q34: - | R34: - | T34: RUIM | U34: HORAS | V34: 0 | W34: 0 | X34: 0 | Y34: 0 | Z34: OK | AA34: 0 | AB34: 0 | AC34: 0 | AD34: OK | AE34: 0 | AF34: 0 | AG34: 0 | AH34: OK | AI34: - | AJ34: - | AK34: - | AL34: EXCELENTE
A35: 2026 | B35: 46023 | C35: 46025 | D35: GARRA2 | E35: TURNO 2 | F35: - | G35: GARRA TRAÇADORA 2 | H35: TRAÇAMENTO | I35: DISPONIBILIDADE MECÂNICA | J35: 1 | K35: - | L35: - | N35: RUIM | O35: DISPONIBILIDADE OPERACIONAL | P35: 1 | Q35: - | R35: - | T35: RUIM | U35: HORAS | V35: 0 | W35: 0 | X35: 0 | Y35: 0 | Z35: OK | AA35: 0 | AB35: 0 | AC35: 0 | AD35: OK | AE35: 0 | AF35: 0 | AG35: 0 | AH35: OK | AI35: - | AJ35: - | AK35: - | AL35: EXCELENTE
A36: 2026 | B36: 46023 | C36: 46026 | D36: FELLER1 | E36: TURNO 1 | F36: - | G36: FELLER BUNCHER 1 | H36: CORTE | I36: DISPONIBILIDADE MECÂNICA | J36: 1 | K36: 0,45882352941176474 | L36: 0,66341463414634161 | M36: 1 | N36: - | O36: DISPONIBILIDADE OPERACIONAL | P36: 1 | Q36: 0,74117647058823533 | R36: 0,83902439024390252 | S36: 1 | T36: - | U36: HORAS | V36: 0 | W36: 0 | X36: 0 | Y36: 0 | Z36: OK | AA36: 0 | AB36: 0 | AC36: 0 | AD36: OK | AE36: 0 | AF36: 0 | AG36: 0 | AH36: OK | AI36: 4,8 | AJ36: 2,9853658536585361 | AK36: 12 | AL36: EXCELENTE
A37: 2026 | B37: 46023 | C37: 46026 | D37: FELLER1 | E37: TURNO 2 | F37: - | G37: FELLER BUNCHER 1 | H37: CORTE | I37: DISPONIBILIDADE MECÂNICA | J37: 1 | K37: 0,45882352941176474 | L37: 0,66341463414634161 | M37: 1 | N37: - | O37: DISPONIBILIDADE OPERACIONAL | P37: 1 | Q37: 0,74117647058823533 | R37: 0,83902439024390252 | S37: 1 | T37: - | U37: HORAS | V37: 0 | W37: 0 | X37: 0 | Y37: 0 | Z37: OK | AA37: 0 | AB37: 0 | AC37: 0 | AD37: OK | AE37: 0 | AF37: 0 | AG37: 0 | AH37: OK | AI37: 4,8 | AJ37: 2,9853658536585361 | AK37: 12 | AL37: EXCELENTE
A38: 2026 | B38: 46023 | C38: 46026 | D38: FELLER2 | E38: TURNO 1 | F38: - | G38: FELLER BUNCHER 2 | H38: CORTE | I38: DISPONIBILIDADE MECÂNICA | J38: 1 | K38: 1 | L38: 1 | N38: BOA | O38: DISPONIBILIDADE OPERACIONAL | P38: 1 | Q38: 0,11999999999999977 | R38: 0,2584269662921348 | S38: 1 | T38: - | U38: HORAS | V38: 0 | W38: 0 | X38: 0 | Y38: 0 | Z38: OK | AA38: 0 | AB38: 0 | AC38: 0 | AD38: OK | AE38: 0 | AF38: 0 | AG38: 0 | AH38: OK | AI38: 5,2800000000000011 | AJ38: 4,4494382022471912 | AK38: 9 | AL38: EXCELENTE
A39: 2026 | B39: 46023 | C39: 46026 | D39: FELLER2 | E39: TURNO 2 | F39: - | G39: FELLER BUNCHER 2 | H39: CORTE | I39: DISPONIBILIDADE MECÂNICA | J39: 1 | K39: 1 | L39: 1 | N39: BOA | O39: DISPONIBILIDADE OPERACIONAL | P39: 1 | Q39: 0,11999999999999977 | R39: 0,2584269662921348 | S39: 1 | T39: - | U39: HORAS | V39: 0 | W39: 0 | X39: 0 | Y39: 0 | Z39: OK | AA39: 0 | AB39: 0 | AC39: 0 | AD39: OK | AE39: 0 | AF39: 0 | AG39: 0 | AH39: OK | AI39: 5,2800000000000011 | AJ39: 4,4494382022471912 | AK39: 9 | AL39: EXCELENTE
A40: 2026 | B40: 46023 | C40: 46026 | D40: SKIDDER1 | E40: TURNO 1 | F40: - | G40: SKIDDER 1 | H40: ARRASTE | I40: DISPONIBILIDADE MECÂNICA | J40: 1 | K40: - | L40: - | N40: RUIM | O40: DISPONIBILIDADE OPERACIONAL | P40: 1 | Q40: - | R40: - | T40: RUIM | U40: HORAS | V40: 0 | W40: 0 | X40: 0 | Y40: 0 | Z40: OK | AA40: 0 | AB40: 0 | AC40: 0 | AD40: OK | AE40: 0 | AF40: 0 | AG40: 0 | AH40: OK | AI40: - | AJ40: - | AK40: - | AL40: EXCELENTE
A41: 2026 | B41: 46023 | C41: 46026 | D41: SKIDDER1 | E41: TURNO 2 | F41: - | G41: SKIDDER 1 | H41: ARRASTE | I41: DISPONIBILIDADE MECÂNICA | J41: 1 | K41: - | L41: - | N41: RUIM | O41: DISPONIBILIDADE OPERACIONAL | P41: 1 | Q41: - | R41: - | T41: RUIM | U41: HORAS | V41: 0 | W41: 0 | X41: 0 | Y41: 0 | Z41: OK | AA41: 0 | AB41: 0 | AC41: 0 | AD41: OK | AE41: 0 | AF41: 0 | AG41: 0 | AH41: OK | AI41: - | AJ41: - | AK41: - | AL41: EXCELENTE
A42: 2026 | B42: 46023 | C42: 46026 | D42: SKIDDER2 | E42: TURNO 1 | F42: OPERADOR 3 | G42: SKIDDER 2 | H42: ARRASTE | I42: DISPONIBILIDADE MECÂNICA | J42: 1 | K42: 0,5 | L42: 0,5 | M42: 0 | N42: - | O42: DISPONIBILIDADE OPERACIONAL | P42: 0 | Q42: 0,5 | R42: 0,5 | S42: 0 | T42: - | U42: HORAS | V42: 0 | W42: 12 | X42: 6 | Y42: 12 | Z42: OK | AA42: 12 | AB42: 0 | AC42: 0 | AD42: OK | AE42: 12 | AF42: 0 | AG42: 0 | AH42: OK | AI42: 12 | AJ42: 12 | AK42: 12 | AL42: EXCELENTE
A43: 2026 | B43: 46023 | C43: 46026 | D43: SKIDDER2 | E43: TURNO 2 | F43: OPERADOR 4 | G43: SKIDDER 2 | H43: ARRASTE | I43: DISPONIBILIDADE MECÂNICA | J43: 0 | K43: 0,5 | L43: 0,5 | M43: 0 | N43: - | O43: DISPONIBILIDADE OPERACIONAL | P43: 1 | Q43: 0,5 | R43: 0,5 | S43: 0 | T43: - | U43: HORAS | V43: 12 | W43: 0 | X43: 6 | Y43: 12 | Z43: OK | AA43: 12 | AB43: 0 | AC43: 0 | AD43: OK | AE43: 12 | AF43: 0 | AG43: 0 | AH43: OK | AI43: 12 | AJ43: 12 | AK43: 12 | AL43: EXCELENTE
A44: 2026 | B44: 46023 | C44: 46026 | D44: GARRA1 | E44: TURNO 1 | F44: - | G44: GARRA TRAÇADORA 1 | H44: TRAÇAMENTO | I44: DISPONIBILIDADE MECÂNICA | J44: 1 | K44: 0,91724137931034488 | L44: 0,92489568845618919 | M44: 1 | N44: - | O44: DISPONIBILIDADE OPERACIONAL | P44: 1 | Q44: 0,43601532567049806 | R44: 0,48817802503477059 | S44: 1 | T44: - | U44: HORAS | V44: 0 | W44: 0 | X44: 0 | Y44: 0 | Z44: OK | AA44: 0 | AB44: 0 | AC44: 0 | AD44: OK | AE44: 0 | AF44: 0 | AG44: 0 | AH44: OK | AI44: 2,2174055829228245 | AJ44: 2,0123186966024238 | AK44: 3,9999999999999991 | AL44: EXCELENTE
A45: 2026 | B45: 46023 | C45: 46026 | D45: GARRA1 | E45: TURNO 2 | F45: - | G45: GARRA TRAÇADORA 1 | H45: TRAÇAMENTO | I45: DISPONIBILIDADE MECÂNICA | J45: 1 | K45: 0,91724137931034488 | L45: 0,92489568845618919 | M45: 1 | N45: - | O45: DISPONIBILIDADE OPERACIONAL | P45: 1 | Q45: 0,43601532567049806 | R45: 0,48817802503477059 | S45: 1 | T45: - | U45: HORAS | V45: 0 | W45: 0 | X45: 0 | Y45: 0 | Z45: OK | AA45: 0 | AB45: 0 | AC45: 0 | AD45: OK | AE45: 0 | AF45: 0 | AG45: 0 | AH45: OK | AI45: 2,2174055829228245 | AJ45: 2,0123186966024238 | AK45: 3,9999999999999991 | AL45: EXCELENTE
A46: 2026 | B46: 46023 | C46: 46026 | D46: GARRA2 | E46: TURNO 1 | F46: - | G46: GARRA TRAÇADORA 2 | H46: TRAÇAMENTO | I46: DISPONIBILIDADE MECÂNICA | J46: 1 | K46: - | L46: - | N46: RUIM | O46: DISPONIBILIDADE OPERACIONAL | P46: 1 | Q46: - | R46: - | T46: RUIM | U46: HORAS | V46: 0 | W46: 0 | X46: 0 | Y46: 0 | Z46: OK | AA46: 0 | AB46: 0 | AC46: 0 | AD46: OK | AE46: 0 | AF46: 0 | AG46: 0 | AH46: OK | AI46: - | AJ46: - | AK46: - | AL46: EXCELENTE
A47: 2026 | B47: 46023 | C47: 46026 | D47: GARRA2 | E47: TURNO 2 | F47: - | G47: GARRA TRAÇADORA 2 | H47: TRAÇAMENTO | I47: DISPONIBILIDADE MECÂNICA | J47: 1 | K47: - | L47: - | N47: RUIM | O47: DISPONIBILIDADE OPERACIONAL | P47: 1 | Q47: - | R47: - | T47: RUIM | U47: HORAS | V47: 0 | W47: 0 | X47: 0 | Y47: 0 | Z47: OK | AA47: 0 | AB47: 0 | AC47: 0 | AD47: OK | AE47: 0 | AF47: 0 | AG47: 0 | AH47: OK | AI47: - | AJ47: - | AK47: - | AL47: EXCELENTE
A48: 2026 | B48: 46023 | C48: 46027 | D48: FELLER1 | E48: TURNO 1 | F48: - | G48: FELLER BUNCHER 1 | H48: CORTE | I48: DISPONIBILIDADE MECÂNICA | J48: 1 | K48: 0,45882352941176474 | L48: 0,66341463414634161 | M48: 1 | N48: - | O48: DISPONIBILIDADE OPERACIONAL | P48: 1 | Q48: 0,74117647058823533 | R48: 0,83902439024390252 | S48: 1 | T48: - | U48: HORAS | V48: 0 | W48: 0 | X48: 0 | Y48: 0 | Z48: OK | AA48: 0 | AB48: 0 | AC48: 0 | AD48: OK | AE48: 0 | AF48: 0 | AG48: 0 | AH48: OK | AI48: 4,8 | AJ48: 2,9853658536585361 | AK48: 12 | AL48: EXCELENTE
A49: 2026 | B49: 46023 | C49: 46027 | D49: FELLER1 | E49: TURNO 2 | F49: - | G49: FELLER BUNCHER 1 | H49: CORTE | I49: DISPONIBILIDADE MECÂNICA | J49: 1 | K49: 0,45882352941176474 | L49: 0,66341463414634161 | M49: 1 | N49: - | O49: DISPONIBILIDADE OPERACIONAL | P49: 1 | Q49: 0,74117647058823533 | R49: 0,83902439024390252 | S49: 1 | T49: - | U49: HORAS | V49: 0 | W49: 0 | X49: 0 | Y49: 0 | Z49: OK | AA49: 0 | AB49: 0 | AC49: 0 | AD49: OK | AE49: 0 | AF49: 0 | AG49: 0 | AH49: OK | AI49: 4,8 | AJ49: 2,9853658536585361 | AK49: 12 | AL49: EXCELENTE
A50: 2026 | B50: 46023 | C50: 46027 | D50: FELLER2 | E50: TURNO 1 | F50: - | G50: FELLER BUNCHER 2 | H50: CORTE | I50: DISPONIBILIDADE MECÂNICA | J50: 1 | K50: 1 | L50: 1 | N50: BOA | O50: DISPONIBILIDADE OPERACIONAL | P50: 1 | Q50: 0,11999999999999977 | R50: 0,2584269662921348 | S50: 1 | T50: - | U50: HORAS | V50: 0 | W50: 0 | X50: 0 | Y50: 0 | Z50: OK | AA50: 0 | AB50: 0 | AC50: 0 | AD50: OK | AE50: 0 | AF50: 0 | AG50: 0 | AH50: OK | AI50: 5,2800000000000011 | AJ50: 4,4494382022471912 | AK50: 9 | AL50: EXCELENTE
A51: 2026 | B51: 46023 | C51: 46027 | D51: FELLER2 | E51: TURNO 2 | F51: - | G51: FELLER BUNCHER 2 | H51: CORTE | I51: DISPONIBILIDADE MECÂNICA | J51: 1 | K51: 1 | L51: 1 | N51: BOA | O51: DISPONIBILIDADE OPERACIONAL | P51: 1 | Q51: 0,11999999999999977 | R51: 0,2584269662921348 | S51: 1 | T51: - | U51: HORAS | V51: 0 | W51: 0 | X51: 0 | Y51: 0 | Z51: OK | AA51: 0 | AB51: 0 | AC51: 0 | AD51: OK | AE51: 0 | AF51: 0 | AG51: 0 | AH51: OK | AI51: 5,2800000000000011 | AJ51: 4,4494382022471912 | AK51: 9 | AL51: EXCELENTE
A52: 2026 | B52: 46023 | C52: 46027 | D52: SKIDDER1 | E52: TURNO 1 | F52: - | G52: SKIDDER 1 | H52: ARRASTE | I52: DISPONIBILIDADE MECÂNICA | J52: 1 | K52: - | L52: - | N52: RUIM | O52: DISPONIBILIDADE OPERACIONAL | P52: 1 | Q52: - | R52: - | T52: RUIM | U52: HORAS | V52: 0 | W52: 0 | X52: 0 | Y52: 0 | Z52: OK | AA52: 0 | AB52: 0 | AC52: 0 | AD52: OK | AE52: 0 | AF52: 0 | AG52: 0 | AH52: OK | AI52: - | AJ52: - | AK52: - | AL52: EXCELENTE
A53: 2026 | B53: 46023 | C53: 46027 | D53: SKIDDER1 | E53: TURNO 2 | F53: - | G53: SKIDDER 1 | H53: ARRASTE | I53: DISPONIBILIDADE MECÂNICA | J53: 1 | K53: - | L53: - | N53: RUIM | O53: DISPONIBILIDADE OPERACIONAL | P53: 1 | Q53: - | R53: - | T53: RUIM | U53: HORAS | V53: 0 | W53: 0 | X53: 0 | Y53: 0 | Z53: OK | AA53: 0 | AB53: 0 | AC53: 0 | AD53: OK | AE53: 0 | AF53: 0 | AG53: 0 | AH53: OK | AI53: - | AJ53: - | AK53: - | AL53: EXCELENTE
A54: 2026 | B54: 46023 | C54: 46027 | D54: SKIDDER2 | E54: TURNO 1 | F54: - | G54: SKIDDER 2 | H54: ARRASTE | I54: DISPONIBILIDADE MECÂNICA | J54: 1 | K54: 0,5 | L54: 0,5 | M54: 0 | N54: - | O54: DISPONIBILIDADE OPERACIONAL | P54: 1 | Q54: 0,5 | R54: 0,5 | S54: 0 | T54: - | U54: HORAS | V54: 0 | W54: 0 | X54: 0 | Y54: 0 | Z54: OK | AA54: 0 | AB54: 0 | AC54: 0 | AD54: OK | AE54: 0 | AF54: 0 | AG54: 0 | AH54: OK | AI54: 12 | AJ54: 12 | AK54: 12 | AL54: EXCELENTE
A55: 2026 | B55: 46023 | C55: 46027 | D55: SKIDDER2 | E55: TURNO 2 | F55: - | G55: SKIDDER 2 | H55: ARRASTE | I55: DISPONIBILIDADE MECÂNICA | J55: 1 | K55: 0,5 | L55: 0,5 | M55: 0 | N55: - | O55: DISPONIBILIDADE OPERACIONAL | P55: 1 | Q55: 0,5 | R55: 0,5 | S55: 0 | T55: - | U55: HORAS | V55: 0 | W55: 0 | X55: 0 | Y55: 0 | Z55: OK | AA55: 0 | AB55: 0 | AC55: 0 | AD55: OK | AE55: 0 | AF55: 0 | AG55: 0 | AH55: OK | AI55: 12 | AJ55: 12 | AK55: 12 | AL55: EXCELENTE
A56: 2026 | B56: 46023 | C56: 46027 | D56: GARRA2 | E56: TURNO 1 | F56: - | G56: GARRA TRAÇADORA 2 | H56: TRAÇAMENTO | I56: DISPONIBILIDADE MECÂNICA | J56: 1 | K56: - | L56: - | N56: RUIM | O56: DISPONIBILIDADE OPERACIONAL | P56: 1 | Q56: - | R56: - | T56: RUIM | U56: HORAS | V56: 0 | W56: 0 | X56: 0 | Y56: 0 | Z56: OK | AA56: 0 | AB56: 0 | AC56: 0 | AD56: OK | AE56: 0 | AF56: 0 | AG56: 0 | AH56: OK | AI56: - | AJ56: - | AK56: - | AL56: EXCELENTE
A57: 2026 | B57: 46023 | C57: 46027 | D57: GARRA2 | E57: TURNO 2 | F57: - | G57: GARRA TRAÇADORA 2 | H57: TRAÇAMENTO | I57: DISPONIBILIDADE MECÂNICA | J57: 1 | K57: - | L57: - | N57: RUIM | O57: DISPONIBILIDADE OPERACIONAL | P57: 1 | Q57: - | R57: - | T57: RUIM | U57: HORAS | V57: 0 | W57: 0 | X57: 0 | Y57: 0 | Z57: OK | AA57: 0 | AB57: 0 | AC57: 0 | AD57: OK | AE57: 0 | AF57: 0 | AG57: 0 | AH57: OK | AI57: - | AJ57: - | AK57: - | AL57: EXCELENTE
A58: 2026 | B58: 46023 | C58: 46028 | D58: FELLER1 | E58: TURNO 1 | F58: - | G58: FELLER BUNCHER 1 | H58: CORTE | I58: DISPONIBILIDADE MECÂNICA | J58: 1 | K58: 0,45882352941176474 | L58: 0,66341463414634161 | M58: 1 | N58: - | O58: DISPONIBILIDADE OPERACIONAL | P58: 1 | Q58: 0,74117647058823533 | R58: 0,83902439024390252 | S58: 1 | T58: - | U58: HORAS | V58: 0 | W58: 0 | X58: 0 | Y58: 0 | Z58: OK | AA58: 0 | AB58: 0 | AC58: 0 | AD58: OK | AE58: 0 | AF58: 0 | AG58: 0 | AH58: OK | AI58: 4,8 | AJ58: 2,9853658536585361 | AK58: 12 | AL58: EXCELENTE
A59: 2026 | B59: 46023 | C59: 46028 | D59: FELLER1 | E59: TURNO 2 | F59: - | G59: FELLER BUNCHER 1 | H59: CORTE | I59: DISPONIBILIDADE MECÂNICA | J59: 1 | K59: 0,45882352941176474 | L59: 0,66341463414634161 | M59: 1 | N59: - | O59: DISPONIBILIDADE OPERACIONAL | P59: 1 | Q59: 0,74117647058823533 | R59: 0,83902439024390252 | S59: 1 | T59: - | U59: HORAS | V59: 0 | W59: 0 | X59: 0 | Y59: 0 | Z59: OK | AA59: 0 | AB59: 0 | AC59: 0 | AD59: OK | AE59: 0 | AF59: 0 | AG59: 0 | AH59: OK | AI59: 4,8 | AJ59: 2,9853658536585361 | AK59: 12 | AL59: EXCELENTE
A60: 2026 | B60: 46023 | C60: 46028 | D60: FELLER2 | E60: TURNO 2 | F60: OPERADOR 8 | G60: FELLER BUNCHER 2 | H60: CORTE | I60: DISPONIBILIDADE MECÂNICA | J60: 1 | K60: 1 | L60: 1 | N60: BOA | O60: DISPONIBILIDADE OPERACIONAL | P60: 0 | Q60: 0,11999999999999977 | R60: 0,2584269662921348 | S60: 1 | T60: BOA | U60: HORAS | V60: 0 | W60: 12 | X60: 6 | Y60: 12 | Z60: OK | AA60: 12 | AB60: 0 | AC60: 0 | AD60: OK | AE60: 12 | AF60: 0 | AG60: 0 | AH60: OK | AI60: 5,2800000000000011 | AJ60: 4,4494382022471912 | AK60: 9 | AL60: ATENÇÃO
A61: 2026 | B61: 46023 | C61: 46028 | D61: SKIDDER1 | E61: TURNO 1 | F61: - | G61: SKIDDER 1 | H61: ARRASTE | I61: DISPONIBILIDADE MECÂNICA | J61: 1 | K61: - | L61: - | N61: RUIM | O61: DISPONIBILIDADE OPERACIONAL | P61: 1 | Q61: - | R61: - | T61: RUIM | U61: HORAS | V61: 0 | W61: 0 | X61: 0 | Y61: 0 | Z61: OK | AA61: 0 | AB61: 0 | AC61: 0 | AD61: OK | AE61: 0 | AF61: 0 | AG61: 0 | AH61: OK | AI61: - | AJ61: - | AK61: - | AL61: EXCELENTE
A62: 2026 | B62: 46023 | C62: 46028 | D62: SKIDDER1 | E62: TURNO 2 | F62: - | G62: SKIDDER 1 | H62: ARRASTE | I62: DISPONIBILIDADE MECÂNICA | J62: 1 | K62: - | L62: - | N62: RUIM | O62: DISPONIBILIDADE OPERACIONAL | P62: 1 | Q62: - | R62: - | T62: RUIM | U62: HORAS | V62: 0 | W62: 0 | X62: 0 | Y62: 0 | Z62: OK | AA62: 0 | AB62: 0 | AC62: 0 | AD62: OK | AE62: 0 | AF62: 0 | AG62: 0 | AH62: OK | AI62: - | AJ62: - | AK62: - | AL62: EXCELENTE
A63: 2026 | B63: 46023 | C63: 46028 | D63: SKIDDER2 | E63: TURNO 1 | F63: - | G63: SKIDDER 2 | H63: ARRASTE | I63: DISPONIBILIDADE MECÂNICA | J63: 1 | K63: 0,5 | L63: 0,5 | M63: 0 | N63: - | O63: DISPONIBILIDADE OPERACIONAL | P63: 1 | Q63: 0,5 | R63: 0,5 | S63: 0 | T63: - | U63: HORAS | V63: 0 | W63: 0 | X63: 0 | Y63: 0 | Z63: OK | AA63: 0 | AB63: 0 | AC63: 0 | AD63: OK | AE63: 0 | AF63: 0 | AG63: 0 | AH63: OK | AI63: 12 | AJ63: 12 | AK63: 12 | AL63: EXCELENTE
A64: 2026 | B64: 46023 | C64: 46028 | D64: SKIDDER2 | E64: TURNO 2 | F64: - | G64: SKIDDER 2 | H64: ARRASTE | I64: DISPONIBILIDADE MECÂNICA | J64: 1 | K64: 0,5 | L64: 0,5 | M64: 0 | N64: - | O64: DISPONIBILIDADE OPERACIONAL | P64: 1 | Q64: 0,5 | R64: 0,5 | S64: 0 | T64: - | U64: HORAS | V64: 0 | W64: 0 | X64: 0 | Y64: 0 | Z64: OK | AA64: 0 | AB64: 0 | AC64: 0 | AD64: OK | AE64: 0 | AF64: 0 | AG64: 0 | AH64: OK | AI64: 12 | AJ64: 12 | AK64: 12 | AL64: EXCELENTE
A65: 2026 | B65: 46023 | C65: 46028 | D65: GARRA1 | E65: TURNO 1 | F65: - | G65: GARRA TRAÇADORA 1 | H65: TRAÇAMENTO | I65: DISPONIBILIDADE MECÂNICA | J65: 1 | K65: 0,91724137931034488 | L65: 0,92489568845618919 | M65: 1 | N65: - | O65: DISPONIBILIDADE OPERACIONAL | P65: 1 | Q65: 0,43601532567049806 | R65: 0,48817802503477059 | S65: 1 | T65: - | U65: HORAS | V65: 0 | W65: 0 | X65: 0 | Y65: 0 | Z65: OK | AA65: 0 | AB65: 0 | AC65: 0 | AD65: OK | AE65: 0 | AF65: 0 | AG65: 0 | AH65: OK | AI65: 2,2174055829228245 | AJ65: 2,0123186966024238 | AK65: 3,9999999999999991 | AL65: EXCELENTE
A66: 2026 | B66: 46023 | C66: 46028 | D66: GARRA1 | E66: TURNO 2 | F66: - | G66: GARRA TRAÇADORA 1 | H66: TRAÇAMENTO | I66: DISPONIBILIDADE MECÂNICA | J66: 1 | K66: 0,91724137931034488 | L66: 0,92489568845618919 | M66: 1 | N66: - | O66: DISPONIBILIDADE OPERACIONAL | P66: 1 | Q66: 0,43601532567049806 | R66: 0,48817802503477059 | S66: 1 | T66: - | U66: HORAS | V66: 0 | W66: 0 | X66: 0 | Y66: 0 | Z66: OK | AA66: 0 | AB66: 0 | AC66: 0 | AD66: OK | AE66: 0 | AF66: 0 | AG66: 0 | AH66: OK | AI66: 2,2174055829228245 | AJ66: 2,0123186966024238 | AK66: 3,9999999999999991 | AL66: EXCELENTE
A67: 2026 | B67: 46023 | C67: 46028 | D67: GARRA2 | E67: TURNO 1 | F67: - | G67: GARRA TRAÇADORA 2 | H67: TRAÇAMENTO | I67: DISPONIBILIDADE MECÂNICA | J67: 1 | K67: - | L67: - | N67: RUIM | O67: DISPONIBILIDADE OPERACIONAL | P67: 1 | Q67: - | R67: - | T67: RUIM | U67: HORAS | V67: 0 | W67: 0 | X67: 0 | Y67: 0 | Z67: OK | AA67: 0 | AB67: 0 | AC67: 0 | AD67: OK | AE67: 0 | AF67: 0 | AG67: 0 | AH67: OK | AI67: - | AJ67: - | AK67: - | AL67: EXCELENTE
A68: 2026 | B68: 46023 | C68: 46028 | D68: GARRA2 | E68: TURNO 2 | F68: - | G68: GARRA TRAÇADORA 2 | H68: TRAÇAMENTO | I68: DISPONIBILIDADE MECÂNICA | J68: 1 | K68: - | L68: - | N68: RUIM | O68: DISPONIBILIDADE OPERACIONAL | P68: 1 | Q68: - | R68: - | T68: RUIM | U68: HORAS | V68: 0 | W68: 0 | X68: 0 | Y68: 0 | Z68: OK | AA68: 0 | AB68: 0 | AC68: 0 | AD68: OK | AE68: 0 | AF68: 0 | AG68: 0 | AH68: OK | AI68: - | AJ68: - | AK68: - | AL68: EXCELENTE
A69: 2026 | B69: 46023 | C69: 46023 | D69: FELLER1 | E69: TURNO 1 | F69: OPERADOR 1 | G69: FELLER BUNCHER 1 | H69: CORTE | I69: DISPONIBILIDADE MECÂNICA | J69: 1 | K69: 0,45882352941176474 | L69: 0,66341463414634161 | M69: 1 | N69: - | O69: DISPONIBILIDADE OPERACIONAL | P69: 1 | Q69: 0,74117647058823533 | R69: 0,83902439024390252 | S69: 1 | T69: MEDIA | U69: HORAS | V69: 4 | W69: 6 | X69: 5 | Y69: 12 | Z69: OK | AA69: 10 | AB69: 0 | AC69: 2 | AD69: OK | AE69: 10 | AF69: 0 | AG69: 2 | AH69: VERIFICAR | AI69: 4,8 | AJ69: 2,9853658536585361 | AK69: 12 | AL69: ATENÇÃO
A70: 2026 | B70: 46023 | C70: 46025 | D70: FELLER1 | E70: TURNO 1 | F70: OPERADOR 1 | G70: FELLER BUNCHER 1 | H70: CORTE | I70: DISPONIBILIDADE MECÂNICA | J70: 1 | K70: 0,45882352941176474 | L70: 0,66341463414634161 | M70: 1 | N70: - | O70: DISPONIBILIDADE OPERACIONAL | P70: 1 | Q70: 0,74117647058823533 | R70: 0,83902439024390252 | S70: 1 | T70: - | U70: HORAS | V70: 0 | W70: 0 | X70: 0 | Y70: 12 | Z70: OK | AA70: 0 | AB70: 0 | AC70: 12 | AD70: OK | AE70: 0 | AF70: 0 | AG70: 12 | AH70: VERIFICAR | AI70: 4,8 | AJ70: 2,9853658536585361 | AK70: 12 | AL70: EXCELENTE
A71: 2026 | B71: 46023 | C71: 46027 | D71: GARRA1 | E71: TURNO 1 | F71: OPERADOR 5 | G71: GARRA TRAÇADORA 1 | H71: TRAÇAMENTO | I71: DISPONIBILIDADE MECÂNICA | J71: 1 | K71: 0,91724137931034488 | L71: 0,92489568845618919 | M71: 1 | N71: - | O71: DISPONIBILIDADE OPERACIONAL | P71: 1 | Q71: 0,43601532567049806 | R71: 0,48817802503477059 | S71: 1 | T71: BOA | U71: HORAS | V71: 0 | W71: 9 | X71: 4 | Y71: 12 | Z71: OK | AA71: 9 | AB71: 0 | AC71: 3 | AD71: OK | AE71: 8,583333333 | AF71: 0 | AG71: 3 | AH71: VERIFICAR | AI71: 2,2174055829228245 | AJ71: 2,0123186966024238 | AK71: 3,9999999999999991 | AL71: CRÍTICO
A72: 2026 | B72: 46023 | C72: 46027 | D72: GARRA1 | E72: TURNO 2 | F72: OPERADOR 6 | G72: GARRA TRAÇADORA 1 | H72: TRAÇAMENTO | I72: DISPONIBILIDADE MECÂNICA | J72: 1 | K72: 0,91724137931034488 | L72: 0,92489568845618919 | M72: 1 | N72: RUIM | O72: DISPONIBILIDADE OPERACIONAL | P72: 1 | Q72: 0,43601532567049806 | R72: 0,48817802503477059 | S72: 1 | T72: - | U72: HORAS | V72: 2 | W72: 7 | X72: 4 | Y72: 12 | Z72: OK | AA72: 9 | AB72: 0 | AC72: 3 | AD72: OK | AE72: 9 | AF72: 0 | AG72: 3 | AH72: VERIFICAR | AI72: 2,2174055829228245 | AJ72: 2,0123186966024238 | AK72: 3,9999999999999991 | AL72: CRÍTICO
A73: 2026 | B73: 46023 | C73: 46028 | D73: FELLER2 | E73: TURNO 1 | F73: OPERADOR 7 | G73: FELLER BUNCHER 2 | H73: CORTE | I73: DISPONIBILIDADE MECÂNICA | J73: 1 | K73: 1 | L73: 1 | N73: BOA | O73: DISPONIBILIDADE OPERACIONAL | P73: 1 | Q73: 0,11999999999999977 | R73: 0,2584269662921348 | S73: 1 | T73: - | U73: HORAS | V73: 0 | W73: 10 | X73: 5 | Y73: 12 | Z73: OK | AA73: 10 | AB73: 0 | AC73: 2 | AD73: OK | AE73: 10 | AF73: 0 | AG73: 2 | AH73: VERIFICAR | AI73: 5,2800000000000011 | AJ73: 4,4494382022471912 | AK73: 9 | AL73: BOM

Sheet Metas DM & DO
A1: MÁQUINAS | B1: TIPO DE EQUIPAMENTO | C1: MÉDIA HORAS REAL | D1: PERCENTIL 50 | E1: PERCENTIL 75 | F1: PERCENTIL 90 | G1: TETO DE HORAS | H1: QUANTIDADE DE REGISTROS | I1: STATUS | J1: FATOR | K1: FATOR DESAFIO | L1: FATOR REDUÇÃO | M1: FATOR REDUÇÃO DESAFIO | N1: DISPONIBILIDADE MECÂNICA | O1: META BASE | P1: META DESAFIO | Q1: TETO META | R1: DISPONIBILIDADE OPERACIONAL | S1: META BASE_1 | T1: META DESAFIO_2 | U1: TETO META_3 | V1: HORAS | W1: MÉDIA HORAS PARADAS | X1: META BASE_4 | Y1: META DESAFIO_5 | Z1: TETO META_6
A2: FELLER BUNCHER 1 | B2: CORTE | C2: 4,8 | D2: 3,5 | E2: 5 | F2: 12 | G2: 12 | H2: 10 | I2: MEDIO | J2: 0,88541666666666674 | K2: 1,4236111111111114 | L2: 1,1294117647058823 | M2: 0,70243902439024375 | N2: DISPONIBILIDADE MECÂNICA | O2: 0,45882352941176474 | P2: 0,66341463414634161 | Q2: 1 | R2: DISPONIBILIDADE OPERACIONAL | S2: 0,74117647058823533 | T2: 0,83902439024390252 | U2: 1 | V2: HORAS | W2: 4,25 | X2: 4,8 | Y2: 2,9853658536585361 | Z2: 12
A3: FELLER BUNCHER 2 | B3: CORTE | C3: 4,8 | D3: 4 | E3: 5,9999999999999982 | F3: 7,799999999999998 | G3: 9 | H3: 5 | I3: MEDIO | J3: 1,0416666666666665 | K3: 1,2361111111111109 | L3: 0,96000000000000019 | M3: 0,80898876404494391 | N3: DISPONIBILIDADE MECÂNICA | O3: 1 | P3: 1 | R3: DISPONIBILIDADE OPERACIONAL | S3: 0,11999999999999977 | T3: 0,2584269662921348 | U3: 1 | V3: HORAS | W3: 5,5 | X3: 5,2800000000000011 | Y3: 4,4494382022471912 | Z3: 9
A4: SKIDDER 1 | B4: ARRASTE | C4: - | D4: - | E4: - | F4: - | G4: 0 | H4: 0 | I4: - | J4: - | K4: - | L4: - | M4: - | N4: DISPONIBILIDADE MECÂNICA | O4: - | P4: - | R4: DISPONIBILIDADE OPERACIONAL | S4: - | T4: - | V4: HORAS | W4: - | X4: - | Y4: - | Z4: -
A5: SKIDDER 2 | B5: ARRASTE | C5: 12 | D5: 12 | E5: 12 | F5: 12 | G5: 12 | H5: 4 | I5: - | J5: 1 | K5: 1 | L5: 1 | M5: 1 | N5: DISPONIBILIDADE MECÂNICA | O5: 0,5 | P5: 0,5 | Q5: 0 | R5: DISPONIBILIDADE OPERACIONAL | S5: 0,5 | T5: 0,5 | U5: 0 | V5: HORAS | W5: 12 | X5: 12 | Y5: 12 | Z5: 12
A6: GARRA TRAÇADORA 1 | B6: TRAÇAMENTO | C6: 2,4 | D6: 2,5000000000000004 | E6: 2,9375 | F6: 3,5499999999999994 | G6: 4 | H6: 10 | I6: BAIXO | J6: 1,1328125000000002 | K6: 1,2482638888888891 | L6: 0,88275862068965505 | M6: 0,80111265646731555 | N6: DISPONIBILIDADE MECÂNICA | O6: 0,91724137931034488 | P6: 0,92489568845618919 | Q6: 1 | R6: DISPONIBILIDADE OPERACIONAL | S6: 0,43601532567049806 | T6: 0,48817802503477059 | U6: 1 | V6: HORAS | W6: 2,5119047619047623 | X6: 2,2174055829228245 | Y6: 2,0123186966024238 | Z6: 3,9999999999999991
A7: GARRA TRAÇADORA 2 | B7: TRAÇAMENTO | C7: - | D7: - | E7: - | F7: - | G7: 0 | H7: 0 | I7: - | J7: - | K7: - | L7: - | M7: - | N7: DISPONIBILIDADE MECÂNICA | O7: - | P7: - | R7: DISPONIBILIDADE OPERACIONAL | S7: - | T7: - | V7: HORAS | W7: - | X7: - | Y7: - | Z7: -

Sheet Diesel
A1: ANO | B1: MÊS | C1: DATA | D1: CONTRATO | E1: EQUIPAMENTO DIGITADO | F1: EQUIPAMENTO | G1: TIPO DE EQUIPAMENTO | H1: HORÍMETRO ANTERIOR | I1: HORÍMETRO ABASTECIMENTO | J1: CONSUMO | K1: HORAS RODADAS | L1: MÉDIA | M1: STATUS MÉDIA | N1: LITROS POR HORA | O1: META BASE | P1: META BASE POR HORA | Q1: META DESAFIO | R1: META DESAFIO POR HORA | S1: TETO META | T1: TETO META POR HORA | U1: STATUS META | V1: COMBOIO | W1: ENTRADA | X1: VALOR ENTRADA | Y1: SALDO ANTERIOR | Z1: ENCERRANTE ANTERIOR | AA1: ENCERRANTE ABASTECIMENTO | AB1: SALDO | AC1: OBS
A2: 2026 | B2: 46023 | C2: 46023 | D2: {=IFERROR(INDEX('BDT''s'!C:C,MATCH(1,('BDT''s'!K:K=Diesel!F2)*('BDT''s'!I:I=Diesel!C2),0)),"-")} -> CONTRATO 1 | E2: FELLER1 | F2: FELLER BUNCHER 1 | G2: CORTE | H2: 1000 | I2: 1012 | J2: 100 | K2: 12 | L2: 8.3333333 | M2: EXCELENTE | N2: 8,333333333 | O2: 235,6666667 | P2: 19,63888889 | Q2: 226,5449011 | R2: 18,87874176 | S2: 100 | T2: 8,333333333 | U2: EXCELENTE | V2: C01 | Y2: 5000 | Z2: 0 | AA2: 100 | AB2: 4900
A3: 2026 | B3: 46023 | C3: 46023 | D3: {=IFERROR(INDEX('BDT''s'!C:C,MATCH(1,('BDT''s'!K:K=Diesel!F3)*('BDT''s'!I:I=Diesel!C3),0)),"-")} -> CONTRATO 1 | E3: FELLER2 | F3: FELLER BUNCHER 2 | G3: CORTE | H3: 2000 | I3: 2008 | J3: 150 | K3: 8 | L3: 18.75 | M3: EXCELENTE | N3: 18,75 | O3: 215,1666667 | P3: 26,89583333 | Q3: 198,7579618 | R3: 24,84474522 | S3: 150 | T3: 18,75 | U3: EXCELENTE | V3: C01 | Y3: 4900 | Z3: 100 | AA3: 250 | AB3: 4750
A4: 2026 | B4: 46023 | C4: 46023 | D4: {=IFERROR(INDEX('BDT''s'!C:C,MATCH(1,('BDT''s'!K:K=Diesel!F4)*('BDT''s'!I:I=Diesel!C4),0)),"-")} -> CONTRATO 1 | E4: SKIDDER1 | F4: SKIDDER 1 | G4: ARRASTE | H4: 1200 | I4: 1215 | J4: 370 | K4: 15 | L4: 24.666667 | M4: BOM | N4: 24,66666667 | O4: 426,3333333 | P4: 28,42222222 | Q4: 377,8881988 | R4: 25,19254658 | S4: 300 | T4: 20 | U4: BOM | V4: C01 | Y4: 4750 | Z4: 250 | AA4: 620 | AB4: 4380
A5: 2026 | B5: 46023 | C5: 46023 | D5: {=IFERROR(INDEX('BDT''s'!C:C,MATCH(1,('BDT''s'!K:K=Diesel!F5)*('BDT''s'!I:I=Diesel!C5),0)),"-")} -> CONTRATO 1 | E5: SKIDDER2 | F5: SKIDDER 2 | G5: ARRASTE | H5: 2100 | I5: 2106 | J5: 330 | K5: 6 | L5: 55 | M5: CRÍTICO | N5: 55 | O5: 237,8333333 | P5: 39,63888889 | Q5: 194,112426 | R5: 32,35207101 | S5: 100 | T5: 16,66666667 | U5: CRÍTICO | V5: C01 | Y5: 4380 | Z5: 620 | AA5: 950 | AB5: 4050
A6: 2026 | B6: 46023 | C6: 46024 | D6: {=IFERROR(INDEX('BDT''s'!C:C,MATCH(1,('BDT''s'!K:K=Diesel!F6)*('BDT''s'!I:I=Diesel!C6),0)),"-")} -> CONTRATO 1 | E6: FELLER2 | F6: FELLER BUNCHER 2 | G6: CORTE | H6: 2008 | I6: 2012 | J6: 170 | K6: 4 | L6: 21.176471 | M6: EXCELENTE | N6: 42,5 | O6: 215,1666667 | P6: 53,79166667 | Q6: 198,7579618 | R6: 49,68949045 | S6: 150 | T6: 37,5 | U6: BOM | V6: C01 | Y6: 4050 | Z6: 950 | AA6: 1120 | AB6: 3880
A7: 2026 | B7: 46023 | C7: 46024 | D7: {=IFERROR(INDEX('BDT''s'!C:C,MATCH(1,('BDT''s'!K:K=Diesel!F7)*('BDT''s'!I:I=Diesel!C7),0)),"-")} -> CONTRATO 1 | E7: GARRA2 | F7: GARRA TRAÇADORA 2 | G7: TRAÇAMENTO | H7: 700 | I7: 711 | J7: 380 | K7: 11 | L7: 34.545455 | M7: CRÍTICO | N7: 34,54545455 | O7: 368,6666667 | P7: 33,51515152 | Q7: 355,0684932 | R7: 32,27895392 | S7: 340 | T7: 30,90909091 | U7: CRÍTICO | V7: C01 | Y7: 3880 | Z7: 1120 | AA7: 1500 | AB7: 3500
A8: 2026 | B8: 46023 | C8: 46024 | D8: {=IFERROR(INDEX('BDT''s'!C:C,MATCH(1,('BDT''s'!K:K=Diesel!F8)*('BDT''s'!I:I=Diesel!C8),0)),"-")} -> CONTRATO 1 | E8: FELLER2 | F8: FELLER BUNCHER 2 | G8: CORTE | H8: 2012 | I8: 2025 | J8: 190 | K8: 13 | L8: 21.176471 | M8: CRÍTICO | N8: 14,61538462 | O8: 215,1666667 | P8: 16,55128205 | Q8: 198,7579618 | R8: 15,28907398 | S8: 150 | T8: 11,53846154 | U8: BOM | V8: C01 | Y8: 3500 | Z8: 1500 | AA8: 1690 | AB8: 3310
A9: 2026 | B9: 46023 | C9: 46024 | D9: {=IFERROR(INDEX('BDT''s'!C:C,MATCH(1,('BDT''s'!K:K=Diesel!F9)*('BDT''s'!I:I=Diesel!C9),0)),"-")} -> CONTRATO 1 | E9: FELLER1 | F9: FELLER BUNCHER 1 | G9: CORTE | H9: 1012 | I9: 1018 | J9: 110 | K9: 6 | L9: 18.333333 | M9: BOM | N9: 18,33333333 | O9: 235,6666667 | P9: 39,27777778 | Q9: 226,5449011 | R9: 37,75748351 | S9: 100 | T9: 16,66666667 | U9: BOM | V9: C01 | Y9: 3310 | Z9: 1690 | AA9: 1800 | AB9: 3200
A10: 2026 | B10: 46023 | C10: 46024 | D10: {=IFERROR(INDEX('BDT''s'!C:C,MATCH(1,('BDT''s'!K:K=Diesel!F10)*('BDT''s'!I:I=Diesel!C10),0)),"-")} -> CONTRATO 1 | E10: SKIDDER2 | F10: SKIDDER 2 | G10: ARRASTE | H10: 2106 | I10: 2110 | J10: 200 | K10: 4 | L10: 33.333333 | M10: BOM | N10: 50 | O10: 237,8333333 | P10: 59,45833333 | Q10: 194,112426 | R10: 48,52810651 | S10: 100 | T10: 25 | U10: ATENÇÃO | V10: C01 | Y10: 3200 | Z10: 1800 | AA10: 2000 | AB10: 3000
A11: 2026 | B11: 46023 | C11: 46024 | D11: {=IFERROR(INDEX('BDT''s'!C:C,MATCH(1,('BDT''s'!K:K=Diesel!F11)*('BDT''s'!I:I=Diesel!C11),0)),"-")} -> CONTRATO 1 | E11: SKIDDER2 | F11: SKIDDER 2 | G11: ARRASTE | H11: 2110 | I11: 2115 | J11: 100 | K11: 5 | L11: 33.333333 | M11: BOM | N11: 20 | O11: 237,8333333 | P11: 47,56666667 | Q11: 194,112426 | R11: 38,82248521 | S11: 100 | T11: 20 | U11: EXCELENTE | V11: C01 | Y11: 3000 | Z11: 2000 | AA11: 2100 | AB11: 2900
A12: 2026 | B12: 46023 | C12: 46025 | D12: {=IFERROR(INDEX('BDT''s'!C:C,MATCH(1,('BDT''s'!K:K=Diesel!F12)*('BDT''s'!I:I=Diesel!C12),0)),"-")} -> - | E12: FELLER1 | F12: FELLER BUNCHER 1 | G12: CORTE | H12: 1018 | I12: 1025 | J12: 400 | K12: 7 | L12: 57.142857 | M12: CRÍTICO | N12: 57,14285714 | O12: 235,6666667 | P12: 33,66666667 | Q12: 226,5449011 | R12: 32,3635573 | S12: 100 | T12: 14,28571429 | U12: CRÍTICO | V12: C01 | Y12: 2900 | Z12: 2100 | AA12: 2500 | AB12: 2500
A13: 2026 | B13: 46023 | C13: 46025 | D13: {=IFERROR(INDEX('BDT''s'!C:C,MATCH(1,('BDT''s'!K:K=Diesel!F13)*('BDT''s'!I:I=Diesel!C13),0)),"-")} -> - | E13: GARRA1 | F13: GARRA TRAÇADORA 1 | G13: TRAÇAMENTO | H13: 500 | I13: 510 | J13: 400 | K13: 10 | L13: 40 | M13: EXCELENTE | N13: 40 | O13: 400 | P13: 40 | Q13: 400 | R13: 40 | S13: 400 | T13: 40 | U13: EXCELENTE | V13: C01 | Y13: 2500 | Z13: 2500 | AA13: 2900 | AB13: 2100
... A18: 2026 | B18: 46023 | C18: 46025 | D18: {=IFERROR(INDEX('BDT''s'!C:C,MATCH(1,('BDT''s'!K:K=Diesel!F18)*('BDT''s'!I:I=Diesel!C18),0)),"-")} -> - | E18: SKIDDER1 | F18: SKIDDER 1 | G18: ARRASTE | H18: 1219 | I18: 1221 | J18: 500 | K18: 2 | L18: 133.33333 | M18: EXCELENTE | N18: 250 | O18: 426,3333333 | P18: 213,1666667 | Q18: 377,8881988 | R18: 188,9440994 | S18: 300 | T18: 150 | U18: CRÍTICO | V18: C01 | Y18: 1000 | Z18: 4000 | AA18: 4500 | AB18: 500

Sheet Metas Diesel
A1: MÁQUINAS | B1: TIPO DE EQUIPAMENTO | C1: MÉDIA CONSUMO REAL | D1: PERCENTIL 50 | E1: PERCENTIL 75 | F1: PERCENTIL 90 | G1: TETO DE CONSUMO | H1: QUANTIDADE DE REGISTROS | I1: STATUS | J1: FATOR | K1: FATOR DESAFIO | L1: FATOR REDUÇÃO | M1: FATOR REDUÇÃO DESAFIO | N1: META BASE | O1: META DESAFIO | P1: TETO META
A2: FELLER BUNCHER 1 | B2: CORTE | C2: 203,3333333 | D2: 110 | E2: 255 | F2: 342 | G2: 400 | H2: 3 | I2: MEDIO | J2: 0,897540984 | K2: 1,159016393 | L2: 1,114155251 | M2: 0,862800566 | N2: 235,6666667 | O2: 226,5449011 | P2: 100
A3: FELLER BUNCHER 2 | B3: CORTE | C3: 197,5 | D3: 180 | E3: 212,5 | F3: 253 | G3: 280 | H3: 4 | I3: MEDIO | J3: 0,993670886 | K3: 1,089451477 | L3: 1,006369427 | M3: 0,917893106 | N3: 215,1666667 | O3: 198,7579618 | P3: 150
A4: SKIDDER 1 | B4: ARRASTE | C4: 390 | D4: 370 | E4: 435 | F4: 474 | G4: 500 | H4: 3 | I4: MEDIO | J4: 1,032051282 | K4: 1,093162393 | L4: 0,968944099 | M4: 0,91477717 | N4: 426,3333333 | O4: 377,8881988 | P4: 300
A5: SKIDDER 2 | B5: ARRASTE | C5: 202,5 | D5: 190 | E5: 232,5 | F5: 291 | G5: 330 | H5: 4 | I5: MEDIO | J5: 1,043209877 | K5: 1,174485597 | L5: 0,958579882 | M5: 0,85143658 | N5: 237,8333333 | O5: 194,112426 | P5: 100
A6: GARRA TRAÇADORA 1 | B6: TRAÇAMENTO | C6: 400 | D6: 400 | E6: 400 | F6: 400 | G6: 400 | H6: 1 | I6: - | J6: 1 | K6: 1 | L6: 1 | M6: 1 | N6: 400 | O6: 400 | P6: 400
A7: GARRA TRAÇADORA 2 | B7: TRAÇAMENTO | C7: 360 | D7: 360 | E7: 370 | F7: 376 | G7: 380 | H7: 2 | I7: MEDIO | J7: 1,013888889 | K7: 1,024074074 | L7: 0,98630137 | M7: 0,976491863 | N7: 368,6666667 | O7: 355,0684932 | P7: 340
