Workbook

Sheet BDT's
A1: ANO | B1: MÊS | C1: CONTRATO | D1: BITOLA | E1: VMI | F1: FAIXA VMI | G1: FAZENDA | H1: TALHÃO | I1: DATA APONTAMENTO | J1: EQUIPAMENTO DIGITADO | K1: EQUIPAMENTO | L1: TIPO DE EQUIPAMENTO | M1: META BASE M³/H POR OPERAÇÃO | N1: OPERADOR | O1: TURNO | P1: MOVIMENTO ENTRE TALHÕES | Q1: HORÍMETRO ANTERIOR | R1: HORÍMETRO ATUAL | S1: HORAS RODADAS | T1: QUANTIDADE DE ÁRVORES | U1: VOLUME PRODUZIDO | V1: VOLUME AJUSTADO | W1: M³ / HORA RODADA | X1: HEC PRODUZIDO NO DIA | Y1: HEC PRODUZIDO NO DIA AJUSTADO | Z1: META BASE M³ POR TURNO | AA1: META BASE M³ POR HORA | AB1: META DESAFIO M³ POR TURNO | AC1: META DESAFIO M³ POR HORA | AD1: TETO META M³ POR TURNO | AE1: TETO META M³ POR HORA | AF1: STATUS META | AG1: FATOR | AH1: % COBERTURA | AI1: VOLUME TALHÃO | AJ1: STATUS DO TALHÃO
A2: =IFERROR(YEAR(I2),"-") -> 2026 | B2: =IFERROR(DATE(YEAR(I2),MONTH(I2),MONTH(I2)),"-") -> 46023 | C2: {=IFERROR(IF(INDEX('Cadastro Talhão'!A:A,MATCH(1,('Cadastro Talhão'!B:B='BDT''s'!G2)*('Cadastro Talhão'!C:C='BDT''s'!H2),0))=0,"-",INDEX('Cadastro Talhão'!A:A,MATCH(1,('Cadastro Talhão'!B:B='BDT''s'!G2)*('Cadastro Talhão'!C:C='BDT''s'!H2),0))),"-")} -> CONTRATO 1 | D2: {=IFERROR(INDEX('Cadastro Talhão'!H:H,MATCH(1,('Cadastro Talhão'!B:B='BDT''s'!G2)*('Cadastro Talhão'!C:C='BDT''s'!H2),0)),"-")} -> 1.9 | E2: {=IFERROR(INDEX('Cadastro Talhão'!F:F,MATCH(1,('Cadastro Talhão'!B:B='BDT''s'!G2)*('Cadastro Talhão'!C:C='BDT''s'!H2),0)),"-")} -> 0.15 | F2: =IFERROR(VLOOKUP(E2,VMI!A:B,2,FALSE),"-") -> 0,11 a 0,15 | G2: FAZENDA 1 | H2: 15 | I2: 46023 | J2: FELLER1 | K2: =IFERROR(VLOOKUP(J2,Cadastros!A:B,2,FALSE),"-") -> FELLER BUNCHER 1 | L2: =IFERROR(VLOOKUP(K2,Cadastros!B:D,3,FALSE),"-") -> CORTE | M2: {=IFERROR(INDEX(VMI!$A:$AAL,MATCH(1,(VMI!$A:$A=E2)*(VMI!$B:$B=F2),0),MATCH(L2,VMI!$1:$1,0)+1)*(AVERAGEIFS('Metas Produção'!I:I,'Metas Produção'!B:B,'BDT''s'!L2)),"-")} -> 86.557111 | N2: OPERADOR 1 | O2: TURNO 1 | P2: =IFERROR(COUNTIFS(O:O,O2,N:N,N2,I:I,I2,J:J,J2,C:C,C2),"-") -> 1 | Q2: 1000 | R2: 1010.2 | S2: =IFERROR(IF(R2="-",0,IF(R2-Q2<0,"-",R2-Q2)),"-") -> 10.2 | T2: {=IFERROR(U2/INDEX('Cadastro Talhão'!F:F,MATCH(1,('Cadastro Talhão'!B:B='BDT''s'!G2)*('Cadastro Talhão'!C:C='BDT''s'!H2)*('Cadastro Talhão'!A:A='BDT''s'!C2),0)),"-")} -> 4866.6667 | U2: 730 | V2: =IF(U2="-",0,IFERROR(IF(AJ2="FINALIZADO",AI2/SUMIFS(AG:AG,G:G,G2,H:H,H2,L:L,L2,A:A,A2,B:B,B2)*AG2,U2),U2)) -> 730 | W2: =IFERROR(U2/S2,"-") -> 71.568627 | X2: {=IFERROR(U2/INDEX('Cadastro Talhão'!G:G,MATCH(1,('Cadastro Talhão'!B:B=G2)*('Cadastro Talhão'!C:C=H2),0))*INDEX('Cadastro Talhão'!D:D,MATCH(1,('Cadastro Talhão'!B:B=G2)*('Cadastro Talhão'!C:C=H2),0)),"-")} -> 0.876 | Y2: {=IFERROR(V2/INDEX('Cadastro Talhão'!G:G,MATCH(1,('Cadastro Talhão'!B:B=G2)*('Cadastro Talhão'!C:C=H2),0))*INDEX('Cadastro Talhão'!D:D,MATCH(1,('Cadastro Talhão'!B:B=G2)*('Cadastro Talhão'!C:C=H2),0)),"-")} -> 0.876 | Z2: {=IFERROR(INDEX('Metas Produção'!$A:$ZZ,MATCH(K2, 'Metas Produção'!$A:$A, 0),MATCH(F2, 'Metas Produção'!$1:$1, 0)+1)*12,"-")} -> 1056.4112 | AA2: =IFERROR(Z2/12,"-") -> 88.034267 | AB2: {=IFERROR(INDEX('Metas Produção'!$A:$ZZ,MATCH(K2, 'Metas Produção'!$A:$A, 0),MATCH(F2, 'Metas Produção'!$1:$1, 0)+2)*12,"-")} -> 1083.6967 | AC2: =IFERROR(AB2/12,"-") -> 90.308055 | AD2: {=IFERROR(INDEX('Metas Produção'!$A:$ZZ,MATCH(K2, 'Metas Produção'!$A:$A, 0),MATCH(F2, 'Metas Produção'!$1:$1, 0)+3)*12,"-")} -> 1200 | AE2: =IFERROR(AD2/12,"-") -> 100 | AF2: =IFERROR(IF(W2="-","-",IF(W2<AA2,"BAIXO",IF(AND(W2>=AA2,W2<AC2),"MEDIO",IF(AND(W2>=AC2,W2<=AE2),"ALTO","-")))),"-") -> BAIXO | AG2: =IFERROR(U2/SUMIFS(U:U,G:G,G2,H:H,H2,L:L,L2,A:A,A2,B:B,B2),0) -> 0.24914676 | AH2: {=IFERROR(V2/INDEX('Cadastro Talhão'!G:G,MATCH(1,('Cadastro Talhão'!B:B=G2)*('Cadastro Talhão'!C:C=H2),0)),"-")} -> 0.073 | AI2: {=IFERROR(IF(AJ2="EM ANDAMENTO",U2,IF(AJ2="FINALIZADO",INDEX('Cadastro Talhão'!G:G,MATCH(1,('Cadastro Talhão'!B:B=G2)*('Cadastro Talhão'!C:C=H2),0)),"-")),"-")} -> 730 | AJ2: {=IFERROR(INDEX(Estoque!$A:$Z,MATCH(1,(Estoque!$E:$E='BDT''s'!G2)*(Estoque!$F:$F='BDT''s'!H2)*(Estoque!$B:$B='BDT''s'!B2),0),MATCH('BDT''s'!L2,Estoque!$1:$1,0)+4),"-")} -> EM ANDAMENTO
A3: =IFERROR(YEAR(I3),"-") -> 2026 | B3: =IFERROR(DATE(YEAR(I3),MONTH(I3),MONTH(I3)),"-") -> 46023 | C3: {=IFERROR(IF(INDEX('Cadastro Talhão'!A:A,MATCH(1,('Cadastro Talhão'!B:B='BDT''s'!G3)*('Cadastro Talhão'!C:C='BDT''s'!H3),0))=0,"-",INDEX('Cadastro Talhão'!A:A,MATCH(1,('Cadastro Talhão'!B:B='BDT''s'!G3)*('Cadastro Talhão'!C:C='BDT''s'!H3),0))),"-")} -> CONTRATO 1 | D3: {=IFERROR(INDEX('Cadastro Talhão'!H:H,MATCH(1,('Cadastro Talhão'!B:B='BDT''s'!G3)*('Cadastro Talhão'!C:C='BDT''s'!H3),0)),"-")} -> 1.9 | E3: {=IFERROR(INDEX('Cadastro Talhão'!F:F,MATCH(1,('Cadastro Talhão'!B:B='BDT''s'!G3)*('Cadastro Talhão'!C:C='BDT''s'!H3),0)),"-")} -> 0.15 | F3: =IFERROR(VLOOKUP(E3,VMI!A:B,2,FALSE),"-") -> 0,11 a 0,15 | G3: FAZENDA 1 | H3: 15 | I3: 46023 | J3: FELLER1 | K3: =IFERROR(VLOOKUP(J3,Cadastros!A:B,2,FALSE),"-") -> FELLER BUNCHER 1 | L3: =IFERROR(VLOOKUP(K3,Cadastros!B:D,3,FALSE),"-") -> CORTE | M3: {=IFERROR(INDEX(VMI!$A:$AAL,MATCH(1,(VMI!$A:$A=E3)*(VMI!$B:$B=F3),0),MATCH(L3,VMI!$1:$1,0)+1)*(AVERAGEIFS('Metas Produção'!I:I,'Metas Produção'!B:B,'BDT''s'!L3)),"-")} -> 86.557111 | N3: OPERADOR 2 | O3: TURNO 2 | P3: =IFERROR(COUNTIFS(O:O,O3,N:N,N3,I:I,I3,J:J,J3,C:C,C3),"-") -> 1 | Q3: =IFERROR(_xlfn.MAXIFS($R$1:R2,$K$1:K2,K3),"-") -> 1010.2 | R3: 1022 | S3: =IFERROR(IF(R3="-",0,IF(R3-Q3<0,"-",R3-Q3)),"-") -> 11.8 | T3: {=IFERROR(U3/INDEX('Cadastro Talhão'!F:F,MATCH(1,('Cadastro Talhão'!B:B='BDT''s'!G3)*('Cadastro Talhão'!C:C='BDT''s'!H3)*('Cadastro Talhão'!A:A='BDT''s'!C3),0)),"-")} -> 6666.6667 | U3: 1000 | V3: =IF(U3="-",0,IFERROR(IF(AJ3="FINALIZADO",AI3/SUMIFS(AG:AG,G:G,G3,H:H,H3,L:L,L3,A:A,A3,B:B,B3)*AG3,U3),U3)) -> 1000 | W3: =IFERROR(U3/S3,"-") -> 84.745763 | X3: {=IFERROR(U3/INDEX('Cadastro Talhão'!G:G,MATCH(1,('Cadastro Talhão'!B:B=G3)*('Cadastro Talhão'!C:C=H3),0))*INDEX('Cadastro Talhão'!D:D,MATCH(1,('Cadastro Talhão'!B:B=G3)*('Cadastro Talhão'!C:C=H3),0)),"-")} -> 1.2 | Y3: {=IFERROR(V3/INDEX('Cadastro Talhão'!G:G,MATCH(1,('Cadastro Talhão'!B:B=G3)*('Cadastro Talhão'!C:C=H3),0))*INDEX('Cadastro Talhão'!D:D,MATCH(1,('Cadastro Talhão'!B:B=G3)*('Cadastro Talhão'!C:C=H3),0)),"-")} -> 1.2 | Z3: {=IFERROR(INDEX('Metas Produção'!$A:$ZZ,MATCH(K3, 'Metas Produção'!$A:$A, 0),MATCH(F3, 'Metas Produção'!$1:$1, 0)+1)*12,"-")} -> 1056.4112 | AA3: =IFERROR(Z3/12,"-") -> 88.034267 | AB3: {=IFERROR(INDEX('Metas Produção'!$A:$ZZ,MATCH(K3, 'Metas Produção'!$A:$A, 0),MATCH(F3, 'Metas Produção'!$1:$1, 0)+2)*12,"-")} -> 1083.6967 | AC3: =IFERROR(AB3/12,"-") -> 90.308055 | AD3: {=IFERROR(INDEX('Metas Produção'!$A:$ZZ,MATCH(K3, 'Metas Produção'!$A:$A, 0),MATCH(F3, 'Metas Produção'!$1:$1, 0)+3)*12,"-")} -> 1200 | AE3: =IFERROR(AD3/12,"-") -> 100 | AF3: =IFERROR(IF(W3="-","-",IF(W3<AA3,"BAIXO",IF(AND(W3>=AA3,W3<AC3),"MEDIO",IF(AND(W3>=AC3,W3<=AE3),"ALTO","-")))),"-") -> BAIXO | AG3: =IFERROR(U3/SUMIFS(U:U,G:G,G3,H:H,H3,L:L,L3,A:A,A3,B:B,B3),0) -> 0.34129693 | AH3: {=IFERROR(V3/INDEX('Cadastro Talhão'!G:G,MATCH(1,('Cadastro Talhão'!B:B=G3)*('Cadastro Talhão'!C:C=H3),0)),"-")} -> 0.1 | AI3: {=IFERROR(IF(AJ3="EM ANDAMENTO",U3,IF(AJ3="FINALIZADO",INDEX('Cadastro Talhão'!G:G,MATCH(1,('Cadastro Talhão'!B:B=G3)*('Cadastro Talhão'!C:C=H3),0)),"-")),"-")} -> 1000 | AJ3: {=IFERROR(INDEX(Estoque!$A:$Z,MATCH(1,(Estoque!$E:$E='BDT''s'!G3)*(Estoque!$F:$F='BDT''s'!H3)*(Estoque!$B:$B='BDT''s'!B3),0),MATCH('BDT''s'!L3,Estoque!$1:$1,0)+4),"-")} -> EM ANDAMENTO
A4: =IFERROR(YEAR(I4),"-") -> 2026 | B4: =IFERROR(DATE(YEAR(I4),MONTH(I4),MONTH(I4)),"-") -> 46023 | C4: {=IFERROR(IF(INDEX('Cadastro Talhão'!A:A,MATCH(1,('Cadastro Talhão'!B:B='BDT''s'!G4)*('Cadastro Talhão'!C:C='BDT''s'!H4),0))=0,"-",INDEX('Cadastro Talhão'!A:A,MATCH(1,('Cadastro Talhão'!B:B='BDT''s'!G4)*('Cadastro Talhão'!C:C='BDT''s'!H4),0))),"-")} -> CONTRATO 1 | D4: {=IFERROR(INDEX('Cadastro Talhão'!H:H,MATCH(1,('Cadastro Talhão'!B:B='BDT''s'!G4)*('Cadastro Talhão'!C:C='BDT''s'!H4),0)),"-")} -> 1.9 | E4: {=IFERROR(INDEX('Cadastro Talhão'!F:F,MATCH(1,('Cadastro Talhão'!B:B='BDT''s'!G4)*('Cadastro Talhão'!C:C='BDT''s'!H4),0)),"-")} -> 0.16 | F4: =IFERROR(VLOOKUP(E4,VMI!A:B,2,FALSE),"-") -> 0,16 a 0,20 | G4: FAZENDA 1 | H4: 25 | I4: 46023 | J4: FELLER2 | K4: =IFERROR(VLOOKUP(J4,Cadastros!A:B,2,FALSE),"-") -> FELLER BUNCHER 2 | L4: =IFERROR(VLOOKUP(K4,Cadastros!B:D,3,FALSE),"-") -> CORTE | M4: {=IFERROR(INDEX(VMI!$A:$AAL,MATCH(1,(VMI!$A:$A=E4)*(VMI!$B:$B=F4),0),MATCH(L4,VMI!$1:$1,0)+1)*(AVERAGEIFS('Metas Produção'!I:I,'Metas Produção'!B:B,'BDT''s'!L4)),"-")} -> 125.2316 | N4: OPERADOR 3 | O4: TURNO 1 | P4: =IFERROR(COUNTIFS(O:O,O4,N:N,N4,I:I,I4,J:J,J4,C:C,C4),"-") -> 1 | Q4: 2000 | R4: 2011.1 | S4: =IFERROR(IF(R4="-",0,IF(R4-Q4<0,"-",R4-Q4)),"-") -> 11.1 | T4: {=IFERROR(U4/INDEX('Cadastro Talhão'!F:F,MATCH(1,('Cadastro Talhão'!B:B='BDT''s'!G4)*('Cadastro Talhão'!C:C='BDT''s'!H4)*('Cadastro Talhão'!A:A='BDT''s'!C4),0)),"-")} -> 7500 | U4: 1200 | V4: =IF(U4="-",0,IFERROR(IF(AJ4="FINALIZADO",AI4/SUMIFS(AG:AG,G:G,G4,H:H,H4,L:L,L4,A:A,A4,B:B,B4)*AG4,U4),U4)) -> 1200 | W4: =IFERROR(U4/S4,"-") -> 108.10811 | X4: {=IFERROR(U4/INDEX('Cadastro Talhão'!G:G,MATCH(1,('Cadastro Talhão'!B:B=G4)*('Cadastro Talhão'!C:C=H4),0))*INDEX('Cadastro Talhão'!D:D,MATCH(1,('Cadastro Talhão'!B:B=G4)*('Cadastro Talhão'!C:C=H4),0)),"-")} -> 0.92307692 | Y4: {=IFERROR(V4/INDEX('Cadastro Talhão'!G:G,MATCH(1,('Cadastro Talhão'!B:B=G4)*('Cadastro Talhão'!C:C=H4),0))*INDEX('Cadastro Talhão'!D:D,MATCH(1,('Cadastro Talhão'!B:B=G4)*('Cadastro Talhão'!C:C=H4),0)),"-")} -> 0.92307692 | Z4: {=IFERROR(INDEX('Metas Produção'!$A:$ZZ,MATCH(K4, 'Metas Produção'!$A:$A, 0),MATCH(F4, 'Metas Produção'!$1:$1, 0)+1)*12,"-")} -> 1477.1333 | AA4: =IFERROR(Z4/12,"-") -> 123.09444 | AB4: {=IFERROR(INDEX('Metas Produção'!$A:$ZZ,MATCH(K4, 'Metas Produção'!$A:$A, 0),MATCH(F4, 'Metas Produção'!$1:$1, 0)+2)*12,"-")} -> 1464.4344 | AC4: =IFERROR(AB4/12,"-") -> 122.0362 | AD4: {=IFERROR(INDEX('Metas Produção'!$A:$ZZ,MATCH(K4, 'Metas Produção'!$A:$A, 0),MATCH(F4, 'Metas Produção'!$1:$1, 0)+3)*12,"-")} -> 2022.4719 | AE4: =IFERROR(AD4/12,"-") -> 168.53933 | AF4: =IFERROR(IF(W4="-","-",IF(W4<AA4,"BAIXO",IF(AND(W4>=AA4,W4<AC4),"MEDIO",IF(AND(W4>=AC4,W4<=AE4),"ALTO","-")))),"-") -> BAIXO | AG4: =IFERROR(U4/SUMIFS(U:U,G:G,G4,H:H,H4,L:L,L4,A:A,A4,B:B,B4),0) -> 0.24489796 | AH4: {=IFERROR(V4/INDEX('Cadastro Talhão'!G:G,MATCH(1,('Cadastro Talhão'!B:B=G4)*('Cadastro Talhão'!C:C=H4),0)),"-")} -> 0.092307692 | AI4: {=IFERROR(IF(AJ4="EM ANDAMENTO",U4,IF(AJ4="FINALIZADO",INDEX('Cadastro Talhão'!G:G,MATCH(1,('Cadastro Talhão'!B:B=G4)*('Cadastro Talhão'!C:C=H4),0)),"-")),"-")} -> 1200 | AJ4: {=IFERROR(INDEX(Estoque!$A:$Z,MATCH(1,(Estoque!$E:$E='BDT''s'!G4)*(Estoque!$F:$F='BDT''s'!H4)*(Estoque!$B:$B='BDT''s'!B4),0),MATCH('BDT''s'!L4,Estoque!$1:$1,0)+4),"-")} -> EM ANDAMENTO
A5: =IFERROR(YEAR(I5),"-") -> 2026 | B5: =IFERROR(DATE(YEAR(I5),MONTH(I5),MONTH(I5)),"-") -> 46023 | C5: {=IFERROR(IF(INDEX('Cadastro Talhão'!A:A,MATCH(1,('Cadastro Talhão'!B:B='BDT''s'!G5)*('Cadastro Talhão'!C:C='BDT''s'!H5),0))=0,"-",INDEX('Cadastro Talhão'!A:A,MATCH(1,('Cadastro Talhão'!B:B='BDT''s'!G5)*('Cadastro Talhão'!C:C='BDT''s'!H5),0))),"-")} -> CONTRATO 1 | D5: {=IFERROR(INDEX('Cadastro Talhão'!H:H,MATCH(1,('Cadastro Talhão'!B:B='BDT''s'!G5)*('Cadastro Talhão'!C:C='BDT''s'!H5),0)),"-")} -> 1.9 | E5: {=IFERROR(INDEX('Cadastro Talhão'!F:F,MATCH(1,('Cadastro Talhão'!B:B='BDT''s'!G5)*('Cadastro Talhão'!C:C='BDT''s'!H5),0)),"-")} -> 0.16 | F5: =IFERROR(VLOOKUP(E5,VMI!A:B,2,FALSE),"-") -> 0,16 a 0,20 | G5: FAZENDA 1 | H5: 25 | I5: 46023 | J5: FELLER2 | K5: =IFERROR(VLOOKUP(J5,Cadastros!A:B,2,FALSE),"-") -> FELLER BUNCHER 2 | L5: =IFERROR(VLOOKUP(K5,Cadastros!B:D,3,FALSE),"-") -> CORTE | M5: {=IFERROR(INDEX(VMI!$A:$AAL,MATCH(1,(VMI!$A:$A=E5)*(VMI!$B:$B=F5),0),MATCH(L5,VMI!$1:$1,0)+1)*(AVERAGEIFS('Metas Produção'!I:I,'Metas Produção'!B:B,'BDT''s'!L5)),"-")} -> 125.2316 | N5: OPERADOR 4 | O5: TURNO 2 | P5: =IFERROR(COUNTIFS(O:O,O5,N:N,N5,I:I,I5,J:J,J5,C:C,C5),"-") -> 1 | Q5: =IFERROR(_xlfn.MAXIFS($R$1:R4,$K$1:K4,K5),"-") -> 2011.1 | R5: 2020 | S5: =IFERROR(IF(R5="-",0,IF(R5-Q5<0,"-",R5-Q5)),"-") -> 8.9 | T5: {=IFERROR(U5/INDEX('Cadastro Talhão'!F:F,MATCH(1,('Cadastro Talhão'!B:B='BDT''s'!G5)*('Cadastro Talhão'!C:C='BDT''s'!H5)*('Cadastro Talhão'!A:A='BDT''s'!C5),0)),"-")} -> 9375 | U5: 1500 | V5: =IF(U5="-",0,IFERROR(IF(AJ5="FINALIZADO",AI5/SUMIFS(AG:AG,G:G,G5,H:H,H5,L:L,L5,A:A,A5,B:B,B5)*AG5,U5),U5)) -> 1500 | W5: =IFERROR(U5/S5,"-") -> 168.53933 | X5: {=IFERROR(U5/INDEX('Cadastro Talhão'!G:G,MATCH(1,('Cadastro Talhão'!B:B=G5)*('Cadastro Talhão'!C:C=H5),0))*INDEX('Cadastro Talhão'!D:D,MATCH(1,('Cadastro Talhão'!B:B=G5)*('Cadastro Talhão'!C:C=H5),0)),"-")} -> 1.1538462 | Y5: {=IFERROR(V5/INDEX('Cadastro Talhão'!G:G,MATCH(1,('Cadastro Talhão'!B:B=G5)*('Cadastro Talhão'!C:C=H5),0))*INDEX('Cadastro Talhão'!D:D,MATCH(1,('Cadastro Talhão'!B:B=G5)*('Cadastro Talhão'!C:C=H5),0)),"-")} -> 1.1538462 | Z5: {=IFERROR(INDEX('Metas Produção'!$A:$ZZ,MATCH(K5, 'Metas Produção'!$A:$A, 0),MATCH(F5, 'Metas Produção'!$1:$1, 0)+1)*12,"-")} -> 1477.1333 | AA5: =IFERROR(Z5/12,"-") -> 123.09444 | AB5: {=IFERROR(INDEX('Metas Produção'!$A:$ZZ,MATCH(K5, 'Metas Produção'!$A:$A, 0),MATCH(F5, 'Metas Produção'!$1:$1, 0)+2)*12,"-")} -> 1464.4344 | AC5: =IFERROR(AB5/12,"-") -> 122.0362 | AD5: {=IFERROR(INDEX('Metas Produção'!$A:$ZZ,MATCH(K5, 'Metas Produção'!$A:$A, 0),MATCH(F5, 'Metas Produção'!$1:$1, 0)+3)*12,"-")} -> 2022.4719 | AE5: =IFERROR(AD5/12,"-") -> 168.53933 | AF5: =IFERROR(IF(W5="-","-",IF(W5<AA5,"BAIXO",IF(AND(W5>=AA5,W5<AC5),"MEDIO",IF(AND(W5>=AC5,W5<=AE5),"ALTO","-")))),"-") -> ALTO | AG5: =IFERROR(U5/SUMIFS(U:U,G:G,G5,H:H,H5,L:L,L5,A:A,A5,B:B,B5),0) -> 0.30612245 | AH5: {=IFERROR(V5/INDEX('Cadastro Talhão'!G:G,MATCH(1,('Cadastro Talhão'!B:B=G5)*('Cadastro Talhão'!C:C=H5),0)),"-")} -> 0.11538462 | AI5: {=IFERROR(IF(AJ5="EM ANDAMENTO",U5,IF(AJ5="FINALIZADO",INDEX('Cadastro Talhão'!G:G,MATCH(1,('Cadastro Talhão'!B:B=G5)*('Cadastro Talhão'!C:C=H5),0)),"-")),"-")} -> 1500 | AJ5: {=IFERROR(INDEX(Estoque!$A:$Z,MATCH(1,(Estoque!$E:$E='BDT''s'!G5)*(Estoque!$F:$F='BDT''s'!H5)*(Estoque!$B:$B='BDT''s'!B5),0),MATCH('BDT''s'!L5,Estoque!$1:$1,0)+4),"-")} -> EM ANDAMENTO
A6: =IFERROR(YEAR(I6),"-") -> 2026 | B6: =IFERROR(DATE(YEAR(I6),MONTH(I6),MONTH(I6)),"-") -> 46023 | C6: {=IFERROR(IF(INDEX('Cadastro Talhão'!A:A,MATCH(1,('Cadastro Talhão'!B:B='BDT''s'!G6)*('Cadastro Talhão'!C:C='BDT''s'!H6),0))=0,"-",INDEX('Cadastro Talhão'!A:A,MATCH(1,('Cadastro Talhão'!B:B='BDT''s'!G6)*('Cadastro Talhão'!C:C='BDT''s'!H6),0))),"-")} -> CONTRATO 1 | D6: {=IFERROR(INDEX('Cadastro Talhão'!H:H,MATCH(1,('Cadastro Talhão'!B:B='BDT''s'!G6)*('Cadastro Talhão'!C:C='BDT''s'!H6),0)),"-")} -> 1.9 | E6: {=IFERROR(INDEX('Cadastro Talhão'!F:F,MATCH(1,('Cadastro Talhão'!B:B='BDT''s'!G6)*('Cadastro Talhão'!C:C='BDT''s'!H6),0)),"-")} -> 0.15 | F6: =IFERROR(VLOOKUP(E6,VMI!A:B,2,FALSE),"-") -> 0,11 a 0,15 | G6: FAZENDA 1 | H6: 15 | I6: 46023 | J6: SKIDDER1 | K6: =IFERROR(VLOOKUP(J6,Cadastros!A:B,2,FALSE),"-") -> SKIDDER 1 | L6: =IFERROR(VLOOKUP(K6,Cadastros!B:D,3,FALSE),"-") -> ARRASTE | M6: {=IFERROR(INDEX(VMI!$A:$AAL,MATCH(1,(VMI!$A:$A=E6)*(VMI!$B:$B=F6),0),MATCH(L6,VMI!$1:$1,0)+1)*(AVERAGEIFS('Metas Produção'!I:I,'Metas Produção'!B:B,'BDT''s'!L6)),"-")} -> 132.35447 | N6: OPERADOR 5 | O6: TURNO 1 | P6: =IFERROR(COUNTIFS(O:O,O6,N:N,N6,I:I,I6,J:J,J6,C:C,C6),"-") -> 1 | Q6: 1200 | R6: 1208 | S6: =IFERROR(IF(R6="-",0,IF(R6-Q6<0,"-",R6-Q6)),"-") -> 8 | T6: {=IFERROR(U6/INDEX('Cadastro Talhão'!F:F,MATCH(1,('Cadastro Talhão'!B:B='BDT''s'!G6)*('Cadastro Talhão'!C:C='BDT''s'!H6)*('Cadastro Talhão'!A:A='BDT''s'!C6),0)),"-")} -> 3333.3333 | U6: 500 | V6: =IF(U6="-",0,IFERROR(IF(AJ6="FINALIZADO",AI6/SUMIFS(AG:AG,G:G,G6,H:H,H6,L:L,L6,A:A,A6,B:B,B6)*AG6,U6),U6)) -> 500 | W6: =IFERROR(U6/S6,"-") -> 62.5 | X6: {=IFERROR(U6/INDEX('Cadastro Talhão'!G:G,MATCH(1,('Cadastro Talhão'!B:B=G6)*('Cadastro Talhão'!C:C=H6),0))*INDEX('Cadastro Talhão'!D:D,MATCH(1,('Cadastro Talhão'!B:B=G6)*('Cadastro Talhão'!C:C=H6),0)),"-")} -> 0.6 | Y6: {=IFERROR(V6/INDEX('Cadastro Talhão'!G:G,MATCH(1,('Cadastro Talhão'!B:B=G6)*('Cadastro Talhão'!C:C=H6),0))*INDEX('Cadastro Talhão'!D:D,MATCH(1,('Cadastro Talhão'!B:B=G6)*('Cadastro Talhão'!C:C=H6),0)),"-")} -> 0.6 | Z6: {=IFERROR(INDEX('Metas Produção'!$A:$ZZ,MATCH(K6, 'Metas Produção'!$A:$A, 0),MATCH(F6, 'Metas Produção'!$1:$1, 0)+1)*12,"-")} -> 1688.5714 | AA6: =IFERROR(Z6/12,"-") -> 140.71429 | AB6: {=IFERROR(INDEX('Metas Produção'!$A:$ZZ,MATCH(K6, 'Metas Produção'!$A:$A, 0),MATCH(F6, 'Metas Produção'!$1:$1, 0)+2)*12,"-")} -> 1918.6652 | AC6: =IFERROR(AB6/12,"-") -> 159.88876 | AD6: {=IFERROR(INDEX('Metas Produção'!$A:$ZZ,MATCH(K6, 'Metas Produção'!$A:$A, 0),MATCH(F6, 'Metas Produção'!$1:$1, 0)+3)*12,"-")} -> 2280 | AE6: =IFERROR(AD6/12,"-") -> 190 | AF6: =IFERROR(IF(W6="-","-",IF(W6<AA6,"BAIXO",IF(AND(W6>=AA6,W6<AC6),"MEDIO",IF(AND(W6>=AC6,W6<=AE6),"ALTO","-")))),"-") -> BAIXO | AG6: =IFERROR(U6/SUMIFS(U:U,G:G,G6,H:H,H6,L:L,L6,A:A,A6,B:B,B6),0) -> 0.19920319 | AH6: {=IFERROR(V6/INDEX('Cadastro Talhão'!G:G,MATCH(1,('Cadastro Talhão'!B:B=G6)*('Cadastro Talhão'!C:C=H6),0)),"-")} -> 0.05 | AI6: {=IFERROR(IF(AJ6="EM ANDAMENTO",U6,IF(AJ6="FINALIZADO",INDEX('Cadastro Talhão'!G:G,MATCH(1,('Cadastro Talhão'!B:B=G6)*('Cadastro Talhão'!C:C=H6),0)),"-")),"-")} -> 500 | AJ6: {=IFERROR(INDEX(Estoque!$A:$Z,MATCH(1,(Estoque!$E:$E='BDT''s'!G6)*(Estoque!$F:$F='BDT''s'!H6)*(Estoque!$B:$B='BDT''s'!B6),0),MATCH('BDT''s'!L6,Estoque!$1:$1,0)+4),"-")} -> EM ANDAMENTO
A7: =IFERROR(YEAR(I7),"-") -> 2026 | B7: =IFERROR(DATE(YEAR(I7),MONTH(I7),MONTH(I7)),"-") -> 46023 | C7: {=IFERROR(IF(INDEX('Cadastro Talhão'!A:A,MATCH(1,('Cadastro Talhão'!B:B='BDT''s'!G7)*('Cadastro Talhão'!C:C='BDT''s'!H7),0))=0,"-",INDEX('Cadastro Talhão'!A:A,MATCH(1,('Cadastro Talhão'!B:B='BDT''s'!G7)*('Cadastro Talhão'!C:C='BDT''s'!H7),0))),"-")} -> CONTRATO 1 | D7: {=IFERROR(INDEX('Cadastro Talhão'!H:H,MATCH(1,('Cadastro Talhão'!B:B='BDT''s'!G7)*('Cadastro Talhão'!C:C='BDT''s'!H7),0)),"-")} -> 1.9 | E7: {=IFERROR(INDEX('Cadastro Talhão'!F:F,MATCH(1,('Cadastro Talhão'!B:B='BDT''s'!G7)*('Cadastro Talhão'!C:C='BDT''s'!H7),0)),"-")} -> 0.15 | F7: =IFERROR(VLOOKUP(E7,VMI!A:B,2,FALSE),"-") -> 0,11 a 0,15 | G7: FAZENDA 1 | H7: 15 | I7: 46023 | J7: SKIDDER1 | K7: =IFERROR(VLOOKUP(J7,Cadastros!A:B,2,FALSE),"-") -> SKIDDER 1 | L7: =IFERROR(VLOOKUP(K7,Cadastros!B:D,3,FALSE),"-") -> ARRASTE | M7: {=IFERROR(INDEX(VMI!$A:$AAL,MATCH(1,(VMI!$A:$A=E7)*(VMI!$B:$B=F7),0),MATCH(L7,VMI!$1:$1,0)+1)*(AVERAGEIFS('Metas Produção'!I:I,'Metas Produção'!B:B,'BDT''s'!L7)),"-")} -> 132.35447 | N7: OPERADOR 6 | O7: TURNO 2 | P7: =IFERROR(COUNTIFS(O:O,O7,N:N,N7,I:I,I7,J:J,J7,C:C,C7),"-") -> 1 | Q7: =IFERROR(_xlfn.MAXIFS($R$1:R6,$K$1:K6,K7),"-") -> 1208 | R7: 1215 | S7: =IFERROR(IF(R7="-",0,IF(R7-Q7<0,"-",R7-Q7)),"-") -> 7 | T7: {=IFERROR(U7/INDEX('Cadastro Talhão'!F:F,MATCH(1,('Cadastro Talhão'!B:B='BDT''s'!G7)*('Cadastro Talhão'!C:C='BDT''s'!H7)*('Cadastro Talhão'!A:A='BDT''s'!C7),0)),"-")} -> 4333.3333 | U7: 650 | V7: =IF(U7="-",0,IFERROR(IF(AJ7="FINALIZADO",AI7/SUMIFS(AG:AG,G:G,G7,H:H,H7,L:L,L7,A:A,A7,B:B,B7)*AG7,U7),U7)) -> 650 | W7: =IFERROR(U7/S7,"-") -> 92.857143 | X7: {=IFERROR(U7/INDEX('Cadastro Talhão'!G:G,MATCH(1,('Cadastro Talhão'!B:B=G7)*('Cadastro Talhão'!C:C=H7),0))*INDEX('Cadastro Talhão'!D:D,MATCH(1,('Cadastro Talhão'!B:B=G7)*('Cadastro Talhão'!C:C=H7),0)),"-")} -> 0.78 | Y7: {=IFERROR(V7/INDEX('Cadastro Talhão'!G:G,MATCH(1,('Cadastro Talhão'!B:B=G7)*('Cadastro Talhão'!C:C=H7),0))*INDEX('Cadastro Talhão'!D:D,MATCH(1,('Cadastro Talhão'!B:B=G7)*('Cadastro Talhão'!C:C=H7),0)),"-")} -> 0.78 | Z7: {=IFERROR(INDEX('Metas Produção'!$A:$ZZ,MATCH(K7, 'Metas Produção'!$A:$A, 0),MATCH(F7, 'Metas Produção'!$1:$1, 0)+1)*12,"-")} -> 1688.5714 | AA7: =IFERROR(Z7/12,"-") -> 140.71429 | AB7: {=IFERROR(INDEX('Metas Produção'!$A:$ZZ,MATCH(K7, 'Metas Produção'!$A:$A, 0),MATCH(F7, 'Metas Produção'!$1:$1, 0)+2)*12,"-")} -> 1918.6652 | AC7: =IFERROR(AB7/12,"-") -> 159.88876 | AD7: {=IFERROR(INDEX('Metas Produção'!$A:$ZZ,MATCH(K7, 'Metas Produção'!$A:$A, 0),MATCH(F7, 'Metas Produção'!$1:$1, 0)+3)*12,"-")} -> 2280 | AE7: =IFERROR(AD7/12,"-") -> 190 | AF7: =IFERROR(IF(W7="-","-",IF(W7<AA7,"BAIXO",IF(AND(W7>=AA7,W7<AC7),"MEDIO",IF(AND(W7>=AC7,W7<=AE7),"ALTO","-")))),"-") -> BAIXO | AG7: =IFERROR(U7/SUMIFS(U:U,G:G,G7,H:H,H7,L:L,L7,A:A,A7,B:B,B7),0) -> 0.25896414 | AH7: {=IFERROR(V7/INDEX('Cadastro Talhão'!G:G,MATCH(1,('Cadastro Talhão'!B:B=G7)*('Cadastro Talhão'!C:C=H7),0)),"-")} -> 0.065 | AI7: {=IFERROR(IF(AJ7="EM ANDAMENTO",U7,IF(AJ7="FINALIZADO",INDEX('Cadastro Talhão'!G:G,MATCH(1,('Cadastro Talhão'!B:B=G7)*('Cadastro Talhão'!C:C=H7),0)),"-")),"-")} -> 650 | AJ7: {=IFERROR(INDEX(Estoque!$A:$Z,MATCH(1,(Estoque!$E:$E='BDT''s'!G7)*(Estoque!$F:$F='BDT''s'!H7)*(Estoque!$B:$B='BDT''s'!B7),0),MATCH('BDT''s'!L7,Estoque!$1:$1,0)+4),"-")} -> EM ANDAMENTO
A8: =IFERROR(YEAR(I8),"-") -> 2026 | B8: =IFERROR(DATE(YEAR(I8),MONTH(I8),MONTH(I8)),"-") -> 46023 | C8: {=IFERROR(IF(INDEX('Cadastro Talhão'!A:A,MATCH(1,('Cadastro Talhão'!B:B='BDT''s'!G8)*('Cadastro Talhão'!C:C='BDT''s'!H8),0))=0,"-",INDEX('Cadastro Talhão'!A:A,MATCH(1,('Cadastro Talhão'!B:B='BDT''s'!G8)*('Cadastro Talhão'!C:C='BDT''s'!H8),0))),"-")} -> CONTRATO 1 | D8: {=IFERROR(INDEX('Cadastro Talhão'!H:H,MATCH(1,('Cadastro Talhão'!B:B='BDT''s'!G8)*('Cadastro Talhão'!C:C='BDT''s'!H8),0)),"-")} -> 1.9 | E8: {=IFERROR(INDEX('Cadastro Talhão'!F:F,MATCH(1,('Cadastro Talhão'!B:B='BDT''s'!G8)*('Cadastro Talhão'!C:C='BDT''s'!H8),0)),"-")} -> 0.16 | F8: =IFERROR(VLOOKUP(E8,VMI!A:B,2,FALSE),"-") -> 0,16 a 0,20 | G8: FAZENDA 1 | H8: 25 | I8: 46023 | J8: SKIDDER2 | K8: =IFERROR(VLOOKUP(J8,Cadastros!A:B,2,FALSE),"-") -> SKIDDER 2 | L8: =IFERROR(VLOOKUP(K8,Cadastros!B:D,3,FALSE),"-") -> ARRASTE | M8: {=IFERROR(INDEX(VMI!$A:$AAL,MATCH(1,(VMI!$A:$A=E8)*(VMI!$B:$B=F8),0),MATCH(L8,VMI!$1:$1,0)+1)*(AVERAGEIFS('Metas Produção'!I:I,'Metas Produção'!B:B,'BDT''s'!L8)),"-")} -> 96.809138 | N8: OPERADOR 7 | O8: TURNO 1 | P8: =IFERROR(COUNTIFS(O:O,O8,N:N,N8,I:I,I8,J:J,J8,C:C,C8),"-") -> 1 | Q8: 2100 | R8: 2109 | S8: =IFERROR(IF(R8="-",0,IF(R8-Q8<0,"-",R8-Q8)),"-") -> 9 | T8: {=IFERROR(U8/INDEX('Cadastro Talhão'!F:F,MATCH(1,('Cadastro Talhão'!B:B='BDT''s'!G8)*('Cadastro Talhão'!C:C='BDT''s'!H8)*('Cadastro Talhão'!A:A='BDT''s'!C8),0)),"-")} -> 4375 | U8: 700 | V8: =IF(U8="-",0,IFERROR(IF(AJ8="FINALIZADO",AI8/SUMIFS(AG:AG,G:G,G8,H:H,H8,L:L,L8,A:A,A8,B:B,B8)*AG8,U8),U8)) -> 700 | W8: =IFERROR(U8/S8,"-") -> 77.777778 | X8: {=IFERROR(U8/INDEX('Cadastro Talhão'!G:G,MATCH(1,('Cadastro Talhão'!B:B=G8)*('Cadastro Talhão'!C:C=H8),0))*INDEX('Cadastro Talhão'!D:D,MATCH(1,('Cadastro Talhão'!B:B=G8)*('Cadastro Talhão'!C:C=H8),0)),"-")} -> 0.53846154 | Y8: {=IFERROR(V8/INDEX('Cadastro Talhão'!G:G,MATCH(1,('Cadastro Talhão'!B:B=G8)*('Cadastro Talhão'!C:C=H8),0))*INDEX('Cadastro Talhão'!D:D,MATCH(1,('Cadastro Talhão'!B:B=G8)*('Cadastro Talhão'!C:C=H8),0)),"-")} -> 0.53846154 | Z8: {=IFERROR(INDEX('Metas Produção'!$A:$ZZ,MATCH(K8, 'Metas Produção'!$A:$A, 0),MATCH(F8, 'Metas Produção'!$1:$1, 0)+1)*12,"-")} -> 1088.3333 | AA8: =IFERROR(Z8/12,"-") -> 90.694444 | AB8: {=IFERROR(INDEX('Metas Produção'!$A:$ZZ,MATCH(K8, 'Metas Produção'!$A:$A, 0),MATCH(F8, 'Metas Produção'!$1:$1, 0)+2)*12,"-")} -> 1089.6987 | AC8: =IFERROR(AB8/12,"-") -> 90.808223 | AD8: {=IFERROR(INDEX('Metas Produção'!$A:$ZZ,MATCH(K8, 'Metas Produção'!$A:$A, 0),MATCH(F8, 'Metas Produção'!$1:$1, 0)+3)*12,"-")} -> 1440 | AE8: =IFERROR(AD8/12,"-") -> 120 | AF8: =IFERROR(IF(W8="-","-",IF(W8<AA8,"BAIXO",IF(AND(W8>=AA8,W8<AC8),"MEDIO",IF(AND(W8>=AC8,W8<=AE8),"ALTO","-")))),"-") -> BAIXO | AG8: =IFERROR(U8/SUMIFS(U:U,G:G,G8,H:H,H8,L:L,L8,A:A,A8,B:B,B8),0) -> 0.23178808 | AH8: {=IFERROR(V8/INDEX('Cadastro Talhão'!G:G,MATCH(1,('Cadastro Talhão'!B:B=G8)*('Cadastro Talhão'!C:C=H8),0)),"-")} -> 0.053846154 | AI8: {=IFERROR(IF(AJ8="EM ANDAMENTO",U8,IF(AJ8="FINALIZADO",INDEX('Cadastro Talhão'!G:G,MATCH(1,('Cadastro Talhão'!B:B=G8)*('Cadastro Talhão'!C:C=H8),0)),"-")),"-")} -> 700 | AJ8: {=IFERROR(INDEX(Estoque!$A:$Z,MATCH(1,(Estoque!$E:$E='BDT''s'!G8)*(Estoque!$F:$F='BDT''s'!H8)*(Estoque!$B:$B='BDT''s'!B8),0),MATCH('BDT''s'!L8,Estoque!$1:$1,0)+4),"-")} -> EM ANDAMENTO
A9: =IFERROR(YEAR(I9),"-") -> 2026 | B9: =IFERROR(DATE(YEAR(I9),MONTH(I9),MONTH(I9)),"-") -> 46023 | C9: {=IFERROR(IF(INDEX('Cadastro Talhão'!A:A,MATCH(1,('Cadastro Talhão'!B:B='BDT''s'!G9)*('Cadastro Talhão'!C:C='BDT''s'!H9),0))=0,"-",INDEX('Cadastro Talhão'!A:A,MATCH(1,('Cadastro Talhão'!B:B='BDT''s'!G9)*('Cadastro Talhão'!C:C='BDT''s'!H9),0))),"-")} -> CONTRATO 1 | D9: {=IFERROR(INDEX('Cadastro Talhão'!H:H,MATCH(1,('Cadastro Talhão'!B:B='BDT''s'!G9)*('Cadastro Talhão'!C:C='BDT''s'!H9),0)),"-")} -> 1.9 | E9: {=IFERROR(INDEX('Cadastro Talhão'!F:F,MATCH(1,('Cadastro Talhão'!B:B='BDT''s'!G9)*('Cadastro Talhão'!C:C='BDT''s'!H9),0)),"-")} -> 0.16 | F9: =IFERROR(VLOOKUP(E9,VMI!A:B,2,FALSE),"-") -> 0,16 a 0,20 | G9: FAZENDA 1 | H9: 25 | I9: 46023 | J9: SKIDDER2 | K9: =IFERROR(VLOOKUP(J9,Cadastros!A:B,2,FALSE),"-") -> SKIDDER 2 | L9: =IFERROR(VLOOKUP(K9,Cadastros!B:D,3,FALSE),"-") -> ARRASTE | M9: {=IFERROR(INDEX(VMI!$A:$AAL,MATCH(1,(VMI!$A:$A=E9)*(VMI!$B:$B=F9),0),MATCH(L9,VMI!$1:$1,0)+1)*(AVERAGEIFS('Metas Produção'!I:I,'Metas Produção'!B:B,'BDT''s'!L9)),"-")} -> 96.809138 | N9: OPERADOR 8 | O9: TURNO 2 | P9: =IFERROR(COUNTIFS(O:O,O9,N:N,N9,I:I,I9,J:J,J9,C:C,C9),"-") -> 1 | Q9: =IFERROR(_xlfn.MAXIFS($R$1:R8,$K$1:K8,K9),"-") -> 2109 | R9: 2120 | S9: =IFERROR(IF(R9="-",0,IF(R9-Q9<0,"-",R9-Q9)),"-") -> 11 | T9: {=IFERROR(U9/INDEX('Cadastro Talhão'!F:F,MATCH(1,('Cadastro Talhão'!B:B='BDT''s'!G9)*('Cadastro Talhão'!C:C='BDT''s'!H9)*('Cadastro Talhão'!A:A='BDT''s'!C9),0)),"-")} -> 5125 | U9: 820 | V9: =IF(U9="-",0,IFERROR(IF(AJ9="FINALIZADO",AI9/SUMIFS(AG:AG,G:G,G9,H:H,H9,L:L,L9,A:A,A9,B:B,B9)*AG9,U9),U9)) -> 820 | W9: =IFERROR(U9/S9,"-") -> 74.545455 | X9: {=IFERROR(U9/INDEX('Cadastro Talhão'!G:G,MATCH(1,('Cadastro Talhão'!B:B=G9)*('Cadastro Talhão'!C:C=H9),0))*INDEX('Cadastro Talhão'!D:D,MATCH(1,('Cadastro Talhão'!B:B=G9)*('Cadastro Talhão'!C:C=H9),0)),"-")} -> 0.63076923 | Y9: {=IFERROR(V9/INDEX('Cadastro Talhão'!G:G,MATCH(1,('Cadastro Talhão'!B:B=G9)*('Cadastro Talhão'!C:C=H9),0))*INDEX('Cadastro Talhão'!D:D,MATCH(1,('Cadastro Talhão'!B:B=G9)*('Cadastro Talhão'!C:C=H9),0)),"-")} -> 0.63076923 | Z9: {=IFERROR(INDEX('Metas Produção'!$A:$ZZ,MATCH(K9, 'Metas Produção'!$A:$A, 0),MATCH(F9, 'Metas Produção'!$1:$1, 0)+1)*12,"-")} -> 1088.3333 | AA9: =IFERROR(Z9/12,"-") -> 90.694444 | AB9: {=IFERROR(INDEX('Metas Produção'!$A:$ZZ,MATCH(K9, 'Metas Produção'!$A:$A, 0),MATCH(F9, 'Metas Produção'!$1:$1, 0)+2)*12,"-")} -> 1089.6987 | AC9: =IFERROR(AB9/12,"-") -> 90.808223 | AD9: {=IFERROR(INDEX('Metas Produção'!$A:$ZZ,MATCH(K9, 'Metas Produção'!$A:$A, 0),MATCH(F9, 'Metas Produção'!$1:$1, 0)+3)*12,"-")} -> 1440 | AE9: =IFERROR(AD9/12,"-") -> 120 | AF9: =IFERROR(IF(W9="-","-",IF(W9<AA9,"BAIXO",IF(AND(W9>=AA9,W9<AC9),"MEDIO",IF(AND(W9>=AC9,W9<=AE9),"ALTO","-")))),"-") -> BAIXO | AG9: =IFERROR(U9/SUMIFS(U:U,G:G,G9,H:H,H9,L:L,L9,A:A,A9,B:B,B9),0) -> 0.27152318 | AH9: {=IFERROR(V9/INDEX('Cadastro Talhão'!G:G,MATCH(1,('Cadastro Talhão'!B:B=G9)*('Cadastro Talhão'!C:C=H9),0)),"-")} -> 0.063076923 | AI9: {=IFERROR(IF(AJ9="EM ANDAMENTO",U9,IF(AJ9="FINALIZADO",INDEX('Cadastro Talhão'!G:G,MATCH(1,('Cadastro Talhão'!B:B=G9)*('Cadastro Talhão'!C:C=H9),0)),"-")),"-")} -> 820 | AJ9: {=IFERROR(INDEX(Estoque!$A:$Z,MATCH(1,(Estoque!$E:$E='BDT''s'!G9)*(Estoque!$F:$F='BDT''s'!H9)*(Estoque!$B:$B='BDT''s'!B9),0),MATCH('BDT''s'!L9,Estoque!$1:$1,0)+4),"-")} -> EM ANDAMENTO
A10: =IFERROR(YEAR(I10),"-") -> 2026 | B10: =IFERROR(DATE(YEAR(I10),MONTH(I10),MONTH(I10)),"-") -> 46023 | C10: {=IFERROR(IF(INDEX('Cadastro Talhão'!A:A,MATCH(1,('Cadastro Talhão'!B:B='BDT''s'!G10)*('Cadastro Talhão'!C:C='BDT''s'!H10),0))=0,"-",INDEX('Cadastro Talhão'!A:A,MATCH(1,('Cadastro Talhão'!B:B='BDT''s'!G10)*('Cadastro Talhão'!C:C='BDT''s'!H10),0))),"-")} -> CONTRATO 1 | D10: {=IFERROR(INDEX('Cadastro Talhão'!H:H,MATCH(1,('Cadastro Talhão'!B:B='BDT''s'!G10)*('Cadastro Talhão'!C:C='BDT''s'!H10),0)),"-")} -> 1.9 | E10: {=IFERROR(INDEX('Cadastro Talhão'!F:F,MATCH(1,('Cadastro Talhão'!B:B='BDT''s'!G10)*('Cadastro Talhão'!C:C='BDT''s'!H10),0)),"-")} -> 0.15 | F10: =IFERROR(VLOOKUP(E10,VMI!A:B,2,FALSE),"-") -> 0,11 a 0,15 | G10: FAZENDA 1 | H10: 15 | I10: 46023 | J10: GARRA1 | K10: =IFERROR(VLOOKUP(J10,Cadastros!A:B,2,FALSE),"-") -> GARRA TRAÇADORA 1 | L10: =IFERROR(VLOOKUP(K10,Cadastros!B:D,3,FALSE),"-") -> TRAÇAMENTO | M10: {=IFERROR(INDEX(VMI!$A:$AAL,MATCH(1,(VMI!$A:$A=E10)*(VMI!$B:$B=F10),0),MATCH(L10,VMI!$1:$1,0)+1)*(AVERAGEIFS('Metas Produção'!I:I,'Metas Produção'!B:B,'BDT''s'!L10)),"-")} -> 64.881272 | N10: OPERADOR 9 | O10: TURNO 1 | P10: =IFERROR(COUNTIFS(O:O,O10,N:N,N10,I:I,I10,J:J,J10,C:C,C10),"-") -> 1 | Q10: 500 | R10: 512 | S10: =IFERROR(IF(R10="-",0,IF(R10-Q10<0,"-",R10-Q10)),"-") -> 12 | T10: {=IFERROR(U10/INDEX('Cadastro Talhão'!F:F,MATCH(1,('Cadastro Talhão'!B:B='BDT''s'!G10)*('Cadastro Talhão'!C:C='BDT''s'!H10)*('Cadastro Talhão'!A:A='BDT''s'!C10),0)),"-")} -> 2866.6667 | U10: 430 | V10: =IF(U10="-",0,IFERROR(IF(AJ10="FINALIZADO",AI10/SUMIFS(AG:AG,G:G,G10,H:H,H10,L:L,L10,A:A,A10,B:B,B10)*AG10,U10),U10)) -> 430 | W10: =IFERROR(U10/S10,"-") -> 35.833333 | X10: {=IFERROR(U10/INDEX('Cadastro Talhão'!G:G,MATCH(1,('Cadastro Talhão'!B:B=G10)*('Cadastro Talhão'!C:C=H10),0))*INDEX('Cadastro Talhão'!D:D,MATCH(1,('Cadastro Talhão'!B:B=G10)*('Cadastro Talhão'!C:C=H10),0)),"-")} -> 0.516 | Y10: {=IFERROR(V10/INDEX('Cadastro Talhão'!G:G,MATCH(1,('Cadastro Talhão'!B:B=G10)*('Cadastro Talhão'!C:C=H10),0))*INDEX('Cadastro Talhão'!D:D,MATCH(1,('Cadastro Talhão'!B:B=G10)*('Cadastro Talhão'!C:C=H10),0)),"-")} -> 0.516 | Z10: {=IFERROR(INDEX('Metas Produção'!$A:$ZZ,MATCH(K10, 'Metas Produção'!$A:$A, 0),MATCH(F10, 'Metas Produção'!$1:$1, 0)+1)*12,"-")} -> 809.16667 | AA10: =IFERROR(Z10/12,"-") -> 67.430556 | AB10: {=IFERROR(INDEX('Metas Produção'!$A:$ZZ,MATCH(K10, 'Metas Produção'!$A:$A, 0),MATCH(F10, 'Metas Produção'!$1:$1, 0)+2)*12,"-")} -> 897.94381 | AC10: =IFERROR(AB10/12,"-") -> 74.828651 | AD10: {=IFERROR(INDEX('Metas Produção'!$A:$ZZ,MATCH(K10, 'Metas Produção'!$A:$A, 0),MATCH(F10, 'Metas Produção'!$1:$1, 0)+3)*12,"-")} -> 900 | AE10: =IFERROR(AD10/12,"-") -> 75 | AF10: =IFERROR(IF(W10="-","-",IF(W10<AA10,"BAIXO",IF(AND(W10>=AA10,W10<AC10),"MEDIO",IF(AND(W10>=AC10,W10<=AE10),"ALTO","-")))),"-") -> BAIXO | AG10: =IFERROR(U10/SUMIFS(U:U,G:G,G10,H:H,H10,L:L,L10,A:A,A10,B:B,B10),0) -> 0.21287129 | AH10: {=IFERROR(V10/INDEX('Cadastro Talhão'!G:G,MATCH(1,('Cadastro Talhão'!B:B=G10)*('Cadastro Talhão'!C:C=H10),0)),"-")} -> 0.043 | AI10: {=IFERROR(IF(AJ10="EM ANDAMENTO",U10,IF(AJ10="FINALIZADO",INDEX('Cadastro Talhão'!G:G,MATCH(1,('Cadastro Talhão'!B:B=G10)*('Cadastro Talhão'!C:C=H10),0)),"-")),"-")} -> 430 | AJ10: {=IFERROR(INDEX(Estoque!$A:$Z,MATCH(1,(Estoque!$E:$E='BDT''s'!G10)*(Estoque!$F:$F='BDT''s'!H10)*(Estoque!$B:$B='BDT''s'!B10),0),MATCH('BDT''s'!L10,Estoque!$1:$1,0)+4),"-")} -> EM ANDAMENTO
A11: =IFERROR(YEAR(I11),"-") -> 2026 | B11: =IFERROR(DATE(YEAR(I11),MONTH(I11),MONTH(I11)),"-") -> 46023 | C11: {=IFERROR(IF(INDEX('Cadastro Talhão'!A:A,MATCH(1,('Cadastro Talhão'!B:B='BDT''s'!G11)*('Cadastro Talhão'!C:C='BDT''s'!H11),0))=0,"-",INDEX('Cadastro Talhão'!A:A,MATCH(1,('Cadastro Talhão'!B:B='BDT''s'!G11)*('Cadastro Talhão'!C:C='BDT''s'!H11),0))),"-")} -> CONTRATO 1 | D11: {=IFERROR(INDEX('Cadastro Talhão'!H:H,MATCH(1,('Cadastro Talhão'!B:B='BDT''s'!G11)*('Cadastro Talhão'!C:C='BDT''s'!H11),0)),"-")} -> 1.9 | E11: {=IFERROR(INDEX('Cadastro Talhão'!F:F,MATCH(1,('Cadastro Talhão'!B:B='BDT''s'!G11)*('Cadastro Talhão'!C:C='BDT''s'!H11),0)),"-")} -> 0.15 | F11: =IFERROR(VLOOKUP(E11,VMI!A:B,2,FALSE),"-") -> 0,11 a 0,15 | G11: FAZENDA 1 | H11: 15 | I11: 46023 | J11: GARRA1 | K11: =IFERROR(VLOOKUP(J11,Cadastros!A:B,2,FALSE),"-") -> GARRA TRAÇADORA 1 | L11: =IFERROR(VLOOKUP(K11,Cadastros!B:D,3,FALSE),"-") -> TRAÇAMENTO | M11: {=IFERROR(INDEX(VMI!$A:$AAL,MATCH(1,(VMI!$A:$A=E11)*(VMI!$B:$B=F11),0),MATCH(L11,VMI!$1:$1,0)+1)*(AVERAGEIFS('Metas Produção'!I:I,'Metas Produção'!B:B,'BDT''s'!L11)),"-")} -> 64.881272 | N11: OPERADOR 10 | O11: TURNO 2 | P11: =IFERROR(COUNTIFS(O:O,O11,N:N,N11,I:I,I11,J:J,J11,C:C,C11),"-") -> 1 | Q11: =IFERROR(_xlfn.MAXIFS($R$1:R10,$K$1:K10,K11),"-") -> 512 | R11: 520 | S11: =IFERROR(IF(R11="-",0,IF(R11-Q11<0,"-",R11-Q11)),"-") -> 8 | T11: {=IFERROR(U11/INDEX('Cadastro Talhão'!F:F,MATCH(1,('Cadastro Talhão'!B:B='BDT''s'!G11)*('Cadastro Talhão'!C:C='BDT''s'!H11)*('Cadastro Talhão'!A:A='BDT''s'!C11),0)),"-")} -> 4000 | U11: 600 | V11: =IF(U11="-",0,IFERROR(IF(AJ11="FINALIZADO",AI11/SUMIFS(AG:AG,G:G,G11,H:H,H11,L:L,L11,A:A,A11,B:B,B11)*AG11,U11),U11)) -> 600 | W11: =IFERROR(U11/S11,"-") -> 75 | X11: {=IFERROR(U11/INDEX('Cadastro Talhão'!G:G,MATCH(1,('Cadastro Talhão'!B:B=G11)*('Cadastro Talhão'!C:C=H11),0))*INDEX('Cadastro Talhão'!D:D,MATCH(1,('Cadastro Talhão'!B:B=G11)*('Cadastro Talhão'!C:C=H11),0)),"-")} -> 0.72 | Y11: {=IFERROR(V11/INDEX('Cadastro Talhão'!G:G,MATCH(1,('Cadastro Talhão'!B:B=G11)*('Cadastro Talhão'!C:C=H11),0))*INDEX('Cadastro Talhão'!D:D,MATCH(1,('Cadastro Talhão'!B:B=G11)*('Cadastro Talhão'!C:C=H11),0)),"-")} -> 0.72 | Z11: {=IFERROR(INDEX('Metas Produção'!$A:$ZZ,MATCH(K11, 'Metas Produção'!$A:$A, 0),MATCH(F11, 'Metas Produção'!$1:$1, 0)+1)*12,"-")} -> 809.16667 | AA11: =IFERROR(Z11/12,"-") -> 67.430556 | AB11: {=IFERROR(INDEX('Metas Produção'!$A:$ZZ,MATCH(K11, 'Metas Produção'!$A:$A, 0),MATCH(F11, 'Metas Produção'!$1:$1, 0)+2)*12,"-")} -> 897.94381 | AC11: =IFERROR(AB11/12,"-") -> 74.828651 | AD11: {=IFERROR(INDEX('Metas Produção'!$A:$ZZ,MATCH(K11, 'Metas Produção'!$A:$A, 0),MATCH(F11, 'Metas Produção'!$1:$1, 0)+3)*12,"-")} -> 900 | AE11: =IFERROR(AD11/12,"-") -> 75 | AF11: =IFERROR(IF(W11="-","-",IF(W11<AA11,"BAIXO",IF(AND(W11>=AA11,W11<AC11),"MEDIO",IF(AND(W11>=AC11,W11<=AE11),"ALTO","-")))),"-") -> ALTO | AG11: =IFERROR(U11/SUMIFS(U:U,G:G,G11,H:H,H11,L:L,L11,A:A,A11,B:B,B11),0) -> 0.2970297 | AH11: {=IFERROR(V11/INDEX('Cadastro Talhão'!G:G,MATCH(1,('Cadastro Talhão'!B:B=G11)*('Cadastro Talhão'!C:C=H11),0)),"-")} -> 0.06 | AI11: {=IFERROR(IF(AJ11="EM ANDAMENTO",U11,IF(AJ11="FINALIZADO",INDEX('Cadastro Talhão'!G:G,MATCH(1,('Cadastro Talhão'!B:B=G11)*('Cadastro Talhão'!C:C=H11),0)),"-")),"-")} -> 600 | AJ11: {=IFERROR(INDEX(Estoque!$A:$Z,MATCH(1,(Estoque!$E:$E='BDT''s'!G11)*(Estoque!$F:$F='BDT''s'!H11)*(Estoque!$B:$B='BDT''s'!B11),0),MATCH('BDT''s'!L11,Estoque!$1:$1,0)+4),"-")} -> EM ANDAMENTO
A12: =IFERROR(YEAR(I12),"-") -> 2026 | B12: =IFERROR(DATE(YEAR(I12),MONTH(I12),MONTH(I12)),"-") -> 46023 | C12: {=IFERROR(IF(INDEX('Cadastro Talhão'!A:A,MATCH(1,('Cadastro Talhão'!B:B='BDT''s'!G12)*('Cadastro Talhão'!C:C='BDT''s'!H12),0))=0,"-",INDEX('Cadastro Talhão'!A:A,MATCH(1,('Cadastro Talhão'!B:B='BDT''s'!G12)*('Cadastro Talhão'!C:C='BDT''s'!H12),0))),"-")} -> CONTRATO 1 | D12: {=IFERROR(INDEX('Cadastro Talhão'!H:H,MATCH(1,('Cadastro Talhão'!B:B='BDT''s'!G12)*('Cadastro Talhão'!C:C='BDT''s'!H12),0)),"-")} -> 1.9 | E12: {=IFERROR(INDEX('Cadastro Talhão'!F:F,MATCH(1,('Cadastro Talhão'!B:B='BDT''s'!G12)*('Cadastro Talhão'!C:C='BDT''s'!H12),0)),"-")} -> 0.16 | F12: =IFERROR(VLOOKUP(E12,VMI!A:B,2,FALSE),"-") -> 0,16 a 0,20 | G12: FAZENDA 1 | H12: 25 | I12: 46023 | J12: GARRA2 | K12: =IFERROR(VLOOKUP(J12,Cadastros!A:B,2,FALSE),"-") -> GARRA TRAÇADORA 2 | L12: =IFERROR(VLOOKUP(K12,Cadastros!B:D,3,FALSE),"-") -> TRAÇAMENTO | M12: {=IFERROR(INDEX(VMI!$A:$AAL,MATCH(1,(VMI!$A:$A=E12)*(VMI!$B:$B=F12),0),MATCH(L12,VMI!$1:$1,0)+1)*(AVERAGEIFS('Metas Produção'!I:I,'Metas Produção'!B:B,'BDT''s'!L12)),"-")} -> 82.751429 | N12: OPERADOR 11 | O12: TURNO 1 | P12: =IFERROR(COUNTIFS(O:O,O12,N:N,N12,I:I,I12,J:J,J12,C:C,C12),"-") -> 1 | Q12: 700 | R12: 705 | S12: =IFERROR(IF(R12="-",0,IF(R12-Q12<0,"-",R12-Q12)),"-") -> 5 | T12: {=IFERROR(U12/INDEX('Cadastro Talhão'!F:F,MATCH(1,('Cadastro Talhão'!B:B='BDT''s'!G12)*('Cadastro Talhão'!C:C='BDT''s'!H12)*('Cadastro Talhão'!A:A='BDT''s'!C12),0)),"-")} -> 2187.5 | U12: 350 | V12: =IF(U12="-",0,IFERROR(IF(AJ12="FINALIZADO",AI12/SUMIFS(AG:AG,G:G,G12,H:H,H12,L:L,L12,A:A,A12,B:B,B12)*AG12,U12),U12)) -> 350 | W12: =IFERROR(U12/S12,"-") -> 70 | X12: {=IFERROR(U12/INDEX('Cadastro Talhão'!G:G,MATCH(1,('Cadastro Talhão'!B:B=G12)*('Cadastro Talhão'!C:C=H12),0))*INDEX('Cadastro Talhão'!D:D,MATCH(1,('Cadastro Talhão'!B:B=G12)*('Cadastro Talhão'!C:C=H12),0)),"-")} -> 0.26923077 | Y12: {=IFERROR(V12/INDEX('Cadastro Talhão'!G:G,MATCH(1,('Cadastro Talhão'!B:B=G12)*('Cadastro Talhão'!C:C=H12),0))*INDEX('Cadastro Talhão'!D:D,MATCH(1,('Cadastro Talhão'!B:B=G12)*('Cadastro Talhão'!C:C=H12),0)),"-")} -> 0.26923077 | Z12: {=IFERROR(INDEX('Metas Produção'!$A:$ZZ,MATCH(K12, 'Metas Produção'!$A:$A, 0),MATCH(F12, 'Metas Produção'!$1:$1, 0)+1)*12,"-")} -> 954 | AA12: =IFERROR(Z12/12,"-") -> 79.5 | AB12: {=IFERROR(INDEX('Metas Produção'!$A:$ZZ,MATCH(K12, 'Metas Produção'!$A:$A, 0),MATCH(F12, 'Metas Produção'!$1:$1, 0)+2)*12,"-")} -> 978.61935 | AC12: =IFERROR(AB12/12,"-") -> 81.551613 | AD12: {=IFERROR(INDEX('Metas Produção'!$A:$ZZ,MATCH(K12, 'Metas Produção'!$A:$A, 0),MATCH(F12, 'Metas Produção'!$1:$1, 0)+3)*12,"-")} -> 1152 | AE12: =IFERROR(AD12/12,"-") -> 96 | AF12: =IFERROR(IF(W12="-","-",IF(W12<AA12,"BAIXO",IF(AND(W12>=AA12,W12<AC12),"MEDIO",IF(AND(W12>=AC12,W12<=AE12),"ALTO","-")))),"-") -> BAIXO | AG12: =IFERROR(U12/SUMIFS(U:U,G:G,G12,H:H,H12,L:L,L12,A:A,A12,B:B,B12),0) -> 0.17948718 | AH12: {=IFERROR(V12/INDEX('Cadastro Talhão'!G:G,MATCH(1,('Cadastro Talhão'!B:B=G12)*('Cadastro Talhão'!C:C=H12),0)),"-")} -> 0.026923077 | AI12: {=IFERROR(IF(AJ12="EM ANDAMENTO",U12,IF(AJ12="FINALIZADO",INDEX('Cadastro Talhão'!G:G,MATCH(1,('Cadastro Talhão'!B:B=G12)*('Cadastro Talhão'!C:C=H12),0)),"-")),"-")} -> 350 | AJ12: {=IFERROR(INDEX(Estoque!$A:$Z,MATCH(1,(Estoque!$E:$E='BDT''s'!G12)*(Estoque!$F:$F='BDT''s'!H12)*(Estoque!$B:$B='BDT''s'!B12),0),MATCH('BDT''s'!L12,Estoque!$1:$1,0)+4),"-")} -> EM ANDAMENTO
A13: =IFERROR(YEAR(I13),"-") -> 2026 | B13: =IFERROR(DATE(YEAR(I13),MONTH(I13),MONTH(I13)),"-") -> 46023 | C13: {=IFERROR(IF(INDEX('Cadastro Talhão'!A:A,MATCH(1,('Cadastro Talhão'!B:B='BDT''s'!G13)*('Cadastro Talhão'!C:C='BDT''s'!H13),0))=0,"-",INDEX('Cadastro Talhão'!A:A,MATCH(1,('Cadastro Talhão'!B:B='BDT''s'!G13)*('Cadastro Talhão'!C:C='BDT''s'!H13),0))),"-")} -> CONTRATO 1 | D13: {=IFERROR(INDEX('Cadastro Talhão'!H:H,MATCH(1,('Cadastro Talhão'!B:B='BDT''s'!G13)*('Cadastro Talhão'!C:C='BDT''s'!H13),0)),"-")} -> 1.9 | E13: {=IFERROR(INDEX('Cadastro Talhão'!F:F,MATCH(1,('Cadastro Talhão'!B:B='BDT''s'!G13)*('Cadastro Talhão'!C:C='BDT''s'!H13),0)),"-")} -> 0.16 | F13: =IFERROR(VLOOKUP(E13,VMI!A:B,2,FALSE),"-") -> 0,16 a 0,20 | G13: FAZENDA 1 | H13: 25 | I13: 46023 | J13: GARRA2 | K13: =IFERROR(VLOOKUP(J13,Cadastros!A:B,2,FALSE),"-") -> GARRA TRAÇADORA 2 | L13: =IFERROR(VLOOKUP(K13,Cadastros!B:D,3,FALSE),"-") -> TRAÇAMENTO | M13: {=IFERROR(INDEX(VMI!$A:$AAL,MATCH(1,(VMI!$A:$A=E13)*(VMI!$B:$B=F13),0),MATCH(L13,VMI!$1:$1,0)+1)*(AVERAGEIFS('Metas Produção'!I:I,'Metas Produção'!B:B,'BDT''s'!L13)),"-")} -> 82.751429 | N13: OPERADOR 12 | O13: TURNO 2 | P13: =IFERROR(COUNTIFS(O:O,O13,N:N,N13,I:I,I13,J:J,J13,C:C,C13),"-") -> 1 | Q13: =IFERROR(_xlfn.MAXIFS($R$1:R12,$K$1:K12,K13),"-") -> 705 | R13: 715 | S13: =IFERROR(IF(R13="-",0,IF(R13-Q13<0,"-",R13-Q13)),"-") -> 10 | T13: {=IFERROR(U13/INDEX('Cadastro Talhão'!F:F,MATCH(1,('Cadastro Talhão'!B:B='BDT''s'!G13)*('Cadastro Talhão'!C:C='BDT''s'!H13)*('Cadastro Talhão'!A:A='BDT''s'!C13),0)),"-")} -> 5000 | U13: 800 | V13: =IF(U13="-",0,IFERROR(IF(AJ13="FINALIZADO",AI13/SUMIFS(AG:AG,G:G,G13,H:H,H13,L:L,L13,A:A,A13,B:B,B13)*AG13,U13),U13)) -> 800 | W13: =IFERROR(U13/S13,"-") -> 80 | X13: {=IFERROR(U13/INDEX('Cadastro Talhão'!G:G,MATCH(1,('Cadastro Talhão'!B:B=G13)*('Cadastro Talhão'!C:C=H13),0))*INDEX('Cadastro Talhão'!D:D,MATCH(1,('Cadastro Talhão'!B:B=G13)*('Cadastro Talhão'!C:C=H13),0)),"-")} -> 0.61538462 | Y13: {=IFERROR(V13/INDEX('Cadastro Talhão'!G:G,MATCH(1,('Cadastro Talhão'!B:B=G13)*('Cadastro Talhão'!C:C=H13),0))*INDEX('Cadastro Talhão'!D:D,MATCH(1,('Cadastro Talhão'!B:B=G13)*('Cadastro Talhão'!C:C=H13),0)),"-")} -> 0.61538462 | Z13: {=IFERROR(INDEX('Metas Produção'!$A:$ZZ,MATCH(K13, 'Metas Produção'!$A:$A, 0),MATCH(F13, 'Metas Produção'!$1:$1, 0)+1)*12,"-")} -> 954 | AA13: =IFERROR(Z13/12,"-") -> 79.5 | AB13: {=IFERROR(INDEX('Metas Produção'!$A:$ZZ,MATCH(K13, 'Metas Produção'!$A:$A, 0),MATCH(F13, 'Metas Produção'!$1:$1, 0)+2)*12,"-")} -> 978.61935 | AC13: =IFERROR(AB13/12,"-") -> 81.551613 | AD13: {=IFERROR(INDEX('Metas Produção'!$A:$ZZ,MATCH(K13, 'Metas Produção'!$A:$A, 0),MATCH(F13, 'Metas Produção'!$1:$1, 0)+3)*12,"-")} -> 1152 | AE13: =IFERROR(AD13/12,"-") -> 96 | AF13: =IFERROR(IF(W13="-","-",IF(W13<AA13,"BAIXO",IF(AND(W13>=AA13,W13<AC13),"MEDIO",IF(AND(W13>=AC13,W13<=AE13),"ALTO","-")))),"-") -> MEDIO | AG13: =IFERROR(U13/SUMIFS(U:U,G:G,G13,H:H,H13,L:L,L13,A:A,A13,B:B,B13),0) -> 0.41025641 | AH13: {=IFERROR(V13/INDEX('Cadastro Talhão'!G:G,MATCH(1,('Cadastro Talhão'!B:B=G13)*('Cadastro Talhão'!C:C=H13),0)),"-")} -> 0.061538462 | AI13: {=IFERROR(IF(AJ13="EM ANDAMENTO",U13,IF(AJ13="FINALIZADO",INDEX('Cadastro Talhão'!G:G,MATCH(1,('Cadastro Talhão'!B:B=G13)*('Cadastro Talhão'!C:C=H13),0)),"-")),"-")} -> 800 | AJ13: {=IFERROR(INDEX(Estoque!$A:$Z,MATCH(1,(Estoque!$E:$E='BDT''s'!G13)*(Estoque!$F:$F='BDT''s'!H13)*(Estoque!$B:$B='BDT''s'!B13),0),MATCH('BDT''s'!L13,Estoque!$1:$1,0)+4),"-")} -> EM ANDAMENTO
A14: =IFERROR(YEAR(I14),"-") -> 2026 | B14: =IFERROR(DATE(YEAR(I14),MONTH(I14),MONTH(I14)),"-") -> 46023 | C14: {=IFERROR(IF(INDEX('Cadastro Talhão'!A:A,MATCH(1,('Cadastro Talhão'!B:B='BDT''s'!G14)*('Cadastro Talhão'!C:C='BDT''s'!H14),0))=0,"-",INDEX('Cadastro Talhão'!A:A,MATCH(1,('Cadastro Talhão'!B:B='BDT''s'!G14)*('Cadastro Talhão'!C:C='BDT''s'!H14),0))),"-")} -> CONTRATO 1 | D14: {=IFERROR(INDEX('Cadastro Talhão'!H:H,MATCH(1,('Cadastro Talhão'!B:B='BDT''s'!G14)*('Cadastro Talhão'!C:C='BDT''s'!H14),0)),"-")} -> 1.9 | E14: {=IFERROR(INDEX('Cadastro Talhão'!F:F,MATCH(1,('Cadastro Talhão'!B:B='BDT''s'!G14)*('Cadastro Talhão'!C:C='BDT''s'!H14),0)),"-")} -> 0.15 | F14: =IFERROR(VLOOKUP(E14,VMI!A:B,2,FALSE),"-") -> 0,11 a 0,15 | G14: FAZENDA 1 | H14: 15 | I14: 46024 | J14: FELLER1 | K14: =IFERROR(VLOOKUP(J14,Cadastros!A:B,2,FALSE),"-") -> FELLER BUNCHER 1 | L14: =IFERROR(VLOOKUP(K14,Cadastros!B:D,3,FALSE),"-") -> CORTE | M14: {=IFERROR(INDEX(VMI!$A:$AAL,MATCH(1,(VMI!$A:$A=E14)*(VMI!$B:$B=F14),0),MATCH(L14,VMI!$1:$1,0)+1)*(AVERAGEIFS('Metas Produção'!I:I,'Metas Produção'!B:B,'BDT''s'!L14)),"-")} -> 86.557111 | N14: OPERADOR 1 | O14: TURNO 1 | P14: =IFERROR(COUNTIFS(O:O,O14,N:N,N14,I:I,I14,J:J,J14,C:C,C14),"-") -> 1 | Q14: =IFERROR(_xlfn.MAXIFS($R$1:R13,$K$1:K13,K14),"-") -> 1022 | R14: 1026 | S14: =IFERROR(IF(R14="-",0,IF(R14-Q14<0,"-",R14-Q14)),"-") -> 4 | T14: {=IFERROR(U14/INDEX('Cadastro Talhão'!F:F,MATCH(1,('Cadastro Talhão'!B:B='BDT''s'!G14)*('Cadastro Talhão'!C:C='BDT''s'!H14)*('Cadastro Talhão'!A:A='BDT''s'!C14),0)),"-")} -> 2666.6667 | U14: 400 | V14: =IF(U14="-",0,IFERROR(IF(AJ14="FINALIZADO",AI14/SUMIFS(AG:AG,G:G,G14,H:H,H14,L:L,L14,A:A,A14,B:B,B14)*AG14,U14),U14)) -> 400 | W14: =IFERROR(U14/S14,"-") -> 100 | X14: {=IFERROR(U14/INDEX('Cadastro Talhão'!G:G,MATCH(1,('Cadastro Talhão'!B:B=G14)*('Cadastro Talhão'!C:C=H14),0))*INDEX('Cadastro Talhão'!D:D,MATCH(1,('Cadastro Talhão'!B:B=G14)*('Cadastro Talhão'!C:C=H14),0)),"-")} -> 0.48 | Y14: {=IFERROR(V14/INDEX('Cadastro Talhão'!G:G,MATCH(1,('Cadastro Talhão'!B:B=G14)*('Cadastro Talhão'!C:C=H14),0))*INDEX('Cadastro Talhão'!D:D,MATCH(1,('Cadastro Talhão'!B:B=G14)*('Cadastro Talhão'!C:C=H14),0)),"-")} -> 0.48 | Z14: {=IFERROR(INDEX('Metas Produção'!$A:$ZZ,MATCH(K14, 'Metas Produção'!$A:$A, 0),MATCH(F14, 'Metas Produção'!$1:$1, 0)+1)*12,"-")} -> 1056.4112 | AA14: =IFERROR(Z14/12,"-") -> 88.034267 | AB14: {=IFERROR(INDEX('Metas Produção'!$A:$ZZ,MATCH(K14, 'Metas Produção'!$A:$A, 0),MATCH(F14, 'Metas Produção'!$1:$1, 0)+2)*12,"-")} -> 1083.6967 | AC14: =IFERROR(AB14/12,"-") -> 90.308055 | AD14: {=IFERROR(INDEX('Metas Produção'!$A:$ZZ,MATCH(K14, 'Metas Produção'!$A:$A, 0),MATCH(F14, 'Metas Produção'!$1:$1, 0)+3)*12,"-")} -> 1200 | AE14: =IFERROR(AD14/12,"-") -> 100 | AF14: =IFERROR(IF(W14="-","-",IF(W14<AA14,"BAIXO",IF(AND(W14>=AA14,W14<AC14),"MEDIO",IF(AND(W14>=AC14,W14<=AE14),"ALTO","-")))),"-") -> ALTO | AG14: =IFERROR(U14/SUMIFS(U:U,G:G,G14,H:H,H14,L:L,L14,A:A,A14,B:B,B14),0) -> 0.13651877 | AH14: {=IFERROR(V14/INDEX('Cadastro Talhão'!G:G,MATCH(1,('Cadastro Talhão'!B:B=G14)*('Cadastro Talhão'!C:C=H14),0)),"-")} -> 0.04 | AI14: {=IFERROR(IF(AJ14="EM ANDAMENTO",U14,IF(AJ14="FINALIZADO",INDEX('Cadastro Talhão'!G:G,MATCH(1,('Cadastro Talhão'!B:B=G14)*('Cadastro Talhão'!C:C=H14),0)),"-")),"-")} -> 400 | AJ14: {=IFERROR(INDEX(Estoque!$A:$Z,MATCH(1,(Estoque!$E:$E='BDT''s'!G14)*(Estoque!$F:$F='BDT''s'!H14)*(Estoque!$B:$B='BDT''s'!B14),0),MATCH('BDT''s'!L14,Estoque!$1:$1,0)+4),"-")} -> EM ANDAMENTO
A15: =IFERROR(YEAR(I15),"-") -> 2026 | B15: =IFERROR(DATE(YEAR(I15),MONTH(I15),MONTH(I15)),"-") -> 46023 | C15: {=IFERROR(IF(INDEX('Cadastro Talhão'!A:A,MATCH(1,('Cadastro Talhão'!B:B='BDT''s'!G15)*('Cadastro Talhão'!C:C='BDT''s'!H15),0))=0,"-",INDEX('Cadastro Talhão'!A:A,MATCH(1,('Cadastro Talhão'!B:B='BDT''s'!G15)*('Cadastro Talhão'!C:C='BDT''s'!H15),0))),"-")} -> CONTRATO 1 | D15: {=IFERROR(INDEX('Cadastro Talhão'!H:H,MATCH(1,('Cadastro Talhão'!B:B='BDT''s'!G15)*('Cadastro Talhão'!C:C='BDT''s'!H15),0)),"-")} -> 1.9 | E15: {=IFERROR(INDEX('Cadastro Talhão'!F:F,MATCH(1,('Cadastro Talhão'!B:B='BDT''s'!G15)*('Cadastro Talhão'!C:C='BDT''s'!H15),0)),"-")} -> 0.15 | F15: =IFERROR(VLOOKUP(E15,VMI!A:B,2,FALSE),"-") -> 0,11 a 0,15 | G15: FAZENDA 1 | H15: 15 | I15: 46024 | J15: FELLER1 | K15: =IFERROR(VLOOKUP(J15,Cadastros!A:B,2,FALSE),"-") -> FELLER BUNCHER 1 | L15: =IFERROR(VLOOKUP(K15,Cadastros!B:D,3,FALSE),"-") -> CORTE | M15: {=IFERROR(INDEX(VMI!$A:$AAL,MATCH(1,(VMI!$A:$A=E15)*(VMI!$B:$B=F15),0),MATCH(L15,VMI!$1:$1,0)+1)*(AVERAGEIFS('Metas Produção'!I:I,'Metas Produção'!B:B,'BDT''s'!L15)),"-")} -> 86.557111 | N15: OPERADOR 2 | O15: TURNO 2 | P15: =IFERROR(COUNTIFS(O:O,O15,N:N,N15,I:I,I15,J:J,J15,C:C,C15),"-") -> 1 | Q15: =IFERROR(_xlfn.MAXIFS($R$1:R14,$K$1:K14,K15),"-") -> 1026 | R15: 1035.2 | S15: =IFERROR(IF(R15="-",0,IF(R15-Q15<0,"-",R15-Q15)),"-") -> 9.2 | T15: {=IFERROR(U15/INDEX('Cadastro Talhão'!F:F,MATCH(1,('Cadastro Talhão'!B:B='BDT''s'!G15)*('Cadastro Talhão'!C:C='BDT''s'!H15)*('Cadastro Talhão'!A:A='BDT''s'!C15),0)),"-")} -> 5333.3333 | U15: 800 | V15: =IF(U15="-",0,IFERROR(IF(AJ15="FINALIZADO",AI15/SUMIFS(AG:AG,G:G,G15,H:H,H15,L:L,L15,A:A,A15,B:B,B15)*AG15,U15),U15)) -> 800 | W15: =IFERROR(U15/S15,"-") -> 86.956522 | X15: {=IFERROR(U15/INDEX('Cadastro Talhão'!G:G,MATCH(1,('Cadastro Talhão'!B:B=G15)*('Cadastro Talhão'!C:C=H15),0))*INDEX('Cadastro Talhão'!D:D,MATCH(1,('Cadastro Talhão'!B:B=G15)*('Cadastro Talhão'!C:C=H15),0)),"-")} -> 0.96 | Y15: {=IFERROR(V15/INDEX('Cadastro Talhão'!G:G,MATCH(1,('Cadastro Talhão'!B:B=G15)*('Cadastro Talhão'!C:C=H15),0))*INDEX('Cadastro Talhão'!D:D,MATCH(1,('Cadastro Talhão'!B:B=G15)*('Cadastro Talhão'!C:C=H15),0)),"-")} -> 0.96 | Z15: {=IFERROR(INDEX('Metas Produção'!$A:$ZZ,MATCH(K15, 'Metas Produção'!$A:$A, 0),MATCH(F15, 'Metas Produção'!$1:$1, 0)+1)*12,"-")} -> 1056.4112 | AA15: =IFERROR(Z15/12,"-") -> 88.034267 | AB15: {=IFERROR(INDEX('Metas Produção'!$A:$ZZ,MATCH(K15, 'Metas Produção'!$A:$A, 0),MATCH(F15, 'Metas Produção'!$1:$1, 0)+2)*12,"-")} -> 1083.6967 | AC15: =IFERROR(AB15/12,"-") -> 90.308055 | AD15: {=IFERROR(INDEX('Metas Produção'!$A:$ZZ,MATCH(K15, 'Metas Produção'!$A:$A, 0),MATCH(F15, 'Metas Produção'!$1:$1, 0)+3)*12,"-")} -> 1200 | AE15: =IFERROR(AD15/12,"-") -> 100 | AF15: =IFERROR(IF(W15="-","-",IF(W15<AA15,"BAIXO",IF(AND(W15>=AA15,W15<AC15),"MEDIO",IF(AND(W15>=AC15,W15<=AE15),"ALTO","-")))),"-") -> BAIXO | AG15: =IFERROR(U15/SUMIFS(U:U,G:G,G15,H:H,H15,L:L,L15,A:A,A15,B:B,B15),0) -> 0.27303754 | AH15: {=IFERROR(V15/INDEX('Cadastro Talhão'!G:G,MATCH(1,('Cadastro Talhão'!B:B=G15)*('Cadastro Talhão'!C:C=H15),0)),"-")} -> 0.08 | AI15: {=IFERROR(IF(AJ15="EM ANDAMENTO",U15,IF(AJ15="FINALIZADO",INDEX('Cadastro Talhão'!G:G,MATCH(1,('Cadastro Talhão'!B:B=G15)*('Cadastro Talhão'!C:C=H15),0)),"-")),"-")} -> 800 | AJ15: {=IFERROR(INDEX(Estoque!$A:$Z,MATCH(1,(Estoque!$E:$E='BDT''s'!G15)*(Estoque!$F:$F='BDT''s'!H15)*(Estoque!$B:$B='BDT''s'!B15),0),MATCH('BDT''s'!L15,Estoque!$1:$1,0)+4),"-")} -> EM ANDAMENTO
A16: =IFERROR(YEAR(I16),"-") -> 2026 | B16: =IFERROR(DATE(YEAR(I16),MONTH(I16),MONTH(I16)),"-") -> 46023 | C16: {=IFERROR(IF(INDEX('Cadastro Talhão'!A:A,MATCH(1,('Cadastro Talhão'!B:B='BDT''s'!G16)*('Cadastro Talhão'!C:C='BDT''s'!H16),0))=0,"-",INDEX('Cadastro Talhão'!A:A,MATCH(1,('Cadastro Talhão'!B:B='BDT''s'!G16)*('Cadastro Talhão'!C:C='BDT''s'!H16),0))),"-")} -> CONTRATO 1 | D16: {=IFERROR(INDEX('Cadastro Talhão'!H:H,MATCH(1,('Cadastro Talhão'!B:B='BDT''s'!G16)*('Cadastro Talhão'!C:C='BDT''s'!H16),0)),"-")} -> 1.9 | E16: {=IFERROR(INDEX('Cadastro Talhão'!F:F,MATCH(1,('Cadastro Talhão'!B:B='BDT''s'!G16)*('Cadastro Talhão'!C:C='BDT''s'!H16),0)),"-")} -> 0.16 | F16: =IFERROR(VLOOKUP(E16,VMI!A:B,2,FALSE),"-") -> 0,16 a 0,20 | G16: FAZENDA 1 | H16: 25 | I16: 46024 | J16: FELLER2 | K16: =IFERROR(VLOOKUP(J16,Cadastros!A:B,2,FALSE),"-") -> FELLER BUNCHER 2 | L16: =IFERROR(VLOOKUP(K16,Cadastros!B:D,3,FALSE),"-") -> CORTE | M16: {=IFERROR(INDEX(VMI!$A:$AAL,MATCH(1,(VMI!$A:$A=E16)*(VMI!$B:$B=F16),0),MATCH(L16,VMI!$1:$1,0)+1)*(AVERAGEIFS('Metas Produção'!I:I,'Metas Produção'!B:B,'BDT''s'!L16)),"-")} -> 125.2316 | N16: OPERADOR 3 | O16: TURNO 1 | P16: =IFERROR(COUNTIFS(O:O,O16,N:N,N16,I:I,I16,J:J,J16,C:C,C16),"-") -> 1 | Q16: =IFERROR(_xlfn.MAXIFS($R$1:R15,$K$1:K15,K16),"-") -> 2020 | R16: 2030 | S16: =IFERROR(IF(R16="-",0,IF(R16-Q16<0,"-",R16-Q16)),"-") -> 10 | T16: {=IFERROR(U16/INDEX('Cadastro Talhão'!F:F,MATCH(1,('Cadastro Talhão'!B:B='BDT''s'!G16)*('Cadastro Talhão'!C:C='BDT''s'!H16)*('Cadastro Talhão'!A:A='BDT''s'!C16),0)),"-")} -> 7500 | U16: 1200 | V16: =IF(U16="-",0,IFERROR(IF(AJ16="FINALIZADO",AI16/SUMIFS(AG:AG,G:G,G16,H:H,H16,L:L,L16,A:A,A16,B:B,B16)*AG16,U16),U16)) -> 1200 | W16: =IFERROR(U16/S16,"-") -> 120 | X16: {=IFERROR(U16/INDEX('Cadastro Talhão'!G:G,MATCH(1,('Cadastro Talhão'!B:B=G16)*('Cadastro Talhão'!C:C=H16),0))*INDEX('Cadastro Talhão'!D:D,MATCH(1,('Cadastro Talhão'!B:B=G16)*('Cadastro Talhão'!C:C=H16),0)),"-")} -> 0.92307692 | Y16: {=IFERROR(V16/INDEX('Cadastro Talhão'!G:G,MATCH(1,('Cadastro Talhão'!B:B=G16)*('Cadastro Talhão'!C:C=H16),0))*INDEX('Cadastro Talhão'!D:D,MATCH(1,('Cadastro Talhão'!B:B=G16)*('Cadastro Talhão'!C:C=H16),0)),"-")} -> 0.92307692 | Z16: {=IFERROR(INDEX('Metas Produção'!$A:$ZZ,MATCH(K16, 'Metas Produção'!$A:$A, 0),MATCH(F16, 'Metas Produção'!$1:$1, 0)+1)*12,"-")} -> 1477.1333 | AA16: =IFERROR(Z16/12,"-") -> 123.09444 | AB16: {=IFERROR(INDEX('Metas Produção'!$A:$ZZ,MATCH(K16, 'Metas Produção'!$A:$A, 0),MATCH(F16, 'Metas Produção'!$1:$1, 0)+2)*12,"-")} -> 1464.4344 | AC16: =IFERROR(AB16/12,"-") -> 122.0362 | AD16: {=IFERROR(INDEX('Metas Produção'!$A:$ZZ,MATCH(K16, 'Metas Produção'!$A:$A, 0),MATCH(F16, 'Metas Produção'!$1:$1, 0)+3)*12,"-")} -> 2022.4719 | AE16: =IFERROR(AD16/12,"-") -> 168.53933 | AF16: =IFERROR(IF(W16="-","-",IF(W16<AA16,"BAIXO",IF(AND(W16>=AA16,W16<AC16),"MEDIO",IF(AND(W16>=AC16,W16<=AE16),"ALTO","-")))),"-") -> BAIXO | AG16: =IFERROR(U16/SUMIFS(U:U,G:G,G16,H:H,H16,L:L,L16,A:A,A16,B:B,B16),0) -> 0.24489796 | AH16: {=IFERROR(V16/INDEX('Cadastro Talhão'!G:G,MATCH(1,('Cadastro Talhão'!B:B=G16)*('Cadastro Talhão'!C:C=H16),0)),"-")} -> 0.092307692 | AI16: {=IFERROR(IF(AJ16="EM ANDAMENTO",U16,IF(AJ16="FINALIZADO",INDEX('Cadastro Talhão'!G:G,MATCH(1,('Cadastro Talhão'!B:B=G16)*('Cadastro Talhão'!C:C=H16),0)),"-")),"-")} -> 1200 | AJ16: {=IFERROR(INDEX(Estoque!$A:$Z,MATCH(1,(Estoque!$E:$E='BDT''s'!G16)*(Estoque!$F:$F='BDT''s'!H16)*(Estoque!$B:$B='BDT''s'!B16),0),MATCH('BDT''s'!L16,Estoque!$1:$1,0)+4),"-")} -> EM ANDAMENTO
A17: =IFERROR(YEAR(I17),"-") -> 2026 | B17: =IFERROR(DATE(YEAR(I17),MONTH(I17),MONTH(I17)),"-") -> 46023 | C17: {=IFERROR(IF(INDEX('Cadastro Talhão'!A:A,MATCH(1,('Cadastro Talhão'!B:B='BDT''s'!G17)*('Cadastro Talhão'!C:C='BDT''s'!H17),0))=0,"-",INDEX('Cadastro Talhão'!A:A,MATCH(1,('Cadastro Talhão'!B:B='BDT''s'!G17)*('Cadastro Talhão'!C:C='BDT''s'!H17),0))),"-")} -> CONTRATO 1 | D17: {=IFERROR(INDEX('Cadastro Talhão'!H:H,MATCH(1,('Cadastro Talhão'!B:B='BDT''s'!G17)*('Cadastro Talhão'!C:C='BDT''s'!H17),0)),"-")} -> 1.9 | E17: {=IFERROR(INDEX('Cadastro Talhão'!F:F,MATCH(1,('Cadastro Talhão'!B:B='BDT''s'!G17)*('Cadastro Talhão'!C:C='BDT''s'!H17),0)),"-")} -> 0.16 | F17: =IFERROR(VLOOKUP(E17,VMI!A:B,2,FALSE),"-") -> 0,16 a 0,20 | G17: FAZENDA 1 | H17: 25 | I17: 46024 | J17: FELLER2 | K17: =IFERROR(VLOOKUP(J17,Cadastros!A:B,2,FALSE),"-") -> FELLER BUNCHER 2 | L17: =IFERROR(VLOOKUP(K17,Cadastros!B:D,3,FALSE),"-") -> CORTE | M17: {=IFERROR(INDEX(VMI!$A:$AAL,MATCH(1,(VMI!$A:$A=E17)*(VMI!$B:$B=F17),0),MATCH(L17,VMI!$1:$1,0)+1)*(AVERAGEIFS('Metas Produção'!I:I,'Metas Produção'!B:B,'BDT''s'!L17)),"-")} -> 125.2316 | N17: OPERADOR 4 | O17: TURNO 2 | P17: =IFERROR(COUNTIFS(O:O,O17,N:N,N17,I:I,I17,J:J,J17,C:C,C17),"-") -> 1 | Q17: =IFERROR(_xlfn.MAXIFS($R$1:R16,$K$1:K16,K17),"-") -> 2030 | R17: 2040 | S17: =IFERROR(IF(R17="-",0,IF(R17-Q17<0,"-",R17-Q17)),"-") -> 10 | T17: {=IFERROR(U17/INDEX('Cadastro Talhão'!F:F,MATCH(1,('Cadastro Talhão'!B:B='BDT''s'!G17)*('Cadastro Talhão'!C:C='BDT''s'!H17)*('Cadastro Talhão'!A:A='BDT''s'!C17),0)),"-")} -> 6250 | U17: 1000 | V17: =IF(U17="-",0,IFERROR(IF(AJ17="FINALIZADO",AI17/SUMIFS(AG:AG,G:G,G17,H:H,H17,L:L,L17,A:A,A17,B:B,B17)*AG17,U17),U17)) -> 1000 | W17: =IFERROR(U17/S17,"-") -> 100 | X17: {=IFERROR(U17/INDEX('Cadastro Talhão'!G:G,MATCH(1,('Cadastro Talhão'!B:B=G17)*('Cadastro Talhão'!C:C=H17),0))*INDEX('Cadastro Talhão'!D:D,MATCH(1,('Cadastro Talhão'!B:B=G17)*('Cadastro Talhão'!C:C=H17),0)),"-")} -> 0.76923077 | Y17: {=IFERROR(V17/INDEX('Cadastro Talhão'!G:G,MATCH(1,('Cadastro Talhão'!B:B=G17)*('Cadastro Talhão'!C:C=H17),0))*INDEX('Cadastro Talhão'!D:D,MATCH(1,('Cadastro Talhão'!B:B=G17)*('Cadastro Talhão'!C:C=H17),0)),"-")} -> 0.76923077 | Z17: {=IFERROR(INDEX('Metas Produção'!$A:$ZZ,MATCH(K17, 'Metas Produção'!$A:$A, 0),MATCH(F17, 'Metas Produção'!$1:$1, 0)+1)*12,"-")} -> 1477.1333 | AA17: =IFERROR(Z17/12,"-") -> 123.09444 | AB17: {=IFERROR(INDEX('Metas Produção'!$A:$ZZ,MATCH(K17, 'Metas Produção'!$A:$A, 0),MATCH(F17, 'Metas Produção'!$1:$1, 0)+2)*12,"-")} -> 1464.4344 | AC17: =IFERROR(AB17/12,"-") -> 122.0362 | AD17: {=IFERROR(INDEX('Metas Produção'!$A:$ZZ,MATCH(K17, 'Metas Produção'!$A:$A, 0),MATCH(F17, 'Metas Produção'!$1:$1, 0)+3)*12,"-")} -> 2022.4719 | AE17: =IFERROR(AD17/12,"-") -> 168.53933 | AF17: =IFERROR(IF(W17="-","-",IF(W17<AA17,"BAIXO",IF(AND(W17>=AA17,W17<AC17),"MEDIO",IF(AND(W17>=AC17,W17<=AE17),"ALTO","-")))),"-") -> BAIXO | AG17: =IFERROR(U17/SUMIFS(U:U,G:G,G17,H:H,H17,L:L,L17,A:A,A17,B:B,B17),0) -> 0.20408163 | AH17: {=IFERROR(V17/INDEX('Cadastro Talhão'!G:G,MATCH(1,('Cadastro Talhão'!B:B=G17)*('Cadastro Talhão'!C:C=H17),0)),"-")} -> 0.076923077 | AI17: {=IFERROR(IF(AJ17="EM ANDAMENTO",U17,IF(AJ17="FINALIZADO",INDEX('Cadastro Talhão'!G:G,MATCH(1,('Cadastro Talhão'!B:B=G17)*('Cadastro Talhão'!C:C=H17),0)),"-")),"-")} -> 1000 | AJ17: {=IFERROR(INDEX(Estoque!$A:$Z,MATCH(1,(Estoque!$E:$E='BDT''s'!G17)*(Estoque!$F:$F='BDT''s'!H17)*(Estoque!$B:$B='BDT''s'!B17),0),MATCH('BDT''s'!L17,Estoque!$1:$1,0)+4),"-")} -> EM ANDAMENTO
A18: =IFERROR(YEAR(I18),"-") -> 2026 | B18: =IFERROR(DATE(YEAR(I18),MONTH(I18),MONTH(I18)),"-") -> 46023 | C18: {=IFERROR(IF(INDEX('Cadastro Talhão'!A:A,MATCH(1,('Cadastro Talhão'!B:B='BDT''s'!G18)*('Cadastro Talhão'!C:C='BDT''s'!H18),0))=0,"-",INDEX('Cadastro Talhão'!A:A,MATCH(1,('Cadastro Talhão'!B:B='BDT''s'!G18)*('Cadastro Talhão'!C:C='BDT''s'!H18),0))),"-")} -> CONTRATO 1 | D18: {=IFERROR(INDEX('Cadastro Talhão'!H:H,MATCH(1,('Cadastro Talhão'!B:B='BDT''s'!G18)*('Cadastro Talhão'!C:C='BDT''s'!H18),0)),"-")} -> 1.9 | E18: {=IFERROR(INDEX('Cadastro Talhão'!F:F,MATCH(1,('Cadastro Talhão'!B:B='BDT''s'!G18)*('Cadastro Talhão'!C:C='BDT''s'!H18),0)),"-")} -> 0.15 | F18: =IFERROR(VLOOKUP(E18,VMI!A:B,2,FALSE),"-") -> 0,11 a 0,15 | G18: FAZENDA 1 | H18: 15 | I18: 46024 | J18: SKIDDER1 | K18: =IFERROR(VLOOKUP(J18,Cadastros!A:B,2,FALSE),"-") -> SKIDDER 1 | L18: =IFERROR(VLOOKUP(K18,Cadastros!B:D,3,FALSE),"-") -> ARRASTE | M18: {=IFERROR(INDEX(VMI!$A:$AAL,MATCH(1,(VMI!$A:$A=E18)*(VMI!$B:$B=F18),0),MATCH(L18,VMI!$1:$1,0)+1)*(AVERAGEIFS('Metas Produção'!I:I,'Metas Produção'!B:B,'BDT''s'!L18)),"-")} -> 132.35447 | N18: OPERADOR 5 | O18: TURNO 1 | P18: =IFERROR(COUNTIFS(O:O,O18,N:N,N18,I:I,I18,J:J,J18,C:C,C18),"-") -> 1 | Q18: =IFERROR(_xlfn.MAXIFS($R$1:R17,$K$1:K17,K18),"-") -> 1215 | R18: 1219 | S18: =IFERROR(IF(R18="-",0,IF(R18-Q18<0,"-",R18-Q18)),"-") -> 4 | T18: {=IFERROR(U18/INDEX('Cadastro Talhão'!F:F,MATCH(1,('Cadastro Talhão'!B:B='BDT''s'!G18)*('Cadastro Talhão'!C:C='BDT''s'!H18)*('Cadastro Talhão'!A:A='BDT''s'!C18),0)),"-")} -> 4000 | U18: 600 | V18: =IF(U18="-",0,IFERROR(IF(AJ18="FINALIZADO",AI18/SUMIFS(AG:AG,G:G,G18,H:H,H18,L:L,L18,A:A,A18,B:B,B18)*AG18,U18),U18)) -> 600 | W18: =IFERROR(U18/S18,"-") -> 150 | X18: {=IFERROR(U18/INDEX('Cadastro Talhão'!G:G,MATCH(1,('Cadastro Talhão'!B:B=G18)*('Cadastro Talhão'!C:C=H18),0))*INDEX('Cadastro Talhão'!D:D,MATCH(1,('Cadastro Talhão'!B:B=G18)*('Cadastro Talhão'!C:C=H18),0)),"-")} -> 0.72 | Y18: {=IFERROR(V18/INDEX('Cadastro Talhão'!G:G,MATCH(1,('Cadastro Talhão'!B:B=G18)*('Cadastro Talhão'!C:C=H18),0))*INDEX('Cadastro Talhão'!D:D,MATCH(1,('Cadastro Talhão'!B:B=G18)*('Cadastro Talhão'!C:C=H18),0)),"-")} -> 0.72 | Z18: {=IFERROR(INDEX('Metas Produção'!$A:$ZZ,MATCH(K18, 'Metas Produção'!$A:$A, 0),MATCH(F18, 'Metas Produção'!$1:$1, 0)+1)*12,"-")} -> 1688.5714 | AA18: =IFERROR(Z18/12,"-") -> 140.71429 | AB18: {=IFERROR(INDEX('Metas Produção'!$A:$ZZ,MATCH(K18, 'Metas Produção'!$A:$A, 0),MATCH(F18, 'Metas Produção'!$1:$1, 0)+2)*12,"-")} -> 1918.6652 | AC18: =IFERROR(AB18/12,"-") -> 159.88876 | AD18: {=IFERROR(INDEX('Metas Produção'!$A:$ZZ,MATCH(K18, 'Metas Produção'!$A:$A, 0),MATCH(F18, 'Metas Produção'!$1:$1, 0)+3)*12,"-")} -> 2280 | AE18: =IFERROR(AD18/12,"-") -> 190 | AF18: =IFERROR(IF(W18="-","-",IF(W18<AA18,"BAIXO",IF(AND(W18>=AA18,W18<AC18),"MEDIO",IF(AND(W18>=AC18,W18<=AE18),"ALTO","-")))),"-") -> MEDIO | AG18: =IFERROR(U18/SUMIFS(U:U,G:G,G18,H:H,H18,L:L,L18,A:A,A18,B:B,B18),0) -> 0.23904382 | AH18: {=IFERROR(V18/INDEX('Cadastro Talhão'!G:G,MATCH(1,('Cadastro Talhão'!B:B=G18)*('Cadastro Talhão'!C:C=H18),0)),"-")} -> 0.06 | AI18: {=IFERROR(IF(AJ18="EM ANDAMENTO",U18,IF(AJ18="FINALIZADO",INDEX('Cadastro Talhão'!G:G,MATCH(1,('Cadastro Talhão'!B:B=G18)*('Cadastro Talhão'!C:C=H18),0)),"-")),"-")} -> 600 | AJ18: {=IFERROR(INDEX(Estoque!$A:$Z,MATCH(1,(Estoque!$E:$E='BDT''s'!G18)*(Estoque!$F:$F='BDT''s'!H18)*(Estoque!$B:$B='BDT''s'!B18),0),MATCH('BDT''s'!L18,Estoque!$1:$1,0)+4),"-")} -> EM ANDAMENTO
A19: =IFERROR(YEAR(I19),"-") -> 2026 | B19: =IFERROR(DATE(YEAR(I19),MONTH(I19),MONTH(I19)),"-") -> 46023 | C19: {=IFERROR(IF(INDEX('Cadastro Talhão'!A:A,MATCH(1,('Cadastro Talhão'!B:B='BDT''s'!G19)*('Cadastro Talhão'!C:C='BDT''s'!H19),0))=0,"-",INDEX('Cadastro Talhão'!A:A,MATCH(1,('Cadastro Talhão'!B:B='BDT''s'!G19)*('Cadastro Talhão'!C:C='BDT''s'!H19),0))),"-")} -> CONTRATO 1 | D19: {=IFERROR(INDEX('Cadastro Talhão'!H:H,MATCH(1,('Cadastro Talhão'!B:B='BDT''s'!G19)*('Cadastro Talhão'!C:C='BDT''s'!H19),0)),"-")} -> 1.9 | E19: {=IFERROR(INDEX('Cadastro Talhão'!F:F,MATCH(1,('Cadastro Talhão'!B:B='BDT''s'!G19)*('Cadastro Talhão'!C:C='BDT''s'!H19),0)),"-")} -> 0.15 | F19: =IFERROR(VLOOKUP(E19,VMI!A:B,2,FALSE),"-") -> 0,11 a 0,15 | G19: FAZENDA 1 | H19: 15 | I19: 46024 | J19: SKIDDER1 | K19: =IFERROR(VLOOKUP(J19,Cadastros!A:B,2,FALSE),"-") -> SKIDDER 1 | L19: =IFERROR(VLOOKUP(K19,Cadastros!B:D,3,FALSE),"-") -> ARRASTE | M19: {=IFERROR(INDEX(VMI!$A:$AAL,MATCH(1,(VMI!$A:$A=E19)*(VMI!$B:$B=F19),0),MATCH(L19,VMI!$1:$1,0)+1)*(AVERAGEIFS('Metas Produção'!I:I,'Metas Produção'!B:B,'BDT''s'!L19)),"-")} -> 132.35447 | N19: OPERADOR 6 | O19: TURNO 2 | P19: =IFERROR(COUNTIFS(O:O,O19,N:N,N19,I:I,I19,J:J,J19,C:C,C19),"-") -> 1 | Q19: =IFERROR(_xlfn.MAXIFS($R$1:R18,$K$1:K18,K19),"-") -> 1219 | R19: 1223 | S19: =IFERROR(IF(R19="-",0,IF(R19-Q19<0,"-",R19-Q19)),"-") -> 4 | T19: {=IFERROR(U19/INDEX('Cadastro Talhão'!F:F,MATCH(1,('Cadastro Talhão'!B:B='BDT''s'!G19)*('Cadastro Talhão'!C:C='BDT''s'!H19)*('Cadastro Talhão'!A:A='BDT''s'!C19),0)),"-")} -> 5066.6667 | U19: 760 | V19: =IF(U19="-",0,IFERROR(IF(AJ19="FINALIZADO",AI19/SUMIFS(AG:AG,G:G,G19,H:H,H19,L:L,L19,A:A,A19,B:B,B19)*AG19,U19),U19)) -> 760 | W19: =IFERROR(U19/S19,"-") -> 190 | X19: {=IFERROR(U19/INDEX('Cadastro Talhão'!G:G,MATCH(1,('Cadastro Talhão'!B:B=G19)*('Cadastro Talhão'!C:C=H19),0))*INDEX('Cadastro Talhão'!D:D,MATCH(1,('Cadastro Talhão'!B:B=G19)*('Cadastro Talhão'!C:C=H19),0)),"-")} -> 0.912 | Y19: {=IFERROR(V19/INDEX('Cadastro Talhão'!G:G,MATCH(1,('Cadastro Talhão'!B:B=G19)*('Cadastro Talhão'!C:C=H19),0))*INDEX('Cadastro Talhão'!D:D,MATCH(1,('Cadastro Talhão'!B:B=G19)*('Cadastro Talhão'!C:C=H19),0)),"-")} -> 0.912 | Z19: {=IFERROR(INDEX('Metas Produção'!$A:$ZZ,MATCH(K19, 'Metas Produção'!$A:$A, 0),MATCH(F19, 'Metas Produção'!$1:$1, 0)+1)*12,"-")} -> 1688.5714 | AA19: =IFERROR(Z19/12,"-") -> 140.71429 | AB19: {=IFERROR(INDEX('Metas Produção'!$A:$ZZ,MATCH(K19, 'Metas Produção'!$A:$A, 0),MATCH(F19, 'Metas Produção'!$1:$1, 0)+2)*12,"-")} -> 1918.6652 | AC19: =IFERROR(AB19/12,"-") -> 159.88876 | AD19: {=IFERROR(INDEX('Metas Produção'!$A:$ZZ,MATCH(K19, 'Metas Produção'!$A:$A, 0),MATCH(F19, 'Metas Produção'!$1:$1, 0)+3)*12,"-")} -> 2280 | AE19: =IFERROR(AD19/12,"-") -> 190 | AF19: =IFERROR(IF(W19="-","-",IF(W19<AA19,"BAIXO",IF(AND(W19>=AA19,W19<AC19),"MEDIO",IF(AND(W19>=AC19,W19<=AE19),"ALTO","-")))),"-") -> ALTO | AG19: =IFERROR(U19/SUMIFS(U:U,G:G,G19,H:H,H19,L:L,L19,A:A,A19,B:B,B19),0) -> 0.30278884 | AH19: {=IFERROR(V19/INDEX('Cadastro Talhão'!G:G,MATCH(1,('Cadastro Talhão'!B:B=G19)*('Cadastro Talhão'!C:C=H19),0)),"-")} -> 0.076 | AI19: {=IFERROR(IF(AJ19="EM ANDAMENTO",U19,IF(AJ19="FINALIZADO",INDEX('Cadastro Talhão'!G:G,MATCH(1,('Cadastro Talhão'!B:B=G19)*('Cadastro Talhão'!C:C=H19),0)),"-")),"-")} -> 760 | AJ19: {=IFERROR(INDEX(Estoque!$A:$Z,MATCH(1,(Estoque!$E:$E='BDT''s'!G19)*(Estoque!$F:$F='BDT''s'!H19)*(Estoque!$B:$B='BDT''s'!B19),0),MATCH('BDT''s'!L19,Estoque!$1:$1,0)+4),"-")} -> EM ANDAMENTO
A20: =IFERROR(YEAR(I20),"-") -> 2026 | B20: =IFERROR(DATE(YEAR(I20),MONTH(I20),MONTH(I20)),"-") -> 46023 | C20: {=IFERROR(IF(INDEX('Cadastro Talhão'!A:A,MATCH(1,('Cadastro Talhão'!B:B='BDT''s'!G20)*('Cadastro Talhão'!C:C='BDT''s'!H20),0))=0,"-",INDEX('Cadastro Talhão'!A:A,MATCH(1,('Cadastro Talhão'!B:B='BDT''s'!G20)*('Cadastro Talhão'!C:C='BDT''s'!H20),0))),"-")} -> CONTRATO 1 | D20: {=IFERROR(INDEX('Cadastro Talhão'!H:H,MATCH(1,('Cadastro Talhão'!B:B='BDT''s'!G20)*('Cadastro Talhão'!C:C='BDT''s'!H20),0)),"-")} -> 1.9 | E20: {=IFERROR(INDEX('Cadastro Talhão'!F:F,MATCH(1,('Cadastro Talhão'!B:B='BDT''s'!G20)*('Cadastro Talhão'!C:C='BDT''s'!H20),0)),"-")} -> 0.16 | F20: =IFERROR(VLOOKUP(E20,VMI!A:B,2,FALSE),"-") -> 0,16 a 0,20 | G20: FAZENDA 1 | H20: 25 | I20: 46024 | J20: SKIDDER2 | K20: =IFERROR(VLOOKUP(J20,Cadastros!A:B,2,FALSE),"-") -> SKIDDER 2 | L20: =IFERROR(VLOOKUP(K20,Cadastros!B:D,3,FALSE),"-") -> ARRASTE | M20: {=IFERROR(INDEX(VMI!$A:$AAL,MATCH(1,(VMI!$A:$A=E20)*(VMI!$B:$B=F20),0),MATCH(L20,VMI!$1:$1,0)+1)*(AVERAGEIFS('Metas Produção'!I:I,'Metas Produção'!B:B,'BDT''s'!L20)),"-")} -> 96.809138 | N20: OPERADOR 7 | O20: TURNO 1 | P20: =IFERROR(COUNTIFS(O:O,O20,N:N,N20,I:I,I20,J:J,J20,C:C,C20),"-") -> 1 | Q20: =IFERROR(_xlfn.MAXIFS($R$1:R19,$K$1:K19,K20),"-") -> 2120 | R20: 2130 | S20: =IFERROR(IF(R20="-",0,IF(R20-Q20<0,"-",R20-Q20)),"-") -> 10 | T20: {=IFERROR(U20/INDEX('Cadastro Talhão'!F:F,MATCH(1,('Cadastro Talhão'!B:B='BDT''s'!G20)*('Cadastro Talhão'!C:C='BDT''s'!H20)*('Cadastro Talhão'!A:A='BDT''s'!C20),0)),"-")} -> 5625 | U20: 900 | V20: =IF(U20="-",0,IFERROR(IF(AJ20="FINALIZADO",AI20/SUMIFS(AG:AG,G:G,G20,H:H,H20,L:L,L20,A:A,A20,B:B,B20)*AG20,U20),U20)) -> 900 | W20: =IFERROR(U20/S20,"-") -> 90 | X20: {=IFERROR(U20/INDEX('Cadastro Talhão'!G:G,MATCH(1,('Cadastro Talhão'!B:B=G20)*('Cadastro Talhão'!C:C=H20),0))*INDEX('Cadastro Talhão'!D:D,MATCH(1,('Cadastro Talhão'!B:B=G20)*('Cadastro Talhão'!C:C=H20),0)),"-")} -> 0.69230769 | Y20: {=IFERROR(V20/INDEX('Cadastro Talhão'!G:G,MATCH(1,('Cadastro Talhão'!B:B=G20)*('Cadastro Talhão'!C:C=H20),0))*INDEX('Cadastro Talhão'!D:D,MATCH(1,('Cadastro Talhão'!B:B=G20)*('Cadastro Talhão'!C:C=H20),0)),"-")} -> 0.69230769 | Z20: {=IFERROR(INDEX('Metas Produção'!$A:$ZZ,MATCH(K20, 'Metas Produção'!$A:$A, 0),MATCH(F20, 'Metas Produção'!$1:$1, 0)+1)*12,"-")} -> 1088.3333 | AA20: =IFERROR(Z20/12,"-") -> 90.694444 | AB20: {=IFERROR(INDEX('Metas Produção'!$A:$ZZ,MATCH(K20, 'Metas Produção'!$A:$A, 0),MATCH(F20, 'Metas Produção'!$1:$1, 0)+2)*12,"-")} -> 1089.6987 | AC20: =IFERROR(AB20/12,"-") -> 90.808223 | AD20: {=IFERROR(INDEX('Metas Produção'!$A:$ZZ,MATCH(K20, 'Metas Produção'!$A:$A, 0),MATCH(F20, 'Metas Produção'!$1:$1, 0)+3)*12,"-")} -> 1440 | AE20: =IFERROR(AD20/12,"-") -> 120 | AF20: =IFERROR(IF(W20="-","-",IF(W20<AA20,"BAIXO",IF(AND(W20>=AA20,W20<AC20),"MEDIO",IF(AND(W20>=AC20,W20<=AE20),"ALTO","-")))),"-") -> BAIXO | AG20: =IFERROR(U20/SUMIFS(U:U,G:G,G20,H:H,H20,L:L,L20,A:A,A20,B:B,B20),0) -> 0.29801325 | AH20: {=IFERROR(V20/INDEX('Cadastro Talhão'!G:G,MATCH(1,('Cadastro Talhão'!B:B=G20)*('Cadastro Talhão'!C:C=H20),0)),"-")} -> 0.069230769 | AI20: {=IFERROR(IF(AJ20="EM ANDAMENTO",U20,IF(AJ20="FINALIZADO",INDEX('Cadastro Talhão'!G:G,MATCH(1,('Cadastro Talhão'!B:B=G20)*('Cadastro Talhão'!C:C=H20),0)),"-")),"-")} -> 900 | AJ20: {=IFERROR(INDEX(Estoque!$A:$Z,MATCH(1,(Estoque!$E:$E='BDT''s'!G20)*(Estoque!$F:$F='BDT''s'!H20)*(Estoque!$B:$B='BDT''s'!B20),0),MATCH('BDT''s'!L20,Estoque!$1:$1,0)+4),"-")} -> EM ANDAMENTO
A21: =IFERROR(YEAR(I21),"-") -> 2026 | B21: =IFERROR(DATE(YEAR(I21),MONTH(I21),MONTH(I21)),"-") -> 46023 | C21: {=IFERROR(IF(INDEX('Cadastro Talhão'!A:A,MATCH(1,('Cadastro Talhão'!B:B='BDT''s'!G21)*('Cadastro Talhão'!C:C='BDT''s'!H21),0))=0,"-",INDEX('Cadastro Talhão'!A:A,MATCH(1,('Cadastro Talhão'!B:B='BDT''s'!G21)*('Cadastro Talhão'!C:C='BDT''s'!H21),0))),"-")} -> CONTRATO 1 | D21: {=IFERROR(INDEX('Cadastro Talhão'!H:H,MATCH(1,('Cadastro Talhão'!B:B='BDT''s'!G21)*('Cadastro Talhão'!C:C='BDT''s'!H21),0)),"-")} -> 1.9 | E21: {=IFERROR(INDEX('Cadastro Talhão'!F:F,MATCH(1,('Cadastro Talhão'!B:B='BDT''s'!G21)*('Cadastro Talhão'!C:C='BDT''s'!H21),0)),"-")} -> 0.16 | F21: =IFERROR(VLOOKUP(E21,VMI!A:B,2,FALSE),"-") -> 0,16 a 0,20 | G21: FAZENDA 1 | H21: 25 | I21: 46024 | J21: SKIDDER2 | K21: =IFERROR(VLOOKUP(J21,Cadastros!A:B,2,FALSE),"-") -> SKIDDER 2 | L21: =IFERROR(VLOOKUP(K21,Cadastros!B:D,3,FALSE),"-") -> ARRASTE | M21: {=IFERROR(INDEX(VMI!$A:$AAL,MATCH(1,(VMI!$A:$A=E21)*(VMI!$B:$B=F21),0),MATCH(L21,VMI!$1:$1,0)+1)*(AVERAGEIFS('Metas Produção'!I:I,'Metas Produção'!B:B,'BDT''s'!L21)),"-")} -> 96.809138 | N21: OPERADOR 8 | O21: TURNO 2 | P21: =IFERROR(COUNTIFS(O:O,O21,N:N,N21,I:I,I21,J:J,J21,C:C,C21),"-") -> 1 | Q21: =IFERROR(_xlfn.MAXIFS($R$1:R20,$K$1:K20,K21),"-") -> 2130 | R21: 2135 | S21: =IFERROR(IF(R21="-",0,IF(R21-Q21<0,"-",R21-Q21)),"-") -> 5 | T21: {=IFERROR(U21/INDEX('Cadastro Talhão'!F:F,MATCH(1,('Cadastro Talhão'!B:B='BDT''s'!G21)*('Cadastro Talhão'!C:C='BDT''s'!H21)*('Cadastro Talhão'!A:A='BDT''s'!C21),0)),"-")} -> 3750 | U21: 600 | V21: =IF(U21="-",0,IFERROR(IF(AJ21="FINALIZADO",AI21/SUMIFS(AG:AG,G:G,G21,H:H,H21,L:L,L21,A:A,A21,B:B,B21)*AG21,U21),U21)) -> 600 | W21: =IFERROR(U21/S21,"-") -> 120 | X21: {=IFERROR(U21/INDEX('Cadastro Talhão'!G:G,MATCH(1,('Cadastro Talhão'!B:B=G21)*('Cadastro Talhão'!C:C=H21),0))*INDEX('Cadastro Talhão'!D:D,MATCH(1,('Cadastro Talhão'!B:B=G21)*('Cadastro Talhão'!C:C=H21),0)),"-")} -> 0.46153846 | Y21: {=IFERROR(V21/INDEX('Cadastro Talhão'!G:G,MATCH(1,('Cadastro Talhão'!B:B=G21)*('Cadastro Talhão'!C:C=H21),0))*INDEX('Cadastro Talhão'!D:D,MATCH(1,('Cadastro Talhão'!B:B=G21)*('Cadastro Talhão'!C:C=H21),0)),"-")} -> 0.46153846 | Z21: {=IFERROR(INDEX('Metas Produção'!$A:$ZZ,MATCH(K21, 'Metas Produção'!$A:$A, 0),MATCH(F21, 'Metas Produção'!$1:$1, 0)+1)*12,"-")} -> 1088.3333 | AA21: =IFERROR(Z21/12,"-") -> 90.694444 | AB21: {=IFERROR(INDEX('Metas Produção'!$A:$ZZ,MATCH(K21, 'Metas Produção'!$A:$A, 0),MATCH(F21, 'Metas Produção'!$1:$1, 0)+2)*12,"-")} -> 1089.6987 | AC21: =IFERROR(AB21/12,"-") -> 90.808223 | AD21: {=IFERROR(INDEX('Metas Produção'!$A:$ZZ,MATCH(K21, 'Metas Produção'!$A:$A, 0),MATCH(F21, 'Metas Produção'!$1:$1, 0)+3)*12,"-")} -> 1440 | AE21: =IFERROR(AD21/12,"-") -> 120 | AF21: =IFERROR(IF(W21="-","-",IF(W21<AA21,"BAIXO",IF(AND(W21>=AA21,W21<AC21),"MEDIO",IF(AND(W21>=AC21,W21<=AE21),"ALTO","-")))),"-") -> ALTO | AG21: =IFERROR(U21/SUMIFS(U:U,G:G,G21,H:H,H21,L:L,L21,A:A,A21,B:B,B21),0) -> 0.1986755 | AH21: {=IFERROR(V21/INDEX('Cadastro Talhão'!G:G,MATCH(1,('Cadastro Talhão'!B:B=G21)*('Cadastro Talhão'!C:C=H21),0)),"-")} -> 0.046153846 | AI21: {=IFERROR(IF(AJ21="EM ANDAMENTO",U21,IF(AJ21="FINALIZADO",INDEX('Cadastro Talhão'!G:G,MATCH(1,('Cadastro Talhão'!B:B=G21)*('Cadastro Talhão'!C:C=H21),0)),"-")),"-")} -> 600 | AJ21: {=IFERROR(INDEX(Estoque!$A:$Z,MATCH(1,(Estoque!$E:$E='BDT''s'!G21)*(Estoque!$F:$F='BDT''s'!H21)*(Estoque!$B:$B='BDT''s'!B21),0),MATCH('BDT''s'!L21,Estoque!$1:$1,0)+4),"-")} -> EM ANDAMENTO
A22: =IFERROR(YEAR(I22),"-") -> 2026 | B22: =IFERROR(DATE(YEAR(I22),MONTH(I22),MONTH(I22)),"-") -> 46023 | C22: {=IFERROR(IF(INDEX('Cadastro Talhão'!A:A,MATCH(1,('Cadastro Talhão'!B:B='BDT''s'!G22)*('Cadastro Talhão'!C:C='BDT''s'!H22),0))=0,"-",INDEX('Cadastro Talhão'!A:A,MATCH(1,('Cadastro Talhão'!B:B='BDT''s'!G22)*('Cadastro Talhão'!C:C='BDT''s'!H22),0))),"-")} -> CONTRATO 1 | D22: {=IFERROR(INDEX('Cadastro Talhão'!H:H,MATCH(1,('Cadastro Talhão'!B:B='BDT''s'!G22)*('Cadastro Talhão'!C:C='BDT''s'!H22),0)),"-")} -> 1.9 | E22: {=IFERROR(INDEX('Cadastro Talhão'!F:F,MATCH(1,('Cadastro Talhão'!B:B='BDT''s'!G22)*('Cadastro Talhão'!C:C='BDT''s'!H22),0)),"-")} -> 0.15 | F22: =IFERROR(VLOOKUP(E22,VMI!A:B,2,FALSE),"-") -> 0,11 a 0,15 | G22: FAZENDA 1 | H22: 15 | I22: 46024 | J22: GARRA1 | K22: =IFERROR(VLOOKUP(J22,Cadastros!A:B,2,FALSE),"-") -> GARRA TRAÇADORA 1 | L22: =IFERROR(VLOOKUP(K22,Cadastros!B:D,3,FALSE),"-") -> TRAÇAMENTO | M22: {=IFERROR(INDEX(VMI!$A:$AAL,MATCH(1,(VMI!$A:$A=E22)*(VMI!$B:$B=F22),0),MATCH(L22,VMI!$1:$1,0)+1)*(AVERAGEIFS('Metas Produção'!I:I,'Metas Produção'!B:B,'BDT''s'!L22)),"-")} -> 64.881272 | N22: OPERADOR 9 | O22: TURNO 1 | P22: =IFERROR(COUNTIFS(O:O,O22,N:N,N22,I:I,I22,J:J,J22,C:C,C22),"-") -> 1 | Q22: =IFERROR(_xlfn.MAXIFS($R$1:R21,$K$1:K21,K22),"-") -> 520 | R22: 529 | S22: =IFERROR(IF(R22="-",0,IF(R22-Q22<0,"-",R22-Q22)),"-") -> 9 | T22: {=IFERROR(U22/INDEX('Cadastro Talhão'!F:F,MATCH(1,('Cadastro Talhão'!B:B='BDT''s'!G22)*('Cadastro Talhão'!C:C='BDT''s'!H22)*('Cadastro Talhão'!A:A='BDT''s'!C22),0)),"-")} -> 3933.3333 | U22: 590 | V22: =IF(U22="-",0,IFERROR(IF(AJ22="FINALIZADO",AI22/SUMIFS(AG:AG,G:G,G22,H:H,H22,L:L,L22,A:A,A22,B:B,B22)*AG22,U22),U22)) -> 590 | W22: =IFERROR(U22/S22,"-") -> 65.555556 | X22: {=IFERROR(U22/INDEX('Cadastro Talhão'!G:G,MATCH(1,('Cadastro Talhão'!B:B=G22)*('Cadastro Talhão'!C:C=H22),0))*INDEX('Cadastro Talhão'!D:D,MATCH(1,('Cadastro Talhão'!B:B=G22)*('Cadastro Talhão'!C:C=H22),0)),"-")} -> 0.708 | Y22: {=IFERROR(V22/INDEX('Cadastro Talhão'!G:G,MATCH(1,('Cadastro Talhão'!B:B=G22)*('Cadastro Talhão'!C:C=H22),0))*INDEX('Cadastro Talhão'!D:D,MATCH(1,('Cadastro Talhão'!B:B=G22)*('Cadastro Talhão'!C:C=H22),0)),"-")} -> 0.708 | Z22: {=IFERROR(INDEX('Metas Produção'!$A:$ZZ,MATCH(K22, 'Metas Produção'!$A:$A, 0),MATCH(F22, 'Metas Produção'!$1:$1, 0)+1)*12,"-")} -> 809.16667 | AA22: =IFERROR(Z22/12,"-") -> 67.430556 | AB22: {=IFERROR(INDEX('Metas Produção'!$A:$ZZ,MATCH(K22, 'Metas Produção'!$A:$A, 0),MATCH(F22, 'Metas Produção'!$1:$1, 0)+2)*12,"-")} -> 897.94381 | AC22: =IFERROR(AB22/12,"-") -> 74.828651 | AD22: {=IFERROR(INDEX('Metas Produção'!$A:$ZZ,MATCH(K22, 'Metas Produção'!$A:$A, 0),MATCH(F22, 'Metas Produção'!$1:$1, 0)+3)*12,"-")} -> 900 | AE22: =IFERROR(AD22/12,"-") -> 75 | AF22: =IFERROR(IF(W22="-","-",IF(W22<AA22,"BAIXO",IF(AND(W22>=AA22,W22<AC22),"MEDIO",IF(AND(W22>=AC22,W22<=AE22),"ALTO","-")))),"-") -> BAIXO | AG22: =IFERROR(U22/SUMIFS(U:U,G:G,G22,H:H,H22,L:L,L22,A:A,A22,B:B,B22),0) -> 0.29207921 | AH22: {=IFERROR(V22/INDEX('Cadastro Talhão'!G:G,MATCH(1,('Cadastro Talhão'!B:B=G22)*('Cadastro Talhão'!C:C=H22),0)),"-")} -> 0.059 | AI22: {=IFERROR(IF(AJ22="EM ANDAMENTO",U22,IF(AJ22="FINALIZADO",INDEX('Cadastro Talhão'!G:G,MATCH(1,('Cadastro Talhão'!B:B=G22)*('Cadastro Talhão'!C:C=H22),0)),"-")),"-")} -> 590 | AJ22: {=IFERROR(INDEX(Estoque!$A:$Z,MATCH(1,(Estoque!$E:$E='BDT''s'!G22)*(Estoque!$F:$F='BDT''s'!H22)*(Estoque!$B:$B='BDT''s'!B22),0),MATCH('BDT''s'!L22,Estoque!$1:$1,0)+4),"-")} -> EM ANDAMENTO
A23: =IFERROR(YEAR(I23),"-") -> 2026 | B23: =IFERROR(DATE(YEAR(I23),MONTH(I23),MONTH(I23)),"-") -> 46023 | C23: {=IFERROR(IF(INDEX('Cadastro Talhão'!A:A,MATCH(1,('Cadastro Talhão'!B:B='BDT''s'!G23)*('Cadastro Talhão'!C:C='BDT''s'!H23),0))=0,"-",INDEX('Cadastro Talhão'!A:A,MATCH(1,('Cadastro Talhão'!B:B='BDT''s'!G23)*('Cadastro Talhão'!C:C='BDT''s'!H23),0))),"-")} -> CONTRATO 1 | D23: {=IFERROR(INDEX('Cadastro Talhão'!H:H,MATCH(1,('Cadastro Talhão'!B:B='BDT''s'!G23)*('Cadastro Talhão'!C:C='BDT''s'!H23),0)),"-")} -> 1.9 | E23: {=IFERROR(INDEX('Cadastro Talhão'!F:F,MATCH(1,('Cadastro Talhão'!B:B='BDT''s'!G23)*('Cadastro Talhão'!C:C='BDT''s'!H23),0)),"-")} -> 0.15 | F23: =IFERROR(VLOOKUP(E23,VMI!A:B,2,FALSE),"-") -> 0,11 a 0,15 | G23: FAZENDA 1 | H23: 15 | I23: 46024 | J23: GARRA1 | K23: =IFERROR(VLOOKUP(J23,Cadastros!A:B,2,FALSE),"-") -> GARRA TRAÇADORA 1 | L23: =IFERROR(VLOOKUP(K23,Cadastros!B:D,3,FALSE),"-") -> TRAÇAMENTO | M23: {=IFERROR(INDEX(VMI!$A:$AAL,MATCH(1,(VMI!$A:$A=E23)*(VMI!$B:$B=F23),0),MATCH(L23,VMI!$1:$1,0)+1)*(AVERAGEIFS('Metas Produção'!I:I,'Metas Produção'!B:B,'BDT''s'!L23)),"-")} -> 64.881272 | N23: OPERADOR 10 | O23: TURNO 2 | P23: =IFERROR(COUNTIFS(O:O,O23,N:N,N23,I:I,I23,J:J,J23,C:C,C23),"-") -> 1 | Q23: =IFERROR(_xlfn.MAXIFS($R$1:R22,$K$1:K22,K23),"-") -> 529 | R23: 535 | S23: =IFERROR(IF(R23="-",0,IF(R23-Q23<0,"-",R23-Q23)),"-") -> 6 | T23: {=IFERROR(U23/INDEX('Cadastro Talhão'!F:F,MATCH(1,('Cadastro Talhão'!B:B='BDT''s'!G23)*('Cadastro Talhão'!C:C='BDT''s'!H23)*('Cadastro Talhão'!A:A='BDT''s'!C23),0)),"-")} -> 2666.6667 | U23: 400 | V23: =IF(U23="-",0,IFERROR(IF(AJ23="FINALIZADO",AI23/SUMIFS(AG:AG,G:G,G23,H:H,H23,L:L,L23,A:A,A23,B:B,B23)*AG23,U23),U23)) -> 400 | W23: =IFERROR(U23/S23,"-") -> 66.666667 | X23: {=IFERROR(U23/INDEX('Cadastro Talhão'!G:G,MATCH(1,('Cadastro Talhão'!B:B=G23)*('Cadastro Talhão'!C:C=H23),0))*INDEX('Cadastro Talhão'!D:D,MATCH(1,('Cadastro Talhão'!B:B=G23)*('Cadastro Talhão'!C:C=H23),0)),"-")} -> 0.48 | Y23: {=IFERROR(V23/INDEX('Cadastro Talhão'!G:G,MATCH(1,('Cadastro Talhão'!B:B=G23)*('Cadastro Talhão'!C:C=H23),0))*INDEX('Cadastro Talhão'!D:D,MATCH(1,('Cadastro Talhão'!B:B=G23)*('Cadastro Talhão'!C:C=H23),0)),"-")} -> 0.48 | Z23: {=IFERROR(INDEX('Metas Produção'!$A:$ZZ,MATCH(K23, 'Metas Produção'!$A:$A, 0),MATCH(F23, 'Metas Produção'!$1:$1, 0)+1)*12,"-")} -> 809.16667 | AA23: =IFERROR(Z23/12,"-") -> 67.430556 | AB23: {=IFERROR(INDEX('Metas Produção'!$A:$ZZ,MATCH(K23, 'Metas Produção'!$A:$A, 0),MATCH(F23, 'Metas Produção'!$1:$1, 0)+2)*12,"-")} -> 897.94381 | AC23: =IFERROR(AB23/12,"-") -> 74.828651 | AD23: {=IFERROR(INDEX('Metas Produção'!$A:$ZZ,MATCH(K23, 'Metas Produção'!$A:$A, 0),MATCH(F23, 'Metas Produção'!$1:$1, 0)+3)*12,"-")} -> 900 | AE23: =IFERROR(AD23/12,"-") -> 75 | AF23: =IFERROR(IF(W23="-","-",IF(W23<AA23,"BAIXO",IF(AND(W23>=AA23,W23<AC23),"MEDIO",IF(AND(W23>=AC23,W23<=AE23),"ALTO","-")))),"-") -> BAIXO | AG23: =IFERROR(U23/SUMIFS(U:U,G:G,G23,H:H,H23,L:L,L23,A:A,A23,B:B,B23),0) -> 0.1980198 | AH23: {=IFERROR(V23/INDEX('Cadastro Talhão'!G:G,MATCH(1,('Cadastro Talhão'!B:B=G23)*('Cadastro Talhão'!C:C=H23),0)),"-")} -> 0.04 | AI23: {=IFERROR(IF(AJ23="EM ANDAMENTO",U23,IF(AJ23="FINALIZADO",INDEX('Cadastro Talhão'!G:G,MATCH(1,('Cadastro Talhão'!B:B=G23)*('Cadastro Talhão'!C:C=H23),0)),"-")),"-")} -> 400 | AJ23: {=IFERROR(INDEX(Estoque!$A:$Z,MATCH(1,(Estoque!$E:$E='BDT''s'!G23)*(Estoque!$F:$F='BDT''s'!H23)*(Estoque!$B:$B='BDT''s'!B23),0),MATCH('BDT''s'!L23,Estoque!$1:$1,0)+4),"-")} -> EM ANDAMENTO
A24: =IFERROR(YEAR(I24),"-") -> 2026 | B24: =IFERROR(DATE(YEAR(I24),MONTH(I24),MONTH(I24)),"-") -> 46023 | C24: {=IFERROR(IF(INDEX('Cadastro Talhão'!A:A,MATCH(1,('Cadastro Talhão'!B:B='BDT''s'!G24)*('Cadastro Talhão'!C:C='BDT''s'!H24),0))=0,"-",INDEX('Cadastro Talhão'!A:A,MATCH(1,('Cadastro Talhão'!B:B='BDT''s'!G24)*('Cadastro Talhão'!C:C='BDT''s'!H24),0))),"-")} -> CONTRATO 1 | D24: {=IFERROR(INDEX('Cadastro Talhão'!H:H,MATCH(1,('Cadastro Talhão'!B:B='BDT''s'!G24)*('Cadastro Talhão'!C:C='BDT''s'!H24),0)),"-")} -> 1.9 | E24: {=IFERROR(INDEX('Cadastro Talhão'!F:F,MATCH(1,('Cadastro Talhão'!B:B='BDT''s'!G24)*('Cadastro Talhão'!C:C='BDT''s'!H24),0)),"-")} -> 0.16 | F24: =IFERROR(VLOOKUP(E24,VMI!A:B,2,FALSE),"-") -> 0,16 a 0,20 | G24: FAZENDA 1 | H24: 25 | I24: 46024 | J24: GARRA2 | K24: =IFERROR(VLOOKUP(J24,Cadastros!A:B,2,FALSE),"-") -> GARRA TRAÇADORA 2 | L24: =IFERROR(VLOOKUP(K24,Cadastros!B:D,3,FALSE),"-") -> TRAÇAMENTO | M24: {=IFERROR(INDEX(VMI!$A:$AAL,MATCH(1,(VMI!$A:$A=E24)*(VMI!$B:$B=F24),0),MATCH(L24,VMI!$1:$1,0)+1)*(AVERAGEIFS('Metas Produção'!I:I,'Metas Produção'!B:B,'BDT''s'!L24)),"-")} -> 82.751429 | N24: OPERADOR 11 | O24: TURNO 1 | P24: =IFERROR(COUNTIFS(O:O,O24,N:N,N24,I:I,I24,J:J,J24,C:C,C24),"-") -> 1 | Q24: =IFERROR(_xlfn.MAXIFS($R$1:R23,$K$1:K23,K24),"-") -> 715 | R24: 720 | S24: =IFERROR(IF(R24="-",0,IF(R24-Q24<0,"-",R24-Q24)),"-") -> 5 | T24: {=IFERROR(U24/INDEX('Cadastro Talhão'!F:F,MATCH(1,('Cadastro Talhão'!B:B='BDT''s'!G24)*('Cadastro Talhão'!C:C='BDT''s'!H24)*('Cadastro Talhão'!A:A='BDT''s'!C24),0)),"-")} -> 3000 | U24: 480 | V24: =IF(U24="-",0,IFERROR(IF(AJ24="FINALIZADO",AI24/SUMIFS(AG:AG,G:G,G24,H:H,H24,L:L,L24,A:A,A24,B:B,B24)*AG24,U24),U24)) -> 480 | W24: =IFERROR(U24/S24,"-") -> 96 | X24: {=IFERROR(U24/INDEX('Cadastro Talhão'!G:G,MATCH(1,('Cadastro Talhão'!B:B=G24)*('Cadastro Talhão'!C:C=H24),0))*INDEX('Cadastro Talhão'!D:D,MATCH(1,('Cadastro Talhão'!B:B=G24)*('Cadastro Talhão'!C:C=H24),0)),"-")} -> 0.36923077 | Y24: {=IFERROR(V24/INDEX('Cadastro Talhão'!G:G,MATCH(1,('Cadastro Talhão'!B:B=G24)*('Cadastro Talhão'!C:C=H24),0))*INDEX('Cadastro Talhão'!D:D,MATCH(1,('Cadastro Talhão'!B:B=G24)*('Cadastro Talhão'!C:C=H24),0)),"-")} -> 0.36923077 | Z24: {=IFERROR(INDEX('Metas Produção'!$A:$ZZ,MATCH(K24, 'Metas Produção'!$A:$A, 0),MATCH(F24, 'Metas Produção'!$1:$1, 0)+1)*12,"-")} -> 954 | AA24: =IFERROR(Z24/12,"-") -> 79.5 | AB24: {=IFERROR(INDEX('Metas Produção'!$A:$ZZ,MATCH(K24, 'Metas Produção'!$A:$A, 0),MATCH(F24, 'Metas Produção'!$1:$1, 0)+2)*12,"-")} -> 978.61935 | AC24: =IFERROR(AB24/12,"-") -> 81.551613 | AD24: {=IFERROR(INDEX('Metas Produção'!$A:$ZZ,MATCH(K24, 'Metas Produção'!$A:$A, 0),MATCH(F24, 'Metas Produção'!$1:$1, 0)+3)*12,"-")} -> 1152 | AE24: =IFERROR(AD24/12,"-") -> 96 | AF24: =IFERROR(IF(W24="-","-",IF(W24<AA24,"BAIXO",IF(AND(W24>=AA24,W24<AC24),"MEDIO",IF(AND(W24>=AC24,W24<=AE24),"ALTO","-")))),"-") -> ALTO | AG24: =IFERROR(U24/SUMIFS(U:U,G:G,G24,H:H,H24,L:L,L24,A:A,A24,B:B,B24),0) -> 0.24615385 | AH24: {=IFERROR(V24/INDEX('Cadastro Talhão'!G:G,MATCH(1,('Cadastro Talhão'!B:B=G24)*('Cadastro Talhão'!C:C=H24),0)),"-")} -> 0.036923077 | AI24: {=IFERROR(IF(AJ24="EM ANDAMENTO",U24,IF(AJ24="FINALIZADO",INDEX('Cadastro Talhão'!G:G,MATCH(1,('Cadastro Talhão'!B:B=G24)*('Cadastro Talhão'!C:C=H24),0)),"-")),"-")} -> 480 | AJ24: {=IFERROR(INDEX(Estoque!$A:$Z,MATCH(1,(Estoque!$E:$E='BDT''s'!G24)*(Estoque!$F:$F='BDT''s'!H24)*(Estoque!$B:$B='BDT''s'!B24),0),MATCH('BDT''s'!L24,Estoque!$1:$1,0)+4),"-")} -> EM ANDAMENTO
A25: =IFERROR(YEAR(I25),"-") -> 2026 | B25: =IFERROR(DATE(YEAR(I25),MONTH(I25),MONTH(I25)),"-") -> 46023 | C25: {=IFERROR(IF(INDEX('Cadastro Talhão'!A:A,MATCH(1,('Cadastro Talhão'!B:B='BDT''s'!G25)*('Cadastro Talhão'!C:C='BDT''s'!H25),0))=0,"-",INDEX('Cadastro Talhão'!A:A,MATCH(1,('Cadastro Talhão'!B:B='BDT''s'!G25)*('Cadastro Talhão'!C:C='BDT''s'!H25),0))),"-")} -> CONTRATO 1 | D25: {=IFERROR(INDEX('Cadastro Talhão'!H:H,MATCH(1,('Cadastro Talhão'!B:B='BDT''s'!G25)*('Cadastro Talhão'!C:C='BDT''s'!H25),0)),"-")} -> 1.9 | E25: {=IFERROR(INDEX('Cadastro Talhão'!F:F,MATCH(1,('Cadastro Talhão'!B:B='BDT''s'!G25)*('Cadastro Talhão'!C:C='BDT''s'!H25),0)),"-")} -> 0.16 | F25: =IFERROR(VLOOKUP(E25,VMI!A:B,2,FALSE),"-") -> 0,16 a 0,20 | G25: FAZENDA 1 | H25: 25 | I25: 46024 | J25: GARRA2 | K25: =IFERROR(VLOOKUP(J25,Cadastros!A:B,2,FALSE),"-") -> GARRA TRAÇADORA 2 | L25: =IFERROR(VLOOKUP(K25,Cadastros!B:D,3,FALSE),"-") -> TRAÇAMENTO | M25: {=IFERROR(INDEX(VMI!$A:$AAL,MATCH(1,(VMI!$A:$A=E25)*(VMI!$B:$B=F25),0),MATCH(L25,VMI!$1:$1,0)+1)*(AVERAGEIFS('Metas Produção'!I:I,'Metas Produção'!B:B,'BDT''s'!L25)),"-")} -> 82.751429 | N25: OPERADOR 12 | O25: TURNO 2 | P25: =IFERROR(COUNTIFS(O:O,O25,N:N,N25,I:I,I25,J:J,J25,C:C,C25),"-") -> 1 | Q25: =IFERROR(_xlfn.MAXIFS($R$1:R24,$K$1:K24,K25),"-") -> 720 | R25: 725 | S25: =IFERROR(IF(R25="-",0,IF(R25-Q25<0,"-",R25-Q25)),"-") -> 5 | T25: {=IFERROR(U25/INDEX('Cadastro Talhão'!F:F,MATCH(1,('Cadastro Talhão'!B:B='BDT''s'!G25)*('Cadastro Talhão'!C:C='BDT''s'!H25)*('Cadastro Talhão'!A:A='BDT''s'!C25),0)),"-")} -> 2000 | U25: 320 | V25: =IF(U25="-",0,IFERROR(IF(AJ25="FINALIZADO",AI25/SUMIFS(AG:AG,G:G,G25,H:H,H25,L:L,L25,A:A,A25,B:B,B25)*AG25,U25),U25)) -> 320 | W25: =IFERROR(U25/S25,"-") -> 64 | X25: {=IFERROR(U25/INDEX('Cadastro Talhão'!G:G,MATCH(1,('Cadastro Talhão'!B:B=G25)*('Cadastro Talhão'!C:C=H25),0))*INDEX('Cadastro Talhão'!D:D,MATCH(1,('Cadastro Talhão'!B:B=G25)*('Cadastro Talhão'!C:C=H25),0)),"-")} -> 0.24615385 | Y25: {=IFERROR(V25/INDEX('Cadastro Talhão'!G:G,MATCH(1,('Cadastro Talhão'!B:B=G25)*('Cadastro Talhão'!C:C=H25),0))*INDEX('Cadastro Talhão'!D:D,MATCH(1,('Cadastro Talhão'!B:B=G25)*('Cadastro Talhão'!C:C=H25),0)),"-")} -> 0.24615385 | Z25: {=IFERROR(INDEX('Metas Produção'!$A:$ZZ,MATCH(K25, 'Metas Produção'!$A:$A, 0),MATCH(F25, 'Metas Produção'!$1:$1, 0)+1)*12,"-")} -> 954 | AA25: =IFERROR(Z25/12,"-") -> 79.5 | AB25: {=IFERROR(INDEX('Metas Produção'!$A:$ZZ,MATCH(K25, 'Metas Produção'!$A:$A, 0),MATCH(F25, 'Metas Produção'!$1:$1, 0)+2)*12,"-")} -> 978.61935 | AC25: =IFERROR(AB25/12,"-") -> 81.551613 | AD25: {=IFERROR(INDEX('Metas Produção'!$A:$ZZ,MATCH(K25, 'Metas Produção'!$A:$A, 0),MATCH(F25, 'Metas Produção'!$1:$1, 0)+3)*12,"-")} -> 1152 | AE25: =IFERROR(AD25/12,"-") -> 96 | AF25: =IFERROR(IF(W25="-","-",IF(W25<AA25,"BAIXO",IF(AND(W25>=AA25,W25<AC25),"MEDIO",IF(AND(W25>=AC25,W25<=AE25),"ALTO","-")))),"-") -> BAIXO | AG25: =IFERROR(U25/SUMIFS(U:U,G:G,G25,H:H,H25,L:L,L25,A:A,A25,B:B,B25),0) -> 0.16410256 | AH25: {=IFERROR(V25/INDEX('Cadastro Talhão'!G:G,MATCH(1,('Cadastro Talhão'!B:B=G25)*('Cadastro Talhão'!C:C=H25),0)),"-")} -> 0.024615385 | AI25: {=IFERROR(IF(AJ25="EM ANDAMENTO",U25,IF(AJ25="FINALIZADO",INDEX('Cadastro Talhão'!G:G,MATCH(1,('Cadastro Talhão'!B:B=G25)*('Cadastro Talhão'!C:C=H25),0)),"-")),"-")} -> 320 | AJ25: {=IFERROR(INDEX(Estoque!$A:$Z,MATCH(1,(Estoque!$E:$E='BDT''s'!G25)*(Estoque!$F:$F='BDT''s'!H25)*(Estoque!$B:$B='BDT''s'!B25),0),MATCH('BDT''s'!L25,Estoque!$1:$1,0)+4),"-")} -> EM ANDAMENTO

Sheet Estoque
A1: ANO | B1: MÊS | C1: DATA INCIO TALHÃO | D1: CONTRATO | E1: FAZENDA | F1: TALHÃO | G1: VMI | H1: CORTE | I1: ESTOQUE INICIAL CORTE | J1: ESTOQUE FINAL CORTE | K1: HORAS CORTE | L1: STATUS CORTE | M1: ARRASTE | N1: ESTOQUE INICIAL ARRASTE | O1: ESTOQUE FINAL ARRASTE | P1: HORAS ARRASTE | Q1: STATUS ARRASTE | R1: TRAÇAMENTO | S1: ESTOQUE INICIAL TRAÇAMENTO | T1: ESTOQUE FINAL TRAÇAMENTO | U1: HORAS TRAÇAMENTO | V1: STATUS TRAÇAMENTO | X1: % CORTE | Y1: % ARRASTE | Z1: % TRAÇAMENTO
A2: =IFERROR(YEAR(C2),"-") -> 2026 | B2: 46023 | C2: =IFERROR(IF(_xlfn.MINIFS('BDT''s'!I:I,'BDT''s'!G:G,E2,'BDT''s'!H:H,F2,'BDT''s'!B:B,B2)=0,"-",_xlfn.MINIFS('BDT''s'!I:I,'BDT''s'!G:G,E2,'BDT''s'!H:H,F2,'BDT''s'!B:B,B2)),"-") -> 46023 | D2: {=IFERROR(IF(INDEX('Cadastro Talhão'!A:A,MATCH(1,('Cadastro Talhão'!B:B=E2)*('Cadastro Talhão'!C:C=F2),0))=0,"-",INDEX('Cadastro Talhão'!A:A,MATCH(1,('Cadastro Talhão'!B:B=E2)*('Cadastro Talhão'!C:C=F2),0))),"-")} -> CONTRATO 1 | E2: FAZENDA 1 | F2: 15 | G2: {=IFERROR(INDEX('Cadastro Talhão'!F:F,MATCH(1,('Cadastro Talhão'!B:B=E2)*('Cadastro Talhão'!C:C=F2),0)),"-")} -> 0.15 | H2: CORTE | I2: {=IFERROR(INDEX('Cadastro Talhão'!G:G,MATCH(1,('Cadastro Talhão'!B:B=E2)*('Cadastro Talhão'!C:C=F2),0)),"-")} -> 10000 | J2: =IFERROR(SUMIFS('BDT''s'!V:V,'BDT''s'!G:G,E2,'BDT''s'!H:H,F2,'BDT''s'!L:L,H2,'BDT''s'!B:B,B2,'BDT''s'!A:A,A2,'BDT''s'!C:C,D2),"-") -> 2930 | K2: =IFERROR(SUMIFS('BDT''s'!S:S,'BDT''s'!G:G,E2,'BDT''s'!H:H,F2,'BDT''s'!L:L,H2,'BDT''s'!B:B,B2,'BDT''s'!A:A,A2,'BDT''s'!C:C,D2),"-") -> 35.2 | L2: EM ANDAMENTO | M2: ARRASTE | N2: {=IFERROR(INDEX('Cadastro Talhão'!G:G,MATCH(1,('Cadastro Talhão'!B:B=E2)*('Cadastro Talhão'!C:C=F2),0)),"-")} -> 10000 | O2: =IFERROR(SUMIFS('BDT''s'!V:V,'BDT''s'!G:G,E2,'BDT''s'!H:H,F2,'BDT''s'!L:L,M2,'BDT''s'!B:B,B2,'BDT''s'!A:A,A2,'BDT''s'!C:C,D2),"-") -> 2510 | P2: =IFERROR(SUMIFS('BDT''s'!S:S,'BDT''s'!G:G,E2,'BDT''s'!H:H,F2,'BDT''s'!L:L,M2,'BDT''s'!B:B,B2,'BDT''s'!A:A,A2,'BDT''s'!C:C,D2),"-") -> 23 | Q2: EM ANDAMENTO | R2: TRAÇAMENTO | S2: {=IFERROR(INDEX('Cadastro Talhão'!G:G,MATCH(1,('Cadastro Talhão'!B:B=E2)*('Cadastro Talhão'!C:C=F2),0)),"-")} -> 10000 | T2: =IFERROR(SUMIFS('BDT''s'!V:V,'BDT''s'!G:G,E2,'BDT''s'!H:H,F2,'BDT''s'!L:L,R2,'BDT''s'!B:B,B2,'BDT''s'!A:A,A2,'BDT''s'!C:C,D2),"-") -> 2020 | U2: =IFERROR(SUMIFS('BDT''s'!S:S,'BDT''s'!G:G,E2,'BDT''s'!H:H,F2,'BDT''s'!L:L,R2,'BDT''s'!B:B,B2,'BDT''s'!A:A,A2,'BDT''s'!C:C,D2),"-") -> 35 | V2: EM ANDAMENTO | X2: =IFERROR(J2/I2,0) -> 0.293 | Y2: =IFERROR(O2/N2,0) -> 0.251 | Z2: =IFERROR(T2/S2,0) -> 0.202
A3: =IFERROR(YEAR(C3),"-") -> 2026 | B3: 46023 | C3: =IFERROR(IF(_xlfn.MINIFS('BDT''s'!I:I,'BDT''s'!G:G,E3,'BDT''s'!H:H,F3,'BDT''s'!B:B,B3)=0,"-",_xlfn.MINIFS('BDT''s'!I:I,'BDT''s'!G:G,E3,'BDT''s'!H:H,F3,'BDT''s'!B:B,B3)),"-") -> 46023 | D3: {=IFERROR(IF(INDEX('Cadastro Talhão'!A:A,MATCH(1,('Cadastro Talhão'!B:B=E3)*('Cadastro Talhão'!C:C=F3),0))=0,"-",INDEX('Cadastro Talhão'!A:A,MATCH(1,('Cadastro Talhão'!B:B=E3)*('Cadastro Talhão'!C:C=F3),0))),"-")} -> CONTRATO 1 | E3: FAZENDA 1 | F3: 25 | G3: {=IFERROR(INDEX('Cadastro Talhão'!F:F,MATCH(1,('Cadastro Talhão'!B:B=E3)*('Cadastro Talhão'!C:C=F3),0)),"-")} -> 0.16 | H3: CORTE | I3: {=IFERROR(INDEX('Cadastro Talhão'!G:G,MATCH(1,('Cadastro Talhão'!B:B=E3)*('Cadastro Talhão'!C:C=F3),0)),"-")} -> 13000 | J3: =IFERROR(SUMIFS('BDT''s'!V:V,'BDT''s'!G:G,E3,'BDT''s'!H:H,F3,'BDT''s'!L:L,H3,'BDT''s'!B:B,B3,'BDT''s'!A:A,A3,'BDT''s'!C:C,D3),"-") -> 4900 | K3: =IFERROR(SUMIFS('BDT''s'!S:S,'BDT''s'!G:G,E3,'BDT''s'!H:H,F3,'BDT''s'!L:L,H3,'BDT''s'!B:B,B3,'BDT''s'!A:A,A3,'BDT''s'!C:C,D3),"-") -> 40 | L3: EM ANDAMENTO | M3: ARRASTE | N3: {=IFERROR(INDEX('Cadastro Talhão'!G:G,MATCH(1,('Cadastro Talhão'!B:B=E3)*('Cadastro Talhão'!C:C=F3),0)),"-")} -> 13000 | O3: =IFERROR(SUMIFS('BDT''s'!V:V,'BDT''s'!G:G,E3,'BDT''s'!H:H,F3,'BDT''s'!L:L,M3,'BDT''s'!B:B,B3,'BDT''s'!A:A,A3,'BDT''s'!C:C,D3),"-") -> 3020 | P3: =IFERROR(SUMIFS('BDT''s'!S:S,'BDT''s'!G:G,E3,'BDT''s'!H:H,F3,'BDT''s'!L:L,M3,'BDT''s'!B:B,B3,'BDT''s'!A:A,A3,'BDT''s'!C:C,D3),"-") -> 35 | Q3: EM ANDAMENTO | R3: TRAÇAMENTO | S3: {=IFERROR(INDEX('Cadastro Talhão'!G:G,MATCH(1,('Cadastro Talhão'!B:B=E3)*('Cadastro Talhão'!C:C=F3),0)),"-")} -> 13000 | T3: =IFERROR(SUMIFS('BDT''s'!V:V,'BDT''s'!G:G,E3,'BDT''s'!H:H,F3,'BDT''s'!L:L,R3,'BDT''s'!B:B,B3,'BDT''s'!A:A,A3,'BDT''s'!C:C,D3),"-") -> 1950 | U3: =IFERROR(SUMIFS('BDT''s'!S:S,'BDT''s'!G:G,E3,'BDT''s'!H:H,F3,'BDT''s'!L:L,R3,'BDT''s'!B:B,B3,'BDT''s'!A:A,A3,'BDT''s'!C:C,D3),"-") -> 25 | V3: EM ANDAMENTO | X3: =IFERROR(J3/I3,0) -> 0.37692308 | Y3: =IFERROR(O3/N3,0) -> 0.23230769 | Z3: =IFERROR(T3/S3,0) -> 0.15
A4: =IFERROR(YEAR(C4),"-") -> - | B4: 46023 | C4: =IFERROR(IF(_xlfn.MINIFS('BDT''s'!I:I,'BDT''s'!G:G,E4,'BDT''s'!H:H,F4,'BDT''s'!B:B,B4)=0,"-",_xlfn.MINIFS('BDT''s'!I:I,'BDT''s'!G:G,E4,'BDT''s'!H:H,F4,'BDT''s'!B:B,B4)),"-") -> - | D4: {=IFERROR(IF(INDEX('Cadastro Talhão'!A:A,MATCH(1,('Cadastro Talhão'!B:B=E4)*('Cadastro Talhão'!C:C=F4),0))=0,"-",INDEX('Cadastro Talhão'!A:A,MATCH(1,('Cadastro Talhão'!B:B=E4)*('Cadastro Talhão'!C:C=F4),0))),"-")} -> CONTRATO 2 | E4: FAZENDA 2 | F4: 2A | G4: {=IFERROR(INDEX('Cadastro Talhão'!F:F,MATCH(1,('Cadastro Talhão'!B:B=E4)*('Cadastro Talhão'!C:C=F4),0)),"-")} -> 0.1 | H4: CORTE | I4: {=IFERROR(INDEX('Cadastro Talhão'!G:G,MATCH(1,('Cadastro Talhão'!B:B=E4)*('Cadastro Talhão'!C:C=F4),0)),"-")} -> 6000 | J4: =IFERROR(SUMIFS('BDT''s'!V:V,'BDT''s'!G:G,E4,'BDT''s'!H:H,F4,'BDT''s'!L:L,H4,'BDT''s'!B:B,B4,'BDT''s'!A:A,A4,'BDT''s'!C:C,D4),"-") -> 0 | K4: =IFERROR(SUMIFS('BDT''s'!S:S,'BDT''s'!G:G,E4,'BDT''s'!H:H,F4,'BDT''s'!L:L,H4,'BDT''s'!B:B,B4,'BDT''s'!A:A,A4,'BDT''s'!C:C,D4),"-") -> 0 | L4: EM ANDAMENTO | M4: ARRASTE | N4: {=IFERROR(INDEX('Cadastro Talhão'!G:G,MATCH(1,('Cadastro Talhão'!B:B=E4)*('Cadastro Talhão'!C:C=F4),0)),"-")} -> 6000 | O4: =IFERROR(SUMIFS('BDT''s'!V:V,'BDT''s'!G:G,E4,'BDT''s'!H:H,F4,'BDT''s'!L:L,M4,'BDT''s'!B:B,B4,'BDT''s'!A:A,A4,'BDT''s'!C:C,D4),"-") -> 0 | P4: =IFERROR(SUMIFS('BDT''s'!S:S,'BDT''s'!G:G,E4,'BDT''s'!H:H,F4,'BDT''s'!L:L,M4,'BDT''s'!B:B,B4,'BDT''s'!A:A,A4,'BDT''s'!C:C,D4),"-") -> 0 | Q4: EM ANDAMENTO | R4: TRAÇAMENTO | S4: {=IFERROR(INDEX('Cadastro Talhão'!G:G,MATCH(1,('Cadastro Talhão'!B:B=E4)*('Cadastro Talhão'!C:C=F4),0)),"-")} -> 6000 | T4: =IFERROR(SUMIFS('BDT''s'!V:V,'BDT''s'!G:G,E4,'BDT''s'!H:H,F4,'BDT''s'!L:L,R4,'BDT''s'!B:B,B4,'BDT''s'!A:A,A4,'BDT''s'!C:C,D4),"-") -> 0 | U4: =IFERROR(SUMIFS('BDT''s'!S:S,'BDT''s'!G:G,E4,'BDT''s'!H:H,F4,'BDT''s'!L:L,R4,'BDT''s'!B:B,B4,'BDT''s'!A:A,A4,'BDT''s'!C:C,D4),"-") -> 0 | V4: EM ANDAMENTO | X4: =IFERROR(J4/I4,0) -> 0 | Y4: =IFERROR(O4/N4,0) -> 0 | Z4: =IFERROR(T4/S4,0) -> 0
A5: =IFERROR(YEAR(C5),"-") -> - | B5: 46023 | C5: =IFERROR(IF(_xlfn.MINIFS('BDT''s'!I:I,'BDT''s'!G:G,E5,'BDT''s'!H:H,F5,'BDT''s'!B:B,B5)=0,"-",_xlfn.MINIFS('BDT''s'!I:I,'BDT''s'!G:G,E5,'BDT''s'!H:H,F5,'BDT''s'!B:B,B5)),"-") -> - | D5: {=IFERROR(IF(INDEX('Cadastro Talhão'!A:A,MATCH(1,('Cadastro Talhão'!B:B=E5)*('Cadastro Talhão'!C:C=F5),0))=0,"-",INDEX('Cadastro Talhão'!A:A,MATCH(1,('Cadastro Talhão'!B:B=E5)*('Cadastro Talhão'!C:C=F5),0))),"-")} -> CONTRATO 2 | E5: FAZENDA 2 | F5: 2B | G5: {=IFERROR(INDEX('Cadastro Talhão'!F:F,MATCH(1,('Cadastro Talhão'!B:B=E5)*('Cadastro Talhão'!C:C=F5),0)),"-")} -> 0.11 | H5: CORTE | I5: {=IFERROR(INDEX('Cadastro Talhão'!G:G,MATCH(1,('Cadastro Talhão'!B:B=E5)*('Cadastro Talhão'!C:C=F5),0)),"-")} -> 8500 | J5: =IFERROR(SUMIFS('BDT''s'!V:V,'BDT''s'!G:G,E5,'BDT''s'!H:H,F5,'BDT''s'!L:L,H5,'BDT''s'!B:B,B5,'BDT''s'!A:A,A5,'BDT''s'!C:C,D5),"-") -> 0 | K5: =IFERROR(SUMIFS('BDT''s'!S:S,'BDT''s'!G:G,E5,'BDT''s'!H:H,F5,'BDT''s'!L:L,H5,'BDT''s'!B:B,B5,'BDT''s'!A:A,A5,'BDT''s'!C:C,D5),"-") -> 0 | L5: EM ANDAMENTO | M5: ARRASTE | N5: {=IFERROR(INDEX('Cadastro Talhão'!G:G,MATCH(1,('Cadastro Talhão'!B:B=E5)*('Cadastro Talhão'!C:C=F5),0)),"-")} -> 8500 | O5: =IFERROR(SUMIFS('BDT''s'!V:V,'BDT''s'!G:G,E5,'BDT''s'!H:H,F5,'BDT''s'!L:L,M5,'BDT''s'!B:B,B5,'BDT''s'!A:A,A5,'BDT''s'!C:C,D5),"-") -> 0 | P5: =IFERROR(SUMIFS('BDT''s'!S:S,'BDT''s'!G:G,E5,'BDT''s'!H:H,F5,'BDT''s'!L:L,M5,'BDT''s'!B:B,B5,'BDT''s'!A:A,A5,'BDT''s'!C:C,D5),"-") -> 0 | Q5: EM ANDAMENTO | R5: TRAÇAMENTO | S5: {=IFERROR(INDEX('Cadastro Talhão'!G:G,MATCH(1,('Cadastro Talhão'!B:B=E5)*('Cadastro Talhão'!C:C=F5),0)),"-")} -> 8500 | T5: =IFERROR(SUMIFS('BDT''s'!V:V,'BDT''s'!G:G,E5,'BDT''s'!H:H,F5,'BDT''s'!L:L,R5,'BDT''s'!B:B,B5,'BDT''s'!A:A,A5,'BDT''s'!C:C,D5),"-") -> 0 | U5: =IFERROR(SUMIFS('BDT''s'!S:S,'BDT''s'!G:G,E5,'BDT''s'!H:H,F5,'BDT''s'!L:L,R5,'BDT''s'!B:B,B5,'BDT''s'!A:A,A5,'BDT''s'!C:C,D5),"-") -> 0 | V5: EM ANDAMENTO | X5: =IFERROR(J5/I5,0) -> 0 | Y5: =IFERROR(O5/N5,0) -> 0 | Z5: =IFERROR(T5/S5,0) -> 0
A6: =IFERROR(YEAR(C6),"-") -> - | B6: 46023 | C6: =IFERROR(IF(_xlfn.MINIFS('BDT''s'!I:I,'BDT''s'!G:G,E6,'BDT''s'!H:H,F6,'BDT''s'!B:B,B6)=0,"-",_xlfn.MINIFS('BDT''s'!I:I,'BDT''s'!G:G,E6,'BDT''s'!H:H,F6,'BDT''s'!B:B,B6)),"-") -> - | D6: {=IFERROR(IF(INDEX('Cadastro Talhão'!A:A,MATCH(1,('Cadastro Talhão'!B:B=E6)*('Cadastro Talhão'!C:C=F6),0))=0,"-",INDEX('Cadastro Talhão'!A:A,MATCH(1,('Cadastro Talhão'!B:B=E6)*('Cadastro Talhão'!C:C=F6),0))),"-")} -> CONTRATO 3 | E6: FAZENDA 3 | F6: 35A | G6: {=IFERROR(INDEX('Cadastro Talhão'!F:F,MATCH(1,('Cadastro Talhão'!B:B=E6)*('Cadastro Talhão'!C:C=F6),0)),"-")} -> 0.16 | H6: CORTE | I6: {=IFERROR(INDEX('Cadastro Talhão'!G:G,MATCH(1,('Cadastro Talhão'!B:B=E6)*('Cadastro Talhão'!C:C=F6),0)),"-")} -> 15000 | J6: =IFERROR(SUMIFS('BDT''s'!V:V,'BDT''s'!G:G,E6,'BDT''s'!H:H,F6,'BDT''s'!L:L,H6,'BDT''s'!B:B,B6,'BDT''s'!A:A,A6,'BDT''s'!C:C,D6),"-") -> 0 | K6: =IFERROR(SUMIFS('BDT''s'!S:S,'BDT''s'!G:G,E6,'BDT''s'!H:H,F6,'BDT''s'!L:L,H6,'BDT''s'!B:B,B6,'BDT''s'!A:A,A6,'BDT''s'!C:C,D6),"-") -> 0 | L6: EM ANDAMENTO | M6: ARRASTE | N6: {=IFERROR(INDEX('Cadastro Talhão'!G:G,MATCH(1,('Cadastro Talhão'!B:B=E6)*('Cadastro Talhão'!C:C=F6),0)),"-")} -> 15000 | O6: =IFERROR(SUMIFS('BDT''s'!V:V,'BDT''s'!G:G,E6,'BDT''s'!H:H,F6,'BDT''s'!L:L,M6,'BDT''s'!B:B,B6,'BDT''s'!A:A,A6,'BDT''s'!C:C,D6),"-") -> 0 | P6: =IFERROR(SUMIFS('BDT''s'!S:S,'BDT''s'!G:G,E6,'BDT''s'!H:H,F6,'BDT''s'!L:L,M6,'BDT''s'!B:B,B6,'BDT''s'!A:A,A6,'BDT''s'!C:C,D6),"-") -> 0 | Q6: EM ANDAMENTO | R6: TRAÇAMENTO | S6: {=IFERROR(INDEX('Cadastro Talhão'!G:G,MATCH(1,('Cadastro Talhão'!B:B=E6)*('Cadastro Talhão'!C:C=F6),0)),"-")} -> 15000 | T6: =IFERROR(SUMIFS('BDT''s'!V:V,'BDT''s'!G:G,E6,'BDT''s'!H:H,F6,'BDT''s'!L:L,R6,'BDT''s'!B:B,B6,'BDT''s'!A:A,A6,'BDT''s'!C:C,D6),"-") -> 0 | U6: =IFERROR(SUMIFS('BDT''s'!S:S,'BDT''s'!G:G,E6,'BDT''s'!H:H,F6,'BDT''s'!L:L,R6,'BDT''s'!B:B,B6,'BDT''s'!A:A,A6,'BDT''s'!C:C,D6),"-") -> 0 | V6: EM ANDAMENTO | X6: =IFERROR(J6/I6,0) -> 0 | Y6: =IFERROR(O6/N6,0) -> 0 | Z6: =IFERROR(T6/S6,0) -> 0
A7: =IFERROR(YEAR(C7),"-") -> - | B7: 46023 | C7: =IFERROR(IF(_xlfn.MINIFS('BDT''s'!I:I,'BDT''s'!G:G,E7,'BDT''s'!H:H,F7,'BDT''s'!B:B,B7)=0,"-",_xlfn.MINIFS('BDT''s'!I:I,'BDT''s'!G:G,E7,'BDT''s'!H:H,F7,'BDT''s'!B:B,B7)),"-") -> - | D7: {=IFERROR(IF(INDEX('Cadastro Talhão'!A:A,MATCH(1,('Cadastro Talhão'!B:B=E7)*('Cadastro Talhão'!C:C=F7),0))=0,"-",INDEX('Cadastro Talhão'!A:A,MATCH(1,('Cadastro Talhão'!B:B=E7)*('Cadastro Talhão'!C:C=F7),0))),"-")} -> CONTRATO 3 | E7: FAZENDA 3 | F7: 36B | G7: {=IFERROR(INDEX('Cadastro Talhão'!F:F,MATCH(1,('Cadastro Talhão'!B:B=E7)*('Cadastro Talhão'!C:C=F7),0)),"-")} -> 0.14 | H7: CORTE | I7: {=IFERROR(INDEX('Cadastro Talhão'!G:G,MATCH(1,('Cadastro Talhão'!B:B=E7)*('Cadastro Talhão'!C:C=F7),0)),"-")} -> 18000 | J7: =IFERROR(SUMIFS('BDT''s'!V:V,'BDT''s'!G:G,E7,'BDT''s'!H:H,F7,'BDT''s'!L:L,H7,'BDT''s'!B:B,B7,'BDT''s'!A:A,A7,'BDT''s'!C:C,D7),"-") -> 0 | K7: =IFERROR(SUMIFS('BDT''s'!S:S,'BDT''s'!G:G,E7,'BDT''s'!H:H,F7,'BDT''s'!L:L,H7,'BDT''s'!B:B,B7,'BDT''s'!A:A,A7,'BDT''s'!C:C,D7),"-") -> 0 | L7: EM ANDAMENTO | M7: ARRASTE | N7: {=IFERROR(INDEX('Cadastro Talhão'!G:G,MATCH(1,('Cadastro Talhão'!B:B=E7)*('Cadastro Talhão'!C:C=F7),0)),"-")} -> 18000 | O7: =IFERROR(SUMIFS('BDT''s'!V:V,'BDT''s'!G:G,E7,'BDT''s'!H:H,F7,'BDT''s'!L:L,M7,'BDT''s'!B:B,B7,'BDT''s'!A:A,A7,'BDT''s'!C:C,D7),"-") -> 0 | P7: =IFERROR(SUMIFS('BDT''s'!S:S,'BDT''s'!G:G,E7,'BDT''s'!H:H,F7,'BDT''s'!L:L,M7,'BDT''s'!B:B,B7,'BDT''s'!A:A,A7,'BDT''s'!C:C,D7),"-") -> 0 | Q7: EM ANDAMENTO | R7: TRAÇAMENTO | S7: {=IFERROR(INDEX('Cadastro Talhão'!G:G,MATCH(1,('Cadastro Talhão'!B:B=E7)*('Cadastro Talhão'!C:C=F7),0)),"-")} -> 18000 | T7: =IFERROR(SUMIFS('BDT''s'!V:V,'BDT''s'!G:G,E7,'BDT''s'!H:H,F7,'BDT''s'!L:L,R7,'BDT''s'!B:B,B7,'BDT''s'!A:A,A7,'BDT''s'!C:C,D7),"-") -> 0 | U7: =IFERROR(SUMIFS('BDT''s'!S:S,'BDT''s'!G:G,E7,'BDT''s'!H:H,F7,'BDT''s'!L:L,R7,'BDT''s'!B:B,B7,'BDT''s'!A:A,A7,'BDT''s'!C:C,D7),"-") -> 0 | V7: EM ANDAMENTO | X7: =IFERROR(J7/I7,0) -> 0 | Y7: =IFERROR(O7/N7,0) -> 0 | Z7: =IFERROR(T7/S7,0) -> 0

Sheet Controle Estoque
A1: {=_xlfn._xlws.FILTER('Cadastro Talhão'!B:B,'Cadastro Talhão'!B:B<>"")} -> FAZENDA | B1: {=_xlfn._xlws.FILTER('Cadastro Talhão'!C:C,'Cadastro Talhão'!C:C<>"")} -> TALHÃO | C1: VMI | D1: VMI ARRE. | E1: FAIXA VMI | F1: BITOLA | G1: TOTAL VOL. M³ | H1: CORTE | I1: ESTOQUE CORTE | J1: STATUS | K1: ARRASTE | L1: ESTOQUE ARRASTE | M1: STATUS | N1: TRAÇAMENTO | O1: ESTOQUE TRAÇAMENTO | P1: STATUS
A2: FAZENDA 1 | B2: 15 | C2: {=IFERROR(INDEX('Cadastro Talhão'!F:F,MATCH(1,('Cadastro Talhão'!B:B=A2)*('Cadastro Talhão'!C:C=B2),0)),"-")} -> 0.15 | D2: =IFERROR(ROUND(C2,2),"-") -> 0.15 | E2: =IFERROR(VLOOKUP(D2,VMI!A:B,2,FALSE),"-") -> 0,11 a 0,15 | F2: {=IFERROR(INDEX('Cadastro Talhão'!H:H,MATCH(1,('Cadastro Talhão'!B:B='Controle Estoque'!A2)*('Cadastro Talhão'!C:C='Controle Estoque'!B2),0)),"-")} -> 1.9 | G2: {=IFERROR(INDEX('Cadastro Talhão'!G:G,MATCH(1,('Cadastro Talhão'!B:B='Controle Estoque'!A2)*('Cadastro Talhão'!C:C='Controle Estoque'!B2),0)),"-")} -> 10000 | H2: CORTE | I2: =SUMIFS(Estoque!X:X, Estoque!E:E, A2, Estoque!F:F, B2) -> 0.293 | J2: =IF(I2>1,"DIVERGENTE","OK") -> OK | K2: ARRASTE | L2: =SUMIFS(Estoque!Y:Y, Estoque!E:E, A2, Estoque!F:F, B2) -> 0.251 | M2: =IF(L2>1,"DIVERGENTE","OK") -> OK | N2: TRAÇAMENTO | O2: =SUMIFS(Estoque!Z:Z, Estoque!E:E, A2, Estoque!F:F, B2) -> 0.202 | P2: =IF(O2>1,"DIVERGENTE","OK") -> OK
A3: FAZENDA 1 | B3: 25 | C3: {=IFERROR(INDEX('Cadastro Talhão'!F:F,MATCH(1,('Cadastro Talhão'!B:B=A3)*('Cadastro Talhão'!C:C=B3),0)),"-")} -> 0.16 | D3: =IFERROR(ROUND(C3,2),"-") -> 0.16 | E3: =IFERROR(VLOOKUP(D3,VMI!A:B,2,FALSE),"-") -> 0,16 a 0,20 | F3: {=IFERROR(INDEX('Cadastro Talhão'!H:H,MATCH(1,('Cadastro Talhão'!B:B='Controle Estoque'!A3)*('Cadastro Talhão'!C:C='Controle Estoque'!B3),0)),"-")} -> 1.9 | G3: {=IFERROR(INDEX('Cadastro Talhão'!G:G,MATCH(1,('Cadastro Talhão'!B:B='Controle Estoque'!A3)*('Cadastro Talhão'!C:C='Controle Estoque'!B3),0)),"-")} -> 13000 | H3: CORTE | I3: =SUMIFS(Estoque!X:X, Estoque!E:E, A3, Estoque!F:F, B3) -> 0.37692308 | J3: =IF(I3>1,"DIVERGENTE","OK") -> OK | K3: ARRASTE | L3: =SUMIFS(Estoque!Y:Y, Estoque!E:E, A3, Estoque!F:F, B3) -> 0.23230769 | M3: =IF(L3>1,"DIVERGENTE","OK") -> OK | N3: TRAÇAMENTO | O3: =SUMIFS(Estoque!Z:Z, Estoque!E:E, A3, Estoque!F:F, B3) -> 0.15 | P3: =IF(O3>1,"DIVERGENTE","OK") -> OK
A4: FAZENDA 2 | B4: 2A | C4: {=IFERROR(INDEX('Cadastro Talhão'!F:F,MATCH(1,('Cadastro Talhão'!B:B=A4)*('Cadastro Talhão'!C:C=B4),0)),"-")} -> 0.1 | D4: =IFERROR(ROUND(C4,2),"-") -> 0.1 | E4: =IFERROR(VLOOKUP(D4,VMI!A:B,2,FALSE),"-") -> 0,06 a 0,10 | F4: {=IFERROR(INDEX('Cadastro Talhão'!H:H,MATCH(1,('Cadastro Talhão'!B:B='Controle Estoque'!A4)*('Cadastro Talhão'!C:C='Controle Estoque'!B4),0)),"-")} -> 1.9 | G4: {=IFERROR(INDEX('Cadastro Talhão'!G:G,MATCH(1,('Cadastro Talhão'!B:B='Controle Estoque'!A4)*('Cadastro Talhão'!C:C='Controle Estoque'!B4),0)),"-")} -> 6000 | H4: CORTE | I4: =SUMIFS(Estoque!X:X, Estoque!E:E, A4, Estoque!F:F, B4) -> 0 | J4: =IF(I4>1,"DIVERGENTE","OK") -> OK | K4: ARRASTE | L4: =SUMIFS(Estoque!Y:Y, Estoque!E:E, A4, Estoque!F:F, B4) -> 0 | M4: =IF(L4>1,"DIVERGENTE","OK") -> OK | N4: TRAÇAMENTO | O4: =SUMIFS(Estoque!Z:Z, Estoque!E:E, A4, Estoque!F:F, B4) -> 0 | P4: =IF(O4>1,"DIVERGENTE","OK") -> OK
A5: FAZENDA 2 | B5: 2B | C5: {=IFERROR(INDEX('Cadastro Talhão'!F:F,MATCH(1,('Cadastro Talhão'!B:B=A5)*('Cadastro Talhão'!C:C=B5),0)),"-")} -> 0.11 | D5: =IFERROR(ROUND(C5,2),"-") -> 0.11 | E5: =IFERROR(VLOOKUP(D5,VMI!A:B,2,FALSE),"-") -> 0,11 a 0,15 | F5: {=IFERROR(INDEX('Cadastro Talhão'!H:H,MATCH(1,('Cadastro Talhão'!B:B='Controle Estoque'!A5)*('Cadastro Talhão'!C:C='Controle Estoque'!B5),0)),"-")} -> 1.9 | G5: {=IFERROR(INDEX('Cadastro Talhão'!G:G,MATCH(1,('Cadastro Talhão'!B:B='Controle Estoque'!A5)*('Cadastro Talhão'!C:C='Controle Estoque'!B5),0)),"-")} -> 8500 | H5: CORTE | I5: =SUMIFS(Estoque!X:X, Estoque!E:E, A5, Estoque!F:F, B5) -> 0 | J5: =IF(I5>1,"DIVERGENTE","OK") -> OK | K5: ARRASTE | L5: =SUMIFS(Estoque!Y:Y, Estoque!E:E, A5, Estoque!F:F, B5) -> 0 | M5: =IF(L5>1,"DIVERGENTE","OK") -> OK | N5: TRAÇAMENTO | O5: =SUMIFS(Estoque!Z:Z, Estoque!E:E, A5, Estoque!F:F, B5) -> 0 | P5: =IF(O5>1,"DIVERGENTE","OK") -> OK
A6: FAZENDA 3 | B6: 35A | C6: {=IFERROR(INDEX('Cadastro Talhão'!F:F,MATCH(1,('Cadastro Talhão'!B:B=A6)*('Cadastro Talhão'!C:C=B6),0)),"-")} -> 0.16 | D6: =IFERROR(ROUND(C6,2),"-") -> 0.16 | E6: =IFERROR(VLOOKUP(D6,VMI!A:B,2,FALSE),"-") -> 0,16 a 0,20 | F6: {=IFERROR(INDEX('Cadastro Talhão'!H:H,MATCH(1,('Cadastro Talhão'!B:B='Controle Estoque'!A6)*('Cadastro Talhão'!C:C='Controle Estoque'!B6),0)),"-")} -> 1.9 | G6: {=IFERROR(INDEX('Cadastro Talhão'!G:G,MATCH(1,('Cadastro Talhão'!B:B='Controle Estoque'!A6)*('Cadastro Talhão'!C:C='Controle Estoque'!B6),0)),"-")} -> 15000 | H6: CORTE | I6: =SUMIFS(Estoque!X:X, Estoque!E:E, A6, Estoque!F:F, B6) -> 0 | J6: =IF(I6>1,"DIVERGENTE","OK") -> OK | K6: ARRASTE | L6: =SUMIFS(Estoque!Y:Y, Estoque!E:E, A6, Estoque!F:F, B6) -> 0 | M6: =IF(L6>1,"DIVERGENTE","OK") -> OK | N6: TRAÇAMENTO | O6: =SUMIFS(Estoque!Z:Z, Estoque!E:E, A6, Estoque!F:F, B6) -> 0 | P6: =IF(O6>1,"DIVERGENTE","OK") -> OK
A7: FAZENDA 3 | B7: 36B | C7: {=IFERROR(INDEX('Cadastro Talhão'!F:F,MATCH(1,('Cadastro Talhão'!B:B=A7)*('Cadastro Talhão'!C:C=B7),0)),"-")} -> 0.14 | D7: =IFERROR(ROUND(C7,2),"-") -> 0.14 | E7: =IFERROR(VLOOKUP(D7,VMI!A:B,2,FALSE),"-") -> 0,11 a 0,15 | F7: {=IFERROR(INDEX('Cadastro Talhão'!H:H,MATCH(1,('Cadastro Talhão'!B:B='Controle Estoque'!A7)*('Cadastro Talhão'!C:C='Controle Estoque'!B7),0)),"-")} -> 1.9 | G7: {=IFERROR(INDEX('Cadastro Talhão'!G:G,MATCH(1,('Cadastro Talhão'!B:B='Controle Estoque'!A7)*('Cadastro Talhão'!C:C='Controle Estoque'!B7),0)),"-")} -> 18000 | H7: CORTE | I7: =SUMIFS(Estoque!X:X, Estoque!E:E, A7, Estoque!F:F, B7) -> 0 | J7: =IF(I7>1,"DIVERGENTE","OK") -> OK | K7: ARRASTE | L7: =SUMIFS(Estoque!Y:Y, Estoque!E:E, A7, Estoque!F:F, B7) -> 0 | M7: =IF(L7>1,"DIVERGENTE","OK") -> OK | N7: TRAÇAMENTO | O7: =SUMIFS(Estoque!Z:Z, Estoque!E:E, A7, Estoque!F:F, B7) -> 0 | P7: =IF(O7>1,"DIVERGENTE","OK") -> OK

Sheet Cadastro Talhão
A1: CONTRATO | B1: FAZENDA | C1: TALHÃO | D1: ÁREA | E1: QUANTIDADE DE ÁRVORES | F1: VMI | G1: VOLUME | H1: BITOLA | I1: DATA INCIO CORTE | J1: DATA FINAL CORTE | K1: DATA INCIO ARRASTE | L1: DATA FINAL ARRASTE | M1: DATA INICIO TRAÇAMENTO | N1: DATA FINAL TRAÇAMENTO
A2: CONTRATO 1 | B2: FAZENDA 1 | C2: 15 | D2: 12 | E2: =IFERROR(G2/F2,"-") -> 66666.667 | F2: 0.15 | G2: 10000 | H2: 1.9 | I2: =IF(_xlfn.MINIFS('BDT''s'!I:I,'BDT''s'!G:G,'Cadastro Talhão'!B2,'BDT''s'!H:H,'Cadastro Talhão'!C2,'BDT''s'!L:L,"CORTE")=0,"-",_xlfn.MINIFS('BDT''s'!I:I,'BDT''s'!G:G,'Cadastro Talhão'!B2,'BDT''s'!H:H,'Cadastro Talhão'!C2,'BDT''s'!L:L,"CORTE")) -> 46023 | J2: =IF(_xlfn.MAXIFS('BDT''s'!I:I,'BDT''s'!G:G,'Cadastro Talhão'!B2,'BDT''s'!H:H,'Cadastro Talhão'!C2,'BDT''s'!L:L,"CORTE")=0,"-",_xlfn.MAXIFS('BDT''s'!I:I,'BDT''s'!G:G,'Cadastro Talhão'!B2,'BDT''s'!H:H,'Cadastro Talhão'!C2,'BDT''s'!L:L,"CORTE")) -> 46024 | K2: =IF(_xlfn.MINIFS('BDT''s'!I:I,'BDT''s'!G:G,'Cadastro Talhão'!B2,'BDT''s'!H:H,'Cadastro Talhão'!C2,'BDT''s'!L:L,"ARRASTE")=0,"-",_xlfn.MINIFS('BDT''s'!I:I,'BDT''s'!G:G,'Cadastro Talhão'!B2,'BDT''s'!H:H,'Cadastro Talhão'!C2,'BDT''s'!L:L,"ARRASTE")) -> 46023 | L2: =IF(_xlfn.MAXIFS('BDT''s'!I:I,'BDT''s'!G:G,'Cadastro Talhão'!B2,'BDT''s'!H:H,'Cadastro Talhão'!C2,'BDT''s'!L:L,"ARRASTE")=0,"-",_xlfn.MAXIFS('BDT''s'!I:I,'BDT''s'!G:G,'Cadastro Talhão'!B2,'BDT''s'!H:H,'Cadastro Talhão'!C2,'BDT''s'!L:L,"ARRASTE")) -> 46024 | M2: =IF(_xlfn.MINIFS('BDT''s'!I:I,'BDT''s'!G:G,'Cadastro Talhão'!B2,'BDT''s'!H:H,'Cadastro Talhão'!C2,'BDT''s'!L:L,"TRAÇAMENTO")=0,"-",_xlfn.MINIFS('BDT''s'!I:I,'BDT''s'!G:G,'Cadastro Talhão'!B2,'BDT''s'!H:H,'Cadastro Talhão'!C2,'BDT''s'!L:L,"TRAÇAMENTO")) -> 46023 | N2: =IF(_xlfn.MAXIFS('BDT''s'!I:I,'BDT''s'!G:G,'Cadastro Talhão'!B2,'BDT''s'!H:H,'Cadastro Talhão'!C2,'BDT''s'!L:L,"TRAÇAMENTO")=0,"-",_xlfn.MAXIFS('BDT''s'!I:I,'BDT''s'!G:G,'Cadastro Talhão'!B2,'BDT''s'!H:H,'Cadastro Talhão'!C2,'BDT''s'!L:L,"TRAÇAMENTO")) -> 46024
A3: CONTRATO 1 | B3: FAZENDA 1 | C3: 25 | D3: 10 | E3: =IFERROR(G3/F3,"-") -> 81250 | F3: 0.16 | G3: 13000 | H3: 1.9 | I3: =IF(_xlfn.MINIFS('BDT''s'!I:I,'BDT''s'!G:G,'Cadastro Talhão'!B3,'BDT''s'!H:H,'Cadastro Talhão'!C3,'BDT''s'!L:L,"CORTE")=0,"-",_xlfn.MINIFS('BDT''s'!I:I,'BDT''s'!G:G,'Cadastro Talhão'!B3,'BDT''s'!H:H,'Cadastro Talhão'!C3,'BDT''s'!L:L,"CORTE")) -> 46023 | J3: =IF(_xlfn.MAXIFS('BDT''s'!I:I,'BDT''s'!G:G,'Cadastro Talhão'!B3,'BDT''s'!H:H,'Cadastro Talhão'!C3,'BDT''s'!L:L,"CORTE")=0,"-",_xlfn.MAXIFS('BDT''s'!I:I,'BDT''s'!G:G,'Cadastro Talhão'!B3,'BDT''s'!H:H,'Cadastro Talhão'!C3,'BDT''s'!L:L,"CORTE")) -> 46024 | K3: =IF(_xlfn.MINIFS('BDT''s'!I:I,'BDT''s'!G:G,'Cadastro Talhão'!B3,'BDT''s'!H:H,'Cadastro Talhão'!C3,'BDT''s'!L:L,"ARRASTE")=0,"-",_xlfn.MINIFS('BDT''s'!I:I,'BDT''s'!G:G,'Cadastro Talhão'!B3,'BDT''s'!H:H,'Cadastro Talhão'!C3,'BDT''s'!L:L,"ARRASTE")) -> 46023 | L3: =IF(_xlfn.MAXIFS('BDT''s'!I:I,'BDT''s'!G:G,'Cadastro Talhão'!B3,'BDT''s'!H:H,'Cadastro Talhão'!C3,'BDT''s'!L:L,"ARRASTE")=0,"-",_xlfn.MAXIFS('BDT''s'!I:I,'BDT''s'!G:G,'Cadastro Talhão'!B3,'BDT''s'!H:H,'Cadastro Talhão'!C3,'BDT''s'!L:L,"ARRASTE")) -> 46024 | M3: =IF(_xlfn.MINIFS('BDT''s'!I:I,'BDT''s'!G:G,'Cadastro Talhão'!B3,'BDT''s'!H:H,'Cadastro Talhão'!C3,'BDT''s'!L:L,"TRAÇAMENTO")=0,"-",_xlfn.MINIFS('BDT''s'!I:I,'BDT''s'!G:G,'Cadastro Talhão'!B3,'BDT''s'!H:H,'Cadastro Talhão'!C3,'BDT''s'!L:L,"TRAÇAMENTO")) -> 46023 | N3: =IF(_xlfn.MAXIFS('BDT''s'!I:I,'BDT''s'!G:G,'Cadastro Talhão'!B3,'BDT''s'!H:H,'Cadastro Talhão'!C3,'BDT''s'!L:L,"TRAÇAMENTO")=0,"-",_xlfn.MAXIFS('BDT''s'!I:I,'BDT''s'!G:G,'Cadastro Talhão'!B3,'BDT''s'!H:H,'Cadastro Talhão'!C3,'BDT''s'!L:L,"TRAÇAMENTO")) -> 46024
A4: CONTRATO 2 | B4: FAZENDA 2 | C4: 2A | D4: 5 | E4: =IFERROR(G4/F4,"-") -> 60000 | F4: 0.1 | G4: 6000 | H4: 1.9 | I4: =IF(_xlfn.MINIFS('BDT''s'!I:I,'BDT''s'!G:G,'Cadastro Talhão'!B4,'BDT''s'!H:H,'Cadastro Talhão'!C4,'BDT''s'!L:L,"CORTE")=0,"-",_xlfn.MINIFS('BDT''s'!I:I,'BDT''s'!G:G,'Cadastro Talhão'!B4,'BDT''s'!H:H,'Cadastro Talhão'!C4,'BDT''s'!L:L,"CORTE")) -> - | J4: =IF(_xlfn.MAXIFS('BDT''s'!I:I,'BDT''s'!G:G,'Cadastro Talhão'!B4,'BDT''s'!H:H,'Cadastro Talhão'!C4,'BDT''s'!L:L,"CORTE")=0,"-",_xlfn.MAXIFS('BDT''s'!I:I,'BDT''s'!G:G,'Cadastro Talhão'!B4,'BDT''s'!H:H,'Cadastro Talhão'!C4,'BDT''s'!L:L,"CORTE")) -> - | K4: =IF(_xlfn.MINIFS('BDT''s'!I:I,'BDT''s'!G:G,'Cadastro Talhão'!B4,'BDT''s'!H:H,'Cadastro Talhão'!C4,'BDT''s'!L:L,"ARRASTE")=0,"-",_xlfn.MINIFS('BDT''s'!I:I,'BDT''s'!G:G,'Cadastro Talhão'!B4,'BDT''s'!H:H,'Cadastro Talhão'!C4,'BDT''s'!L:L,"ARRASTE")) -> - | L4: =IF(_xlfn.MAXIFS('BDT''s'!I:I,'BDT''s'!G:G,'Cadastro Talhão'!B4,'BDT''s'!H:H,'Cadastro Talhão'!C4,'BDT''s'!L:L,"ARRASTE")=0,"-",_xlfn.MAXIFS('BDT''s'!I:I,'BDT''s'!G:G,'Cadastro Talhão'!B4,'BDT''s'!H:H,'Cadastro Talhão'!C4,'BDT''s'!L:L,"ARRASTE")) -> - | M4: =IF(_xlfn.MINIFS('BDT''s'!I:I,'BDT''s'!G:G,'Cadastro Talhão'!B4,'BDT''s'!H:H,'Cadastro Talhão'!C4,'BDT''s'!L:L,"TRAÇAMENTO")=0,"-",_xlfn.MINIFS('BDT''s'!I:I,'BDT''s'!G:G,'Cadastro Talhão'!B4,'BDT''s'!H:H,'Cadastro Talhão'!C4,'BDT''s'!L:L,"TRAÇAMENTO")) -> - | N4: =IF(_xlfn.MAXIFS('BDT''s'!I:I,'BDT''s'!G:G,'Cadastro Talhão'!B4,'BDT''s'!H:H,'Cadastro Talhão'!C4,'BDT''s'!L:L,"TRAÇAMENTO")=0,"-",_xlfn.MAXIFS('BDT''s'!I:I,'BDT''s'!G:G,'Cadastro Talhão'!B4,'BDT''s'!H:H,'Cadastro Talhão'!C4,'BDT''s'!L:L,"TRAÇAMENTO")) -> -
A5: CONTRATO 2 | B5: FAZENDA 2 | C5: 2B | D5: 9 | E5: =IFERROR(G5/F5,"-") -> 77272.727 | F5: 0.11 | G5: 8500 | H5: 1.9 | I5: =IF(_xlfn.MINIFS('BDT''s'!I:I,'BDT''s'!G:G,'Cadastro Talhão'!B5,'BDT''s'!H:H,'Cadastro Talhão'!C5,'BDT''s'!L:L,"CORTE")=0,"-",_xlfn.MINIFS('BDT''s'!I:I,'BDT''s'!G:G,'Cadastro Talhão'!B5,'BDT''s'!H:H,'Cadastro Talhão'!C5,'BDT''s'!L:L,"CORTE")) -> - | J5: =IF(_xlfn.MAXIFS('BDT''s'!I:I,'BDT''s'!G:G,'Cadastro Talhão'!B5,'BDT''s'!H:H,'Cadastro Talhão'!C5,'BDT''s'!L:L,"CORTE")=0,"-",_xlfn.MAXIFS('BDT''s'!I:I,'BDT''s'!G:G,'Cadastro Talhão'!B5,'BDT''s'!H:H,'Cadastro Talhão'!C5,'BDT''s'!L:L,"CORTE")) -> - | K5: =IF(_xlfn.MINIFS('BDT''s'!I:I,'BDT''s'!G:G,'Cadastro Talhão'!B5,'BDT''s'!H:H,'Cadastro Talhão'!C5,'BDT''s'!L:L,"ARRASTE")=0,"-",_xlfn.MINIFS('BDT''s'!I:I,'BDT''s'!G:G,'Cadastro Talhão'!B5,'BDT''s'!H:H,'Cadastro Talhão'!C5,'BDT''s'!L:L,"ARRASTE")) -> - | L5: =IF(_xlfn.MAXIFS('BDT''s'!I:I,'BDT''s'!G:G,'Cadastro Talhão'!B5,'BDT''s'!H:H,'Cadastro Talhão'!C5,'BDT''s'!L:L,"ARRASTE")=0,"-",_xlfn.MAXIFS('BDT''s'!I:I,'BDT''s'!G:G,'Cadastro Talhão'!B5,'BDT''s'!H:H,'Cadastro Talhão'!C5,'BDT''s'!L:L,"ARRASTE")) -> - | M5: =IF(_xlfn.MINIFS('BDT''s'!I:I,'BDT''s'!G:G,'Cadastro Talhão'!B5,'BDT''s'!H:H,'Cadastro Talhão'!C5,'BDT''s'!L:L,"TRAÇAMENTO")=0,"-",_xlfn.MINIFS('BDT''s'!I:I,'BDT''s'!G:G,'Cadastro Talhão'!B5,'BDT''s'!H:H,'Cadastro Talhão'!C5,'BDT''s'!L:L,"TRAÇAMENTO")) -> - | N5: =IF(_xlfn.MAXIFS('BDT''s'!I:I,'BDT''s'!G:G,'Cadastro Talhão'!B5,'BDT''s'!H:H,'Cadastro Talhão'!C5,'BDT''s'!L:L,"TRAÇAMENTO")=0,"-",_xlfn.MAXIFS('BDT''s'!I:I,'BDT''s'!G:G,'Cadastro Talhão'!B5,'BDT''s'!H:H,'Cadastro Talhão'!C5,'BDT''s'!L:L,"TRAÇAMENTO")) -> -
A6: CONTRATO 3 | B6: FAZENDA 3 | C6: 35A | D6: 20 | E6: =IFERROR(G6/F6,"-") -> 93750 | F6: 0.16 | G6: 15000 | H6: 1.9 | I6: =IF(_xlfn.MINIFS('BDT''s'!I:I,'BDT''s'!G:G,'Cadastro Talhão'!B6,'BDT''s'!H:H,'Cadastro Talhão'!C6,'BDT''s'!L:L,"CORTE")=0,"-",_xlfn.MINIFS('BDT''s'!I:I,'BDT''s'!G:G,'Cadastro Talhão'!B6,'BDT''s'!H:H,'Cadastro Talhão'!C6,'BDT''s'!L:L,"CORTE")) -> - | J6: =IF(_xlfn.MAXIFS('BDT''s'!I:I,'BDT''s'!G:G,'Cadastro Talhão'!B6,'BDT''s'!H:H,'Cadastro Talhão'!C6,'BDT''s'!L:L,"CORTE")=0,"-",_xlfn.MAXIFS('BDT''s'!I:I,'BDT''s'!G:G,'Cadastro Talhão'!B6,'BDT''s'!H:H,'Cadastro Talhão'!C6,'BDT''s'!L:L,"CORTE")) -> - | K6: =IF(_xlfn.MINIFS('BDT''s'!I:I,'BDT''s'!G:G,'Cadastro Talhão'!B6,'BDT''s'!H:H,'Cadastro Talhão'!C6,'BDT''s'!L:L,"ARRASTE")=0,"-",_xlfn.MINIFS('BDT''s'!I:I,'BDT''s'!G:G,'Cadastro Talhão'!B6,'BDT''s'!H:H,'Cadastro Talhão'!C6,'BDT''s'!L:L,"ARRASTE")) -> - | L6: =IF(_xlfn.MAXIFS('BDT''s'!I:I,'BDT''s'!G:G,'Cadastro Talhão'!B6,'BDT''s'!H:H,'Cadastro Talhão'!C6,'BDT''s'!L:L,"ARRASTE")=0,"-",_xlfn.MAXIFS('BDT''s'!I:I,'BDT''s'!G:G,'Cadastro Talhão'!B6,'BDT''s'!H:H,'Cadastro Talhão'!C6,'BDT''s'!L:L,"ARRASTE")) -> - | M6: =IF(_xlfn.MINIFS('BDT''s'!I:I,'BDT''s'!G:G,'Cadastro Talhão'!B6,'BDT''s'!H:H,'Cadastro Talhão'!C6,'BDT''s'!L:L,"TRAÇAMENTO")=0,"-",_xlfn.MINIFS('BDT''s'!I:I,'BDT''s'!G:G,'Cadastro Talhão'!B6,'BDT''s'!H:H,'Cadastro Talhão'!C6,'BDT''s'!L:L,"TRAÇAMENTO")) -> - | N6: =IF(_xlfn.MAXIFS('BDT''s'!I:I,'BDT''s'!G:G,'Cadastro Talhão'!B6,'BDT''s'!H:H,'Cadastro Talhão'!C6,'BDT''s'!L:L,"TRAÇAMENTO")=0,"-",_xlfn.MAXIFS('BDT''s'!I:I,'BDT''s'!G:G,'Cadastro Talhão'!B6,'BDT''s'!H:H,'Cadastro Talhão'!C6,'BDT''s'!L:L,"TRAÇAMENTO")) -> -
A7: CONTRATO 3 | B7: FAZENDA 3 | C7: 36B | D7: 15 | E7: =IFERROR(G7/F7,"-") -> 128571.43 | F7: 0.14 | G7: 18000 | H7: 1.9 | I7: =IF(_xlfn.MINIFS('BDT''s'!I:I,'BDT''s'!G:G,'Cadastro Talhão'!B7,'BDT''s'!H:H,'Cadastro Talhão'!C7,'BDT''s'!L:L,"CORTE")=0,"-",_xlfn.MINIFS('BDT''s'!I:I,'BDT''s'!G:G,'Cadastro Talhão'!B7,'BDT''s'!H:H,'Cadastro Talhão'!C7,'BDT''s'!L:L,"CORTE")) -> - | J7: =IF(_xlfn.MAXIFS('BDT''s'!I:I,'BDT''s'!G:G,'Cadastro Talhão'!B7,'BDT''s'!H:H,'Cadastro Talhão'!C7,'BDT''s'!L:L,"CORTE")=0,"-",_xlfn.MAXIFS('BDT''s'!I:I,'BDT''s'!G:G,'Cadastro Talhão'!B7,'BDT''s'!H:H,'Cadastro Talhão'!C7,'BDT''s'!L:L,"CORTE")) -> - | K7: =IF(_xlfn.MINIFS('BDT''s'!I:I,'BDT''s'!G:G,'Cadastro Talhão'!B7,'BDT''s'!H:H,'Cadastro Talhão'!C7,'BDT''s'!L:L,"ARRASTE")=0,"-",_xlfn.MINIFS('BDT''s'!I:I,'BDT''s'!G:G,'Cadastro Talhão'!B7,'BDT''s'!H:H,'Cadastro Talhão'!C7,'BDT''s'!L:L,"ARRASTE")) -> - | L7: =IF(_xlfn.MAXIFS('BDT''s'!I:I,'BDT''s'!G:G,'Cadastro Talhão'!B7,'BDT''s'!H:H,'Cadastro Talhão'!C7,'BDT''s'!L:L,"ARRASTE")=0,"-",_xlfn.MAXIFS('BDT''s'!I:I,'BDT''s'!G:G,'Cadastro Talhão'!B7,'BDT''s'!H:H,'Cadastro Talhão'!C7,'BDT''s'!L:L,"ARRASTE")) -> - | M7: =IF(_xlfn.MINIFS('BDT''s'!I:I,'BDT''s'!G:G,'Cadastro Talhão'!B7,'BDT''s'!H:H,'Cadastro Talhão'!C7,'BDT''s'!L:L,"TRAÇAMENTO")=0,"-",_xlfn.MINIFS('BDT''s'!I:I,'BDT''s'!G:G,'Cadastro Talhão'!B7,'BDT''s'!H:H,'Cadastro Talhão'!C7,'BDT''s'!L:L,"TRAÇAMENTO")) -> - | N7: =IF(_xlfn.MAXIFS('BDT''s'!I:I,'BDT''s'!G:G,'Cadastro Talhão'!B7,'BDT''s'!H:H,'Cadastro Talhão'!C7,'BDT''s'!L:L,"TRAÇAMENTO")=0,"-",_xlfn.MAXIFS('BDT''s'!I:I,'BDT''s'!G:G,'Cadastro Talhão'!B7,'BDT''s'!H:H,'Cadastro Talhão'!C7,'BDT''s'!L:L,"TRAÇAMENTO")) -> -

Sheet Volume X Ritmo
A1: {=_xlfn.UNIQUE('Cadastro Talhão'!B:B,FALSE,FALSE)} -> FAZENDA | B1: VMI | C1: VMI ARRE. | D1: FAIXA VMI | E1: BITOLA | F1: TOTAL VOL. M³ | G1: CORTE | H1: HORAS RODADAS | I1: VOL. M³ REALIZADO | J1: FALTA DERRUBAR | K1: RENDIMENTO REAL M³ / H | L1: DATA INÍCIO PROJETO - CORTE | M1: ÚLTIMA DATA DE CORTE | N1: DATA PREVISTA FECHAR PROJETO - CORTE | O1: CORTE FINALIZADO? | P1: ARRASTE | Q1: HORAS RODADAS | R1: VOL. M³ REALIZADO | S1: QUANT. DE M QUE FALTA ARRASTAR | T1: RENDIMENTO M³ / H | U1: VOL. M³/H PREVISTO | V1: DATA INÍCIO PROJETO - ARRASTE | W1: ÚLTIMA DATA DE ARRASTE | X1: DATA PREVISTA FECHAR PROJETO - ARRASTE | Y1: ARRASTE FINALIZADO? | Z1: TRAÇAMENTO | AA1: HORAS RODADAS | AB1: VOL. M³ REALIZADO | AC1: QUANT. DE M³ QUE FALTA TRAÇAR BASEADO NO ARRASTE | AD1: RENDIMENTO M³ / H | AE1: VOL. M³/H PREVISTO | AF1: DATA INÍCIO PROJETO - TRAÇAMENTO | AG1: ÚLTIMA DATA DE TRAÇAMENTO | AH1: DATA PREVISTA FECHAR PROJETO - TRAÇAMENTO | AI1: TRAÇAMENTO FINALIZADO? | AJ1: VOLUME RESTANTE P/ TRAÇAR BASEADO NO CORTE | AK1: DATA PREVISTA FECHAR TRAÇAMENTO BASEADO NO CORTE
A2: FAZENDA 1 | B2: =IFERROR(AVERAGEIFS('Cadastro Talhão'!F:F,'Cadastro Talhão'!B:B,'Volume X Ritmo'!A2),"-") -> 0.155 | C2: =IFERROR(ROUND(B2,2),"-") -> 0.16 | D2: =IFERROR(VLOOKUP(C2,VMI!A:B,2,FALSE),"-") -> 0,16 a 0,20 | E2: =IFERROR(AVERAGEIFS('Cadastro Talhão'!H:H,'Cadastro Talhão'!B:B,'Volume X Ritmo'!A2),"-") -> 1.9 | F2: =IFERROR(SUMIFS('Cadastro Talhão'!G:G,'Cadastro Talhão'!B:B,'Volume X Ritmo'!A2),"-") -> 23000 | G2: CORTE | H2: =IFERROR(SUMIFS('BDT''s'!S:S,'BDT''s'!G:G,'Volume X Ritmo'!A2,'BDT''s'!L:L,'Volume X Ritmo'!G2),"-") -> 75.2 | I2: =IFERROR(SUMIFS('BDT''s'!V:V,'BDT''s'!G:G,'Volume X Ritmo'!A2,'BDT''s'!L:L,'Volume X Ritmo'!G2),"-") -> 7830 | J2: =IFERROR($F2-$I2,0) -> 15170 | K2: =IFERROR($I2/$H2,0) -> 104.12234 | L2: =IF(_xlfn.MINIFS('BDT''s'!I:I,'BDT''s'!G:G,'Volume X Ritmo'!A2,'BDT''s'!L:L,'Volume X Ritmo'!G2)=0,"-",_xlfn.MINIFS('BDT''s'!I:I,'BDT''s'!G:G,'Volume X Ritmo'!A2,'BDT''s'!L:L,'Volume X Ritmo'!G2)) -> 46023 | M2: =IF(_xlfn.MAXIFS('BDT''s'!I:I,'BDT''s'!G:G,'Volume X Ritmo'!A2,'BDT''s'!L:L,'Volume X Ritmo'!G2)=0,"-",_xlfn.MINIFS('BDT''s'!I:I,'BDT''s'!G:G,'Volume X Ritmo'!A2,'BDT''s'!L:L,'Volume X Ritmo'!G2)) -> 46023 | N2: =IFERROR(IF(IF((L2+(H2/16))<M2,(M2+(H2/16)),(L2+(H2/16)))=0,"-",IF((L2+(H2/16))<M2,(M2+(H2/16)),(L2+(H2/16)))),"-") -> 46027.7 | O2: =IFERROR(IF(INT(N2)=INT(M2),"SIM","NÃO"),"-") -> NÃO | P2: ARRASTE | Q2: =IFERROR(SUMIFS('BDT''s'!S:S,'BDT''s'!G:G,'Volume X Ritmo'!A2,'BDT''s'!L:L,'Volume X Ritmo'!P2),"-") -> 58 | R2: =IFERROR(SUMIFS('BDT''s'!V:V,'BDT''s'!G:G,'Volume X Ritmo'!A2,'BDT''s'!L:L,'Volume X Ritmo'!P2),"-") -> 5530 | S2: =IFERROR(IF((I2-R2<0),0,(I2-R2)),"-") -> 2300 | T2: =IFERROR(R2/Q2,0) -> 95.344828 | U2: {=IFERROR(INDEX(VMI!$A:$AAL,MATCH(1,(VMI!$A:$A=C2)*(VMI!$B:$B=D2),0),MATCH(P2,VMI!$1:$1,0)+1)*(AVERAGEIFS('Metas Produção'!I:I,'Metas Produção'!B:B,'BDT''s'!#REF!)),"-")} -> - | V2: =IF(_xlfn.MINIFS('BDT''s'!I:I,'BDT''s'!G:G,'Volume X Ritmo'!A2,'BDT''s'!L:L,'Volume X Ritmo'!P2)=0,"-",_xlfn.MINIFS('BDT''s'!I:I,'BDT''s'!G:G,'Volume X Ritmo'!A2,'BDT''s'!L:L,'Volume X Ritmo'!P2)) -> 46023 | W2: =IF(_xlfn.MAXIFS('BDT''s'!I:I,'BDT''s'!G:G,'Volume X Ritmo'!A2,'BDT''s'!L:L,'Volume X Ritmo'!P2)=0,"-",_xlfn.MINIFS('BDT''s'!I:I,'BDT''s'!G:G,'Volume X Ritmo'!A2,'BDT''s'!L:L,'Volume X Ritmo'!P2)) -> 46023 | X2: =IFERROR(IF(IF(IF(S2=0, V2+(S2/U2), V2+(S2/T2)) < W2, IF(S2=0, W2+(S2/U2), W2+(S2/T2)), IF(S2=0, V2+(S2/U2), V2+(S2/T2)))=0,"-",IF(IF(S2=0, V2+(S2/U2), V2+(S2/T2)) < W2, IF(S2=0, W2+(S2/U2), W2+(S2/T2)), IF(S2=0, V2+(S2/U2), V2+(S2/T2)))),"-") -> 46047.123 | Y2: =IFERROR(IF(INT(X2)=INT(W2),"SIM","NÃO"),"-") -> NÃO | Z2: TRAÇAMENTO | AA2: =IFERROR(SUMIFS('BDT''s'!S:S,'BDT''s'!G:G,'Volume X Ritmo'!A2,'BDT''s'!L:L,'Volume X Ritmo'!Z2),"-") -> 60 | AB2: =IFERROR(SUMIFS('BDT''s'!V:V,'BDT''s'!G:G,'Volume X Ritmo'!A2,'BDT''s'!L:L,'Volume X Ritmo'!Z2),"-") -> 3970 | AC2: =IF((R2-AB2<0),0,(R2-AB2)) -> 1560 | AD2: =IFERROR(AB2/AA2,0) -> 66.166667 | AE2: {=IFERROR(INDEX(VMI!$A:$AAL,MATCH(1,(VMI!$A:$A=C2)*(VMI!$B:$B=D2),0),MATCH(Z2,VMI!$1:$1,0)+1)*(AVERAGEIFS('Metas Produção'!I:I,'Metas Produção'!B:B,'BDT''s'!#REF!)),"-")} -> - | AF2: =IF(_xlfn.MINIFS('BDT''s'!I:I,'BDT''s'!G:G,'Volume X Ritmo'!A2,'BDT''s'!L:L,'Volume X Ritmo'!Z2)=0,"-",_xlfn.MINIFS('BDT''s'!I:I,'BDT''s'!G:G,'Volume X Ritmo'!A2,'BDT''s'!L:L,'Volume X Ritmo'!Z2)) -> 46023 | AG2: =IF(_xlfn.MAXIFS('BDT''s'!I:I,'BDT''s'!G:G,'Volume X Ritmo'!A2,'BDT''s'!L:L,'Volume X Ritmo'!Z2)=0,"-",_xlfn.MINIFS('BDT''s'!I:I,'BDT''s'!G:G,'Volume X Ritmo'!A2,'BDT''s'!L:L,'Volume X Ritmo'!Z2)) -> 46023 | AH2: =IFERROR(IF(IF(IF(AC2=0, AF2+(AC2/AE2), AF2+(AC2/AD2)) < AG2, IF(AC2=0, AG2+(AC2/AE2), AG2+(AC2/AD2)), IF(AC2=0, AF2+(AC2/AE2), AF2+(AC2/AD2)))=0,"-",IF(IF(AC2=0, AF2+(AC2/AE2), AF2+(AC2/AD2)) < AG2, IF(AC2=0, AG2+(AC2/AE2), AG2+(AC2/AD2)), IF(AC2=0, AF2+(AC2/AE2), AF2+(AC2/AD2)))),"-") -> 46046.577 | AI2: =IFERROR(IF(INT(AH2)=INT(AG2),"SIM","NÃO"),"-") -> NÃO | AJ2: =IF((I2-AB2)<0,0,(I2-AB2)) -> 3860 | AK2: =IFERROR(IF(IF(OR(AF2=0,AG2=0),TODAY()+AJ2/IF(AJ2=0,1,IF(AE2=0,1,AE2)),IF(AF2+AJ2/IF(AJ2=0,1,IF(AD2=0,1,AD2))<AG2,AG2+AJ2/IF(AJ2=0,1,IF(AD2=0,1,AD2)),AF2+AJ2/IF(AJ2=0,1,IF(AD2=0,1,AD2))))=0,"-",IF(OR(AF2=0,AG2=0),TODAY()+AJ2/IF(AJ2=0,1,IF(AE2=0,1,AE2)),IF(AF2+AJ2/IF(AJ2=0,1,IF(AD2=0,1,AD2))<AG2,AG2+AJ2/IF(AJ2=0,1,IF(AD2=0,1,AD2)),AF2+AJ2/IF(AJ2=0,1,IF(AD2=0,1,AD2))))),"-") -> 46081.338
A3: FAZENDA 2 | B3: =IFERROR(AVERAGEIFS('Cadastro Talhão'!F:F,'Cadastro Talhão'!B:B,'Volume X Ritmo'!A3),"-") -> 0.105 | C3: =IFERROR(ROUND(B3,2),"-") -> 0.11 | D3: =IFERROR(VLOOKUP(C3,VMI!A:B,2,FALSE),"-") -> 0,11 a 0,15 | E3: =IFERROR(AVERAGEIFS('Cadastro Talhão'!H:H,'Cadastro Talhão'!B:B,'Volume X Ritmo'!A3),"-") -> 1.9 | F3: =IFERROR(SUMIFS('Cadastro Talhão'!G:G,'Cadastro Talhão'!B:B,'Volume X Ritmo'!A3),"-") -> 14500 | G3: CORTE | H3: =IFERROR(SUMIFS('BDT''s'!S:S,'BDT''s'!G:G,'Volume X Ritmo'!A3,'BDT''s'!L:L,'Volume X Ritmo'!G3),"-") -> 0 | I3: =IFERROR(SUMIFS('BDT''s'!V:V,'BDT''s'!G:G,'Volume X Ritmo'!A3,'BDT''s'!L:L,'Volume X Ritmo'!G3),"-") -> 0 | J3: =IFERROR($F3-$I3,0) -> 14500 | K3: =IFERROR($I3/$H3,0) -> 0 | L3: =IF(_xlfn.MINIFS('BDT''s'!I:I,'BDT''s'!G:G,'Volume X Ritmo'!A3,'BDT''s'!L:L,'Volume X Ritmo'!G3)=0,"-",_xlfn.MINIFS('BDT''s'!I:I,'BDT''s'!G:G,'Volume X Ritmo'!A3,'BDT''s'!L:L,'Volume X Ritmo'!G3)) -> - | M3: =IF(_xlfn.MAXIFS('BDT''s'!I:I,'BDT''s'!G:G,'Volume X Ritmo'!A3,'BDT''s'!L:L,'Volume X Ritmo'!G3)=0,"-",_xlfn.MINIFS('BDT''s'!I:I,'BDT''s'!G:G,'Volume X Ritmo'!A3,'BDT''s'!L:L,'Volume X Ritmo'!G3)) -> - | N3: =IFERROR(IF(IF((L3+(H3/16))<M3,(M3+(H3/16)),(L3+(H3/16)))=0,"-",IF((L3+(H3/16))<M3,(M3+(H3/16)),(L3+(H3/16)))),"-") -> - | O3: =IFERROR(IF(INT(N3)=INT(M3),"SIM","NÃO"),"-") -> - | P3: ARRASTE | Q3: =IFERROR(SUMIFS('BDT''s'!S:S,'BDT''s'!G:G,'Volume X Ritmo'!A3,'BDT''s'!L:L,'Volume X Ritmo'!P3),"-") -> 0 | R3: =IFERROR(SUMIFS('BDT''s'!V:V,'BDT''s'!G:G,'Volume X Ritmo'!A3,'BDT''s'!L:L,'Volume X Ritmo'!P3),"-") -> 0 | S3: =IFERROR(IF((I3-R3<0),0,(I3-R3)),"-") -> 0 | T3: =IFERROR(R3/Q3,0) -> 0 | U3: {=IFERROR(INDEX(VMI!$A:$AAL,MATCH(1,(VMI!$A:$A=C3)*(VMI!$B:$B=D3),0),MATCH(P3,VMI!$1:$1,0)+1)*(AVERAGEIFS('Metas Produção'!I:I,'Metas Produção'!B:B,'BDT''s'!#REF!)),"-")} -> - | V3: =IF(_xlfn.MINIFS('BDT''s'!I:I,'BDT''s'!G:G,'Volume X Ritmo'!A3,'BDT''s'!L:L,'Volume X Ritmo'!P3)=0,"-",_xlfn.MINIFS('BDT''s'!I:I,'BDT''s'!G:G,'Volume X Ritmo'!A3,'BDT''s'!L:L,'Volume X Ritmo'!P3)) -> - | W3: =IF(_xlfn.MAXIFS('BDT''s'!I:I,'BDT''s'!G:G,'Volume X Ritmo'!A3,'BDT''s'!L:L,'Volume X Ritmo'!P3)=0,"-",_xlfn.MINIFS('BDT''s'!I:I,'BDT''s'!G:G,'Volume X Ritmo'!A3,'BDT''s'!L:L,'Volume X Ritmo'!P3)) -> - | X3: =IFERROR(IF(IF(IF(S3=0, V3+(S3/U3), V3+(S3/T3)) < W3, IF(S3=0, W3+(S3/U3), W3+(S3/T3)), IF(S3=0, V3+(S3/U3), V3+(S3/T3)))=0,"-",IF(IF(S3=0, V3+(S3/U3), V3+(S3/T3)) < W3, IF(S3=0, W3+(S3/U3), W3+(S3/T3)), IF(S3=0, V3+(S3/U3), V3+(S3/T3)))),"-") -> - | Y3: =IFERROR(IF(INT(X3)=INT(W3),"SIM","NÃO"),"-") -> - | Z3: TRAÇAMENTO | AA3: =IFERROR(SUMIFS('BDT''s'!S:S,'BDT''s'!G:G,'Volume X Ritmo'!A3,'BDT''s'!L:L,'Volume X Ritmo'!Z3),"-") -> 0 | AB3: =IFERROR(SUMIFS('BDT''s'!V:V,'BDT''s'!G:G,'Volume X Ritmo'!A3,'BDT''s'!L:L,'Volume X Ritmo'!Z3),"-") -> 0 | AC3: =IF((R3-AB3<0),0,(R3-AB3)) -> 0 | AD3: =IFERROR(AB3/AA3,0) -> 0 | AE3: {=IFERROR(INDEX(VMI!$A:$AAL,MATCH(1,(VMI!$A:$A=C3)*(VMI!$B:$B=D3),0),MATCH(Z3,VMI!$1:$1,0)+1)*(AVERAGEIFS('Metas Produção'!I:I,'Metas Produção'!B:B,'BDT''s'!#REF!)),"-")} -> - | AF3: =IF(_xlfn.MINIFS('BDT''s'!I:I,'BDT''s'!G:G,'Volume X Ritmo'!A3,'BDT''s'!L:L,'Volume X Ritmo'!Z3)=0,"-",_xlfn.MINIFS('BDT''s'!I:I,'BDT''s'!G:G,'Volume X Ritmo'!A3,'BDT''s'!L:L,'Volume X Ritmo'!Z3)) -> - | AG3: =IF(_xlfn.MAXIFS('BDT''s'!I:I,'BDT''s'!G:G,'Volume X Ritmo'!A3,'BDT''s'!L:L,'Volume X Ritmo'!Z3)=0,"-",_xlfn.MINIFS('BDT''s'!I:I,'BDT''s'!G:G,'Volume X Ritmo'!A3,'BDT''s'!L:L,'Volume X Ritmo'!Z3)) -> - | AH3: =IFERROR(IF(IF(IF(AC3=0, AF3+(AC3/AE3), AF3+(AC3/AD3)) < AG3, IF(AC3=0, AG3+(AC3/AE3), AG3+(AC3/AD3)), IF(AC3=0, AF3+(AC3/AE3), AF3+(AC3/AD3)))=0,"-",IF(IF(AC3=0, AF3+(AC3/AE3), AF3+(AC3/AD3)) < AG3, IF(AC3=0, AG3+(AC3/AE3), AG3+(AC3/AD3)), IF(AC3=0, AF3+(AC3/AE3), AF3+(AC3/AD3)))),"-") -> - | AI3: =IFERROR(IF(INT(AH3)=INT(AG3),"SIM","NÃO"),"-") -> - | AJ3: =IF((I3-AB3)<0,0,(I3-AB3)) -> 0 | AK3: =IFERROR(IF(IF(OR(AF3=0,AG3=0),TODAY()+AJ3/IF(AJ3=0,1,IF(AE3=0,1,AE3)),IF(AF3+AJ3/IF(AJ3=0,1,IF(AD3=0,1,AD3))<AG3,AG3+AJ3/IF(AJ3=0,1,IF(AD3=0,1,AD3)),AF3+AJ3/IF(AJ3=0,1,IF(AD3=0,1,AD3))))=0,"-",IF(OR(AF3=0,AG3=0),TODAY()+AJ3/IF(AJ3=0,1,IF(AE3=0,1,AE3)),IF(AF3+AJ3/IF(AJ3=0,1,IF(AD3=0,1,AD3))<AG3,AG3+AJ3/IF(AJ3=0,1,IF(AD3=0,1,AD3)),AF3+AJ3/IF(AJ3=0,1,IF(AD3=0,1,AD3))))),"-") -> -
A4: FAZENDA 3 | B4: =IFERROR(AVERAGEIFS('Cadastro Talhão'!F:F,'Cadastro Talhão'!B:B,'Volume X Ritmo'!A4),"-") -> 0.15 | C4: =IFERROR(ROUND(B4,2),"-") -> 0.15 | D4: =IFERROR(VLOOKUP(C4,VMI!A:B,2,FALSE),"-") -> 0,11 a 0,15 | E4: =IFERROR(AVERAGEIFS('Cadastro Talhão'!H:H,'Cadastro Talhão'!B:B,'Volume X Ritmo'!A4),"-") -> 1.9 | F4: =IFERROR(SUMIFS('Cadastro Talhão'!G:G,'Cadastro Talhão'!B:B,'Volume X Ritmo'!A4),"-") -> 33000 | G4: CORTE | H4: =IFERROR(SUMIFS('BDT''s'!S:S,'BDT''s'!G:G,'Volume X Ritmo'!A4,'BDT''s'!L:L,'Volume X Ritmo'!G4),"-") -> 0 | I4: =IFERROR(SUMIFS('BDT''s'!V:V,'BDT''s'!G:G,'Volume X Ritmo'!A4,'BDT''s'!L:L,'Volume X Ritmo'!G4),"-") -> 0 | J4: =IFERROR($F4-$I4,0) -> 33000 | K4: =IFERROR($I4/$H4,0) -> 0 | L4: =IF(_xlfn.MINIFS('BDT''s'!I:I,'BDT''s'!G:G,'Volume X Ritmo'!A4,'BDT''s'!L:L,'Volume X Ritmo'!G4)=0,"-",_xlfn.MINIFS('BDT''s'!I:I,'BDT''s'!G:G,'Volume X Ritmo'!A4,'BDT''s'!L:L,'Volume X Ritmo'!G4)) -> - | M4: =IF(_xlfn.MAXIFS('BDT''s'!I:I,'BDT''s'!G:G,'Volume X Ritmo'!A4,'BDT''s'!L:L,'Volume X Ritmo'!G4)=0,"-",_xlfn.MINIFS('BDT''s'!I:I,'BDT''s'!G:G,'Volume X Ritmo'!A4,'BDT''s'!L:L,'Volume X Ritmo'!G4)) -> - | N4: =IFERROR(IF(IF((L4+(H4/16))<M4,(M4+(H4/16)),(L4+(H4/16)))=0,"-",IF((L4+(H4/16))<M4,(M4+(H4/16)),(L4+(H4/16)))),"-") -> - | O4: =IFERROR(IF(INT(N4)=INT(M4),"SIM","NÃO"),"-") -> - | P4: ARRASTE | Q4: =IFERROR(SUMIFS('BDT''s'!S:S,'BDT''s'!G:G,'Volume X Ritmo'!A4,'BDT''s'!L:L,'Volume X Ritmo'!P4),"-") -> 0 | R4: =IFERROR(SUMIFS('BDT''s'!V:V,'BDT''s'!G:G,'Volume X Ritmo'!A4,'BDT''s'!L:L,'Volume X Ritmo'!P4),"-") -> 0 | S4: =IFERROR(IF((I4-R4<0),0,(I4-R4)),"-") -> 0 | T4: =IFERROR(R4/Q4,0) -> 0 | U4: {=IFERROR(INDEX(VMI!$A:$AAL,MATCH(1,(VMI!$A:$A=C4)*(VMI!$B:$B=D4),0),MATCH(P4,VMI!$1:$1,0)+1)*(AVERAGEIFS('Metas Produção'!I:I,'Metas Produção'!B:B,'BDT''s'!#REF!)),"-")} -> - | V4: =IF(_xlfn.MINIFS('BDT''s'!I:I,'BDT''s'!G:G,'Volume X Ritmo'!A4,'BDT''s'!L:L,'Volume X Ritmo'!P4)=0,"-",_xlfn.MINIFS('BDT''s'!I:I,'BDT''s'!G:G,'Volume X Ritmo'!A4,'BDT''s'!L:L,'Volume X Ritmo'!P4)) -> - | W4: =IF(_xlfn.MAXIFS('BDT''s'!I:I,'BDT''s'!G:G,'Volume X Ritmo'!A4,'BDT''s'!L:L,'Volume X Ritmo'!P4)=0,"-",_xlfn.MINIFS('BDT''s'!I:I,'BDT''s'!G:G,'Volume X Ritmo'!A4,'BDT''s'!L:L,'Volume X Ritmo'!P4)) -> - | X4: =IFERROR(IF(IF(IF(S4=0, V4+(S4/U4), V4+(S4/T4)) < W4, IF(S4=0, W4+(S4/U4), W4+(S4/T4)), IF(S4=0, V4+(S4/U4), V4+(S4/T4)))=0,"-",IF(IF(S4=0, V4+(S4/U4), V4+(S4/T4)) < W4, IF(S4=0, W4+(S4/U4), W4+(S4/T4)), IF(S4=0, V4+(S4/U4), V4+(S4/T4)))),"-") -> - | Y4: =IFERROR(IF(INT(X4)=INT(W4),"SIM","NÃO"),"-") -> - | Z4: TRAÇAMENTO | AA4: =IFERROR(SUMIFS('BDT''s'!S:S,'BDT''s'!G:G,'Volume X Ritmo'!A4,'BDT''s'!L:L,'Volume X Ritmo'!Z4),"-") -> 0 | AB4: =IFERROR(SUMIFS('BDT''s'!V:V,'BDT''s'!G:G,'Volume X Ritmo'!A4,'BDT''s'!L:L,'Volume X Ritmo'!Z4),"-") -> 0 | AC4: =IF((R4-AB4<0),0,(R4-AB4)) -> 0 | AD4: =IFERROR(AB4/AA4,0) -> 0 | AE4: {=IFERROR(INDEX(VMI!$A:$AAL,MATCH(1,(VMI!$A:$A=C4)*(VMI!$B:$B=D4),0),MATCH(Z4,VMI!$1:$1,0)+1)*(AVERAGEIFS('Metas Produção'!I:I,'Metas Produção'!B:B,'BDT''s'!#REF!)),"-")} -> - | AF4: =IF(_xlfn.MINIFS('BDT''s'!I:I,'BDT''s'!G:G,'Volume X Ritmo'!A4,'BDT''s'!L:L,'Volume X Ritmo'!Z4)=0,"-",_xlfn.MINIFS('BDT''s'!I:I,'BDT''s'!G:G,'Volume X Ritmo'!A4,'BDT''s'!L:L,'Volume X Ritmo'!Z4)) -> - | AG4: =IF(_xlfn.MAXIFS('BDT''s'!I:I,'BDT''s'!G:G,'Volume X Ritmo'!A4,'BDT''s'!L:L,'Volume X Ritmo'!Z4)=0,"-",_xlfn.MINIFS('BDT''s'!I:I,'BDT''s'!G:G,'Volume X Ritmo'!A4,'BDT''s'!L:L,'Volume X Ritmo'!Z4)) -> - | AH4: =IFERROR(IF(IF(IF(AC4=0, AF4+(AC4/AE4), AF4+(AC4/AD4)) < AG4, IF(AC4=0, AG4+(AC4/AE4), AG4+(AC4/AD4)), IF(AC4=0, AF4+(AC4/AE4), AF4+(AC4/AD4)))=0,"-",IF(IF(AC4=0, AF4+(AC4/AE4), AF4+(AC4/AD4)) < AG4, IF(AC4=0, AG4+(AC4/AE4), AG4+(AC4/AD4)), IF(AC4=0, AF4+(AC4/AE4), AF4+(AC4/AD4)))),"-") -> - | AI4: =IFERROR(IF(INT(AH4)=INT(AG4),"SIM","NÃO"),"-") -> - | AJ4: =IF((I4-AB4)<0,0,(I4-AB4)) -> 0 | AK4: =IFERROR(IF(IF(OR(AF4=0,AG4=0),TODAY()+AJ4/IF(AJ4=0,1,IF(AE4=0,1,AE4)),IF(AF4+AJ4/IF(AJ4=0,1,IF(AD4=0,1,AD4))<AG4,AG4+AJ4/IF(AJ4=0,1,IF(AD4=0,1,AD4)),AF4+AJ4/IF(AJ4=0,1,IF(AD4=0,1,AD4))))=0,"-",IF(OR(AF4=0,AG4=0),TODAY()+AJ4/IF(AJ4=0,1,IF(AE4=0,1,AE4)),IF(AF4+AJ4/IF(AJ4=0,1,IF(AD4=0,1,AD4))<AG4,AG4+AJ4/IF(AJ4=0,1,IF(AD4=0,1,AD4)),AF4+AJ4/IF(AJ4=0,1,IF(AD4=0,1,AD4))))),"-") -> -
A5: 0

Sheet VMI
A1: VOLUME INDIVIDUAL | B1: FAIXA | C1: CORTE | D1: MÉDIA REAL | E1: PERCENTIL 50 | F1: PERCENTIL 75 | G1: TETO OPERACIONAL | H1: QUANTIDADE DE REGISTROS | I1: STATUS CORTE | J1: FATOR CORTE | K1: META BASE | L1: META DESAFIO | M1: ARRASTE | N1: MÉDIA REAL | O1: PERCENTIL 50 | P1: PERCENTIL 75 | Q1: TETO OPERACIONAL | R1: QUANTIDADE DE REGISTROS | S1: STATUS ARRASTE | T1: FATOR ARRASTE | U1: META BASE | V1: META DESAFIO | W1: TRAÇAMENTO | X1: MÉDIA REAL | Y1: PERCENTIL 50 | Z1: PERCENTIL 75 | AA1: TETO OPERACIONAL | AB1: QUANTIDADE DE REGISTROS | AC1: STATUS TRAÇAMENTO | AD1: FATOR TRAÇAMENTO | AE1: META BASE | AF1: META DESAFIO
A2: 0.01 | B2: 0,01 a 0,05 | C2: CORTE | D2: =IFERROR(AVERAGEIFS('BDT''s'!W:W,'BDT''s'!L:L,VMI!C2,'BDT''s'!F:F,VMI!B2,'BDT''s'!E:E,VMI!A2),"-") -> - | E2: {=IFERROR(_xlfn.PERCENTILE.INC(_xlfn._xlws.FILTER('BDT''s'!W:W,('BDT''s'!L:L=VMI!C2)*('BDT''s'!F:F=VMI!B2)*('BDT''s'!E:E=VMI!A2)),0.5),"-")} -> - | F2: {=IFERROR(_xlfn.PERCENTILE.INC(_xlfn._xlws.FILTER('BDT''s'!W:W,('BDT''s'!L:L=VMI!C2)*('BDT''s'!F:F=VMI!B2)*('BDT''s'!E:E=VMI!A2)),0.75),"-")} -> - | G2: =IFERROR(_xlfn.MAXIFS('BDT''s'!W:W,'BDT''s'!L:L,VMI!C2,'BDT''s'!F:F,VMI!B2,'BDT''s'!E:E,VMI!A2),"-") -> 0 | H2: =IFERROR(COUNTIFS('BDT''s'!L:L,VMI!C2,'BDT''s'!F:F,VMI!B2,'BDT''s'!E:E,VMI!A2),"-") -> 0 | I2: =IFERROR(IF(D2="-","-",IF(D2<E2,"BAIXO",IF(AND(D2>=E2,D2<F2),"MEDIO",IF(AND(D2>=F2,D2<=G2),"ALTO","-")))),"-") -> - | J2: =IFERROR(AVERAGE((E2/D2),(F2/D2)),"-") -> - | K2: =IFERROR(AVERAGEIFS('BDT''s'!$W:$W,'BDT''s'!$L:$L,VMI!C2,'BDT''s'!$F:$F,VMI!$B2,'BDT''s'!$E:$E,VMI!$A2)*J2,"-") -> - | L2: =IFERROR(K2*J2,"-") -> - | M2: ARRASTE | N2: =IFERROR(AVERAGEIFS('BDT''s'!W:W,'BDT''s'!L:L,VMI!M2,'BDT''s'!F:F,VMI!B2,'BDT''s'!E:E,VMI!A2),"-") -> - | O2: {=IFERROR(_xlfn.PERCENTILE.INC(_xlfn._xlws.FILTER('BDT''s'!W:W,('BDT''s'!L:L=VMI!M2)*('BDT''s'!F:F=VMI!B2)*('BDT''s'!E:E=VMI!A2)),0.5),"-")} -> - | P2: {=IFERROR(_xlfn.PERCENTILE.INC(_xlfn._xlws.FILTER('BDT''s'!W:W,('BDT''s'!L:L=VMI!M2)*('BDT''s'!F:F=VMI!B2)*('BDT''s'!E:E=VMI!A2)),0.75),"-")} -> - | Q2: =IFERROR(_xlfn.MAXIFS('BDT''s'!W:W,'BDT''s'!L:L,VMI!M2,'BDT''s'!F:F,VMI!B2,'BDT''s'!E:E,VMI!A2),"-") -> 0 | R2: =IFERROR(COUNTIFS('BDT''s'!L:L,VMI!M2,'BDT''s'!F:F,VMI!B2,'BDT''s'!E:E,VMI!A2),"-") -> 0 | S2: =IFERROR(IF(N2="-","-",IF(N2<O2,"BAIXO",IF(AND(N2>=O2,N2<P2),"MEDIO",IF(AND(N2>=P2,N2<=Q2),"ALTO","-")))),"-") -> - | T2: =IFERROR(AVERAGE((O2/N2),(P2/N2)),"-") -> - | U2: =IFERROR(AVERAGEIFS('BDT''s'!$W:$W,'BDT''s'!$L:$L,VMI!M2,'BDT''s'!$F:$F,VMI!$B2,'BDT''s'!$E:$E,VMI!$A2)*T2,"-") -> - | V2: =IFERROR(U2*T2,"-") -> - | W2: TRAÇAMENTO | X2: =IFERROR(AVERAGEIFS('BDT''s'!W:W,'BDT''s'!L:L,VMI!W2,'BDT''s'!F:F,VMI!B2,'BDT''s'!E:E,VMI!A2),"-") -> - | Y2: {=IFERROR(_xlfn.PERCENTILE.INC(_xlfn._xlws.FILTER('BDT''s'!W:W,('BDT''s'!L:L=VMI!W2)*('BDT''s'!F:F=VMI!B2)*('BDT''s'!E:E=VMI!A2)),0.5),"-")} -> - | Z2: {=IFERROR(_xlfn.PERCENTILE.INC(_xlfn._xlws.FILTER('BDT''s'!W:W,('BDT''s'!L:L=VMI!W2)*('BDT''s'!F:F=VMI!B2)*('BDT''s'!E:E=VMI!A2)),0.75),"-")} -> - | AA2: =IFERROR(_xlfn.MAXIFS('BDT''s'!W:W,'BDT''s'!L:L,VMI!W2,'BDT''s'!F:F,VMI!B2,'BDT''s'!E:E,VMI!A2),"-") -> 0 | AB2: =IFERROR(COUNTIFS('BDT''s'!L:L,VMI!W2,'BDT''s'!F:F,VMI!B2,'BDT''s'!E:E,VMI!A2),"-") -> 0 | AC2: =IFERROR(IF(X2="-","-",IF(X2<Y2,"BAIXO",IF(AND(X2>=Y2,X2<Z2),"MEDIO",IF(AND(X2>=Z2,X2<=AA2),"ALTO","-")))),"-") -> - | AD2: =IFERROR(AVERAGE((Y2/X2),(Z2/X2)),"-") -> - | AE2: =IFERROR(AVERAGEIFS('BDT''s'!$W:$W,'BDT''s'!$L:$L,VMI!W2,'BDT''s'!$F:$F,VMI!$B2,'BDT''s'!$E:$E,VMI!$A2)*AD2,"-") -> - | AF2: =IFERROR(AE2*AD2,"-") -> -
A3: 0.02 | B3: 0,01 a 0,05 | C3: CORTE | D3: =IFERROR(AVERAGEIFS('BDT''s'!W:W,'BDT''s'!L:L,VMI!C3,'BDT''s'!F:F,VMI!B3,'BDT''s'!E:E,VMI!A3),"-") -> - | E3: {=IFERROR(_xlfn.PERCENTILE.INC(_xlfn._xlws.FILTER('BDT''s'!W:W,('BDT''s'!L:L=VMI!C3)*('BDT''s'!F:F=VMI!B3)*('BDT''s'!E:E=VMI!A3)),0.5),"-")} -> - | F3: {=IFERROR(_xlfn.PERCENTILE.INC(_xlfn._xlws.FILTER('BDT''s'!W:W,('BDT''s'!L:L=VMI!C3)*('BDT''s'!F:F=VMI!B3)*('BDT''s'!E:E=VMI!A3)),0.75),"-")} -> - | G3: =IFERROR(_xlfn.MAXIFS('BDT''s'!W:W,'BDT''s'!L:L,VMI!C3,'BDT''s'!F:F,VMI!B3,'BDT''s'!E:E,VMI!A3),"-") -> 0 | H3: =IFERROR(COUNTIFS('BDT''s'!L:L,VMI!C3,'BDT''s'!F:F,VMI!B3,'BDT''s'!E:E,VMI!A3),"-") -> 0 | I3: =IFERROR(IF(D3="-","-",IF(D3<E3,"BAIXO",IF(AND(D3>=E3,D3<F3),"MEDIO",IF(AND(D3>=F3,D3<=G3),"ALTO","-")))),"-") -> - | J3: =IFERROR(AVERAGE((E3/D3),(F3/D3)),"-") -> - | K3: =IFERROR(AVERAGEIFS('BDT''s'!$W:$W,'BDT''s'!$L:$L,VMI!C3,'BDT''s'!$F:$F,VMI!$B3,'BDT''s'!$E:$E,VMI!$A3)*J3,"-") -> - | L3: =IFERROR(K3*J3,"-") -> - | M3: ARRASTE | N3: =IFERROR(AVERAGEIFS('BDT''s'!W:W,'BDT''s'!L:L,VMI!M3,'BDT''s'!F:F,VMI!B3,'BDT''s'!E:E,VMI!A3),"-") -> - | O3: {=IFERROR(_xlfn.PERCENTILE.INC(_xlfn._xlws.FILTER('BDT''s'!W:W,('BDT''s'!L:L=VMI!M3)*('BDT''s'!F:F=VMI!B3)*('BDT''s'!E:E=VMI!A3)),0.5),"-")} -> - | P3: {=IFERROR(_xlfn.PERCENTILE.INC(_xlfn._xlws.FILTER('BDT''s'!W:W,('BDT''s'!L:L=VMI!M3)*('BDT''s'!F:F=VMI!B3)*('BDT''s'!E:E=VMI!A3)),0.75),"-")} -> - | Q3: =IFERROR(_xlfn.MAXIFS('BDT''s'!W:W,'BDT''s'!L:L,VMI!M3,'BDT''s'!F:F,VMI!B3,'BDT''s'!E:E,VMI!A3),"-") -> 0 | R3: =IFERROR(COUNTIFS('BDT''s'!L:L,VMI!M3,'BDT''s'!F:F,VMI!B3,'BDT''s'!E:E,VMI!A3),"-") -> 0 | S3: =IFERROR(IF(N3="-","-",IF(N3<O3,"BAIXO",IF(AND(N3>=O3,N3<P3),"MEDIO",IF(AND(N3>=P3,N3<=Q3),"ALTO","-")))),"-") -> - | T3: =IFERROR(AVERAGE((O3/N3),(P3/N3)),"-") -> - | U3: =IFERROR(AVERAGEIFS('BDT''s'!$W:$W,'BDT''s'!$L:$L,VMI!M3,'BDT''s'!$F:$F,VMI!$B3,'BDT''s'!$E:$E,VMI!$A3)*T3,"-") -> - | V3: =IFERROR(U3*T3,"-") -> - | W3: TRAÇAMENTO | X3: =IFERROR(AVERAGEIFS('BDT''s'!W:W,'BDT''s'!L:L,VMI!W3,'BDT''s'!F:F,VMI!B3,'BDT''s'!E:E,VMI!A3),"-") -> - | Y3: {=IFERROR(_xlfn.PERCENTILE.INC(_xlfn._xlws.FILTER('BDT''s'!W:W,('BDT''s'!L:L=VMI!W3)*('BDT''s'!F:F=VMI!B3)*('BDT''s'!E:E=VMI!A3)),0.5),"-")} -> - | Z3: {=IFERROR(_xlfn.PERCENTILE.INC(_xlfn._xlws.FILTER('BDT''s'!W:W,('BDT''s'!L:L=VMI!W3)*('BDT''s'!F:F=VMI!B3)*('BDT''s'!E:E=VMI!A3)),0.75),"-")} -> - | AA3: =IFERROR(_xlfn.MAXIFS('BDT''s'!W:W,'BDT''s'!L:L,VMI!W3,'BDT''s'!F:F,VMI!B3,'BDT''s'!E:E,VMI!A3),"-") -> 0 | AB3: =IFERROR(COUNTIFS('BDT''s'!L:L,VMI!W3,'BDT''s'!F:F,VMI!B3,'BDT''s'!E:E,VMI!A3),"-") -> 0 | AC3: =IFERROR(IF(X3="-","-",IF(X3<Y3,"BAIXO",IF(AND(X3>=Y3,X3<Z3),"MEDIO",IF(AND(X3>=Z3,X3<=AA3),"ALTO","-")))),"-") -> - | AD3: =IFERROR(AVERAGE((Y3/X3),(Z3/X3)),"-") -> - | AE3: =IFERROR(AVERAGEIFS('BDT''s'!$W:$W,'BDT''s'!$L:$L,VMI!W3,'BDT''s'!$F:$F,VMI!$B3,'BDT''s'!$E:$E,VMI!$A3)*AD3,"-") -> - | AF3: =IFERROR(AE3*AD3,"-") -> -
A4: 0.03 | B4: 0,01 a 0,05 | C4: CORTE | D4: =IFERROR(AVERAGEIFS('BDT''s'!W:W,'BDT''s'!L:L,VMI!C4,'BDT''s'!F:F,VMI!B4,'BDT''s'!E:E,VMI!A4),"-") -> - | E4: {=IFERROR(_xlfn.PERCENTILE.INC(_xlfn._xlws.FILTER('BDT''s'!W:W,('BDT''s'!L:L=VMI!C4)*('BDT''s'!F:F=VMI!B4)*('BDT''s'!E:E=VMI!A4)),0.5),"-")} -> - | F4: {=IFERROR(_xlfn.PERCENTILE.INC(_xlfn._xlws.FILTER('BDT''s'!W:W,('BDT''s'!L:L=VMI!C4)*('BDT''s'!F:F=VMI!B4)*('BDT''s'!E:E=VMI!A4)),0.75),"-")} -> - | G4: =IFERROR(_xlfn.MAXIFS('BDT''s'!W:W,'BDT''s'!L:L,VMI!C4,'BDT''s'!F:F,VMI!B4,'BDT''s'!E:E,VMI!A4),"-") -> 0 | H4: =IFERROR(COUNTIFS('BDT''s'!L:L,VMI!C4,'BDT''s'!F:F,VMI!B4,'BDT''s'!E:E,VMI!A4),"-") -> 0 | I4: =IFERROR(IF(D4="-","-",IF(D4<E4,"BAIXO",IF(AND(D4>=E4,D4<F4),"MEDIO",IF(AND(D4>=F4,D4<=G4),"ALTO","-")))),"-") -> - | J4: =IFERROR(AVERAGE((E4/D4),(F4/D4)),"-") -> - | K4: =IFERROR(AVERAGEIFS('BDT''s'!$W:$W,'BDT''s'!$L:$L,VMI!C4,'BDT''s'!$F:$F,VMI!$B4,'BDT''s'!$E:$E,VMI!$A4)*J4,"-") -> - | L4: =IFERROR(K4*J4,"-") -> - | M4: ARRASTE | N4: =IFERROR(AVERAGEIFS('BDT''s'!W:W,'BDT''s'!L:L,VMI!M4,'BDT''s'!F:F,VMI!B4,'BDT''s'!E:E,VMI!A4),"-") -> - | O4: {=IFERROR(_xlfn.PERCENTILE.INC(_xlfn._xlws.FILTER('BDT''s'!W:W,('BDT''s'!L:L=VMI!M4)*('BDT''s'!F:F=VMI!B4)*('BDT''s'!E:E=VMI!A4)),0.5),"-")} -> - | P4: {=IFERROR(_xlfn.PERCENTILE.INC(_xlfn._xlws.FILTER('BDT''s'!W:W,('BDT''s'!L:L=VMI!M4)*('BDT''s'!F:F=VMI!B4)*('BDT''s'!E:E=VMI!A4)),0.75),"-")} -> - | Q4: =IFERROR(_xlfn.MAXIFS('BDT''s'!W:W,'BDT''s'!L:L,VMI!M4,'BDT''s'!F:F,VMI!B4,'BDT''s'!E:E,VMI!A4),"-") -> 0 | R4: =IFERROR(COUNTIFS('BDT''s'!L:L,VMI!M4,'BDT''s'!F:F,VMI!B4,'BDT''s'!E:E,VMI!A4),"-") -> 0 | S4: =IFERROR(IF(N4="-","-",IF(N4<O4,"BAIXO",IF(AND(N4>=O4,N4<P4),"MEDIO",IF(AND(N4>=P4,N4<=Q4),"ALTO","-")))),"-") -> - | T4: =IFERROR(AVERAGE((O4/N4),(P4/N4)),"-") -> - | U4: =IFERROR(AVERAGEIFS('BDT''s'!$W:$W,'BDT''s'!$L:$L,VMI!M4,'BDT''s'!$F:$F,VMI!$B4,'BDT''s'!$E:$E,VMI!$A4)*T4,"-") -> - | V4: =IFERROR(U4*T4,"-") -> - | W4: TRAÇAMENTO | X4: =IFERROR(AVERAGEIFS('BDT''s'!W:W,'BDT''s'!L:L,VMI!W4,'BDT''s'!F:F,VMI!B4,'BDT''s'!E:E,VMI!A4),"-") -> - | Y4: {=IFERROR(_xlfn.PERCENTILE.INC(_xlfn._xlws.FILTER('BDT''s'!W:W,('BDT''s'!L:L=VMI!W4)*('BDT''s'!F:F=VMI!B4)*('BDT''s'!E:E=VMI!A4)),0.5),"-")} -> - | Z4: {=IFERROR(_xlfn.PERCENTILE.INC(_xlfn._xlws.FILTER('BDT''s'!W:W,('BDT''s'!L:L=VMI!W4)*('BDT''s'!F:F=VMI!B4)*('BDT''s'!E:E=VMI!A4)),0.75),"-")} -> - | AA4: =IFERROR(_xlfn.MAXIFS('BDT''s'!W:W,'BDT''s'!L:L,VMI!W4,'BDT''s'!F:F,VMI!B4,'BDT''s'!E:E,VMI!A4),"-") -> 0 | AB4: =IFERROR(COUNTIFS('BDT''s'!L:L,VMI!W4,'BDT''s'!F:F,VMI!B4,'BDT''s'!E:E,VMI!A4),"-") -> 0 | AC4: =IFERROR(IF(X4="-","-",IF(X4<Y4,"BAIXO",IF(AND(X4>=Y4,X4<Z4),"MEDIO",IF(AND(X4>=Z4,X4<=AA4),"ALTO","-")))),"-") -> - | AD4: =IFERROR(AVERAGE((Y4/X4),(Z4/X4)),"-") -> - | AE4: =IFERROR(AVERAGEIFS('BDT''s'!$W:$W,'BDT''s'!$L:$L,VMI!W4,'BDT''s'!$F:$F,VMI!$B4,'BDT''s'!$E:$E,VMI!$A4)*AD4,"-") -> - | AF4: =IFERROR(AE4*AD4,"-") -> -
A5: 0.04 | B5: 0,01 a 0,05 | C5: CORTE | D5: =IFERROR(AVERAGEIFS('BDT''s'!W:W,'BDT''s'!L:L,VMI!C5,'BDT''s'!F:F,VMI!B5,'BDT''s'!E:E,VMI!A5),"-") -> - | E5: {=IFERROR(_xlfn.PERCENTILE.INC(_xlfn._xlws.FILTER('BDT''s'!W:W,('BDT''s'!L:L=VMI!C5)*('BDT''s'!F:F=VMI!B5)*('BDT''s'!E:E=VMI!A5)),0.5),"-")} -> - | F5: {=IFERROR(_xlfn.PERCENTILE.INC(_xlfn._xlws.FILTER('BDT''s'!W:W,('BDT''s'!L:L=VMI!C5)*('BDT''s'!F:F=VMI!B5)*('BDT''s'!E:E=VMI!A5)),0.75),"-")} -> - | G5: =IFERROR(_xlfn.MAXIFS('BDT''s'!W:W,'BDT''s'!L:L,VMI!C5,'BDT''s'!F:F,VMI!B5,'BDT''s'!E:E,VMI!A5),"-") -> 0 | H5: =IFERROR(COUNTIFS('BDT''s'!L:L,VMI!C5,'BDT''s'!F:F,VMI!B5,'BDT''s'!E:E,VMI!A5),"-") -> 0 | I5: =IFERROR(IF(D5="-","-",IF(D5<E5,"BAIXO",IF(AND(D5>=E5,D5<F5),"MEDIO",IF(AND(D5>=F5,D5<=G5),"ALTO","-")))),"-") -> - | J5: =IFERROR(AVERAGE((E5/D5),(F5/D5)),"-") -> - | K5: =IFERROR(AVERAGEIFS('BDT''s'!$W:$W,'BDT''s'!$L:$L,VMI!C5,'BDT''s'!$F:$F,VMI!$B5,'BDT''s'!$E:$E,VMI!$A5)*J5,"-") -> - | L5: =IFERROR(K5*J5,"-") -> - | M5: ARRASTE | N5: =IFERROR(AVERAGEIFS('BDT''s'!W:W,'BDT''s'!L:L,VMI!M5,'BDT''s'!F:F,VMI!B5,'BDT''s'!E:E,VMI!A5),"-") -> - | O5: {=IFERROR(_xlfn.PERCENTILE.INC(_xlfn._xlws.FILTER('BDT''s'!W:W,('BDT''s'!L:L=VMI!M5)*('BDT''s'!F:F=VMI!B5)*('BDT''s'!E:E=VMI!A5)),0.5),"-")} -> - | P5: {=IFERROR(_xlfn.PERCENTILE.INC(_xlfn._xlws.FILTER('BDT''s'!W:W,('BDT''s'!L:L=VMI!M5)*('BDT''s'!F:F=VMI!B5)*('BDT''s'!E:E=VMI!A5)),0.75),"-")} -> - | Q5: =IFERROR(_xlfn.MAXIFS('BDT''s'!W:W,'BDT''s'!L:L,VMI!M5,'BDT''s'!F:F,VMI!B5,'BDT''s'!E:E,VMI!A5),"-") -> 0 | R5: =IFERROR(COUNTIFS('BDT''s'!L:L,VMI!M5,'BDT''s'!F:F,VMI!B5,'BDT''s'!E:E,VMI!A5),"-") -> 0 | S5: =IFERROR(IF(N5="-","-",IF(N5<O5,"BAIXO",IF(AND(N5>=O5,N5<P5),"MEDIO",IF(AND(N5>=P5,N5<=Q5),"ALTO","-")))),"-") -> - | T5: =IFERROR(AVERAGE((O5/N5),(P5/N5)),"-") -> - | U5: =IFERROR(AVERAGEIFS('BDT''s'!$W:$W,'BDT''s'!$L:$L,VMI!M5,'BDT''s'!$F:$F,VMI!$B5,'BDT''s'!$E:$E,VMI!$A5)*T5,"-") -> - | V5: =IFERROR(U5*T5,"-") -> - | W5: TRAÇAMENTO | X5: =IFERROR(AVERAGEIFS('BDT''s'!W:W,'BDT''s'!L:L,VMI!W5,'BDT''s'!F:F,VMI!B5,'BDT''s'!E:E,VMI!A5),"-") -> - | Y5: {=IFERROR(_xlfn.PERCENTILE.INC(_xlfn._xlws.FILTER('BDT''s'!W:W,('BDT''s'!L:L=VMI!W5)*('BDT''s'!F:F=VMI!B5)*('BDT''s'!E:E=VMI!A5)),0.5),"-")} -> - | Z5: {=IFERROR(_xlfn.PERCENTILE.INC(_xlfn._xlws.FILTER('BDT''s'!W:W,('BDT''s'!L:L=VMI!W5)*('BDT''s'!F:F=VMI!B5)*('BDT''s'!E:E=VMI!A5)),0.75),"-")} -> - | AA5: =IFERROR(_xlfn.MAXIFS('BDT''s'!W:W,'BDT''s'!L:L,VMI!W5,'BDT''s'!F:F,VMI!B5,'BDT''s'!E:E,VMI!A5),"-") -> 0 | AB5: =IFERROR(COUNTIFS('BDT''s'!L:L,VMI!W5,'BDT''s'!F:F,VMI!B5,'BDT''s'!E:E,VMI!A5),"-") -> 0 | AC5: =IFERROR(IF(X5="-","-",IF(X5<Y5,"BAIXO",IF(AND(X5>=Y5,X5<Z5),"MEDIO",IF(AND(X5>=Z5,X5<=AA5),"ALTO","-")))),"-") -> - | AD5: =IFERROR(AVERAGE((Y5/X5),(Z5/X5)),"-") -> - | AE5: =IFERROR(AVERAGEIFS('BDT''s'!$W:$W,'BDT''s'!$L:$L,VMI!W5,'BDT''s'!$F:$F,VMI!$B5,'BDT''s'!$E:$E,VMI!$A5)*AD5,"-") -> - | AF5: =IFERROR(AE5*AD5,"-") -> -
A6: 0.05 | B6: 0,01 a 0,05 | C6: CORTE | D6: =IFERROR(AVERAGEIFS('BDT''s'!W:W,'BDT''s'!L:L,VMI!C6,'BDT''s'!F:F,VMI!B6,'BDT''s'!E:E,VMI!A6),"-") -> - | E6: {=IFERROR(_xlfn.PERCENTILE.INC(_xlfn._xlws.FILTER('BDT''s'!W:W,('BDT''s'!L:L=VMI!C6)*('BDT''s'!F:F=VMI!B6)*('BDT''s'!E:E=VMI!A6)),0.5),"-")} -> - | F6: {=IFERROR(_xlfn.PERCENTILE.INC(_xlfn._xlws.FILTER('BDT''s'!W:W,('BDT''s'!L:L=VMI!C6)*('BDT''s'!F:F=VMI!B6)*('BDT''s'!E:E=VMI!A6)),0.75),"-")} -> - | G6: =IFERROR(_xlfn.MAXIFS('BDT''s'!W:W,'BDT''s'!L:L,VMI!C6,'BDT''s'!F:F,VMI!B6,'BDT''s'!E:E,VMI!A6),"-") -> 0 | H6: =IFERROR(COUNTIFS('BDT''s'!L:L,VMI!C6,'BDT''s'!F:F,VMI!B6,'BDT''s'!E:E,VMI!A6),"-") -> 0 | I6: =IFERROR(IF(D6="-","-",IF(D6<E6,"BAIXO",IF(AND(D6>=E6,D6<F6),"MEDIO",IF(AND(D6>=F6,D6<=G6),"ALTO","-")))),"-") -> - | J6: =IFERROR(AVERAGE((E6/D6),(F6/D6)),"-") -> - | K6: =IFERROR(AVERAGEIFS('BDT''s'!$W:$W,'BDT''s'!$L:$L,VMI!C6,'BDT''s'!$F:$F,VMI!$B6,'BDT''s'!$E:$E,VMI!$A6)*J6,"-") -> - | L6: =IFERROR(K6*J6,"-") -> - | M6: ARRASTE | N6: =IFERROR(AVERAGEIFS('BDT''s'!W:W,'BDT''s'!L:L,VMI!M6,'BDT''s'!F:F,VMI!B6,'BDT''s'!E:E,VMI!A6),"-") -> - | O6: {=IFERROR(_xlfn.PERCENTILE.INC(_xlfn._xlws.FILTER('BDT''s'!W:W,('BDT''s'!L:L=VMI!M6)*('BDT''s'!F:F=VMI!B6)*('BDT''s'!E:E=VMI!A6)),0.5),"-")} -> - | P6: {=IFERROR(_xlfn.PERCENTILE.INC(_xlfn._xlws.FILTER('BDT''s'!W:W,('BDT''s'!L:L=VMI!M6)*('BDT''s'!F:F=VMI!B6)*('BDT''s'!E:E=VMI!A6)),0.75),"-")} -> - | Q6: =IFERROR(_xlfn.MAXIFS('BDT''s'!W:W,'BDT''s'!L:L,VMI!M6,'BDT''s'!F:F,VMI!B6,'BDT''s'!E:E,VMI!A6),"-") -> 0 | R6: =IFERROR(COUNTIFS('BDT''s'!L:L,VMI!M6,'BDT''s'!F:F,VMI!B6,'BDT''s'!E:E,VMI!A6),"-") -> 0 | S6: =IFERROR(IF(N6="-","-",IF(N6<O6,"BAIXO",IF(AND(N6>=O6,N6<P6),"MEDIO",IF(AND(N6>=P6,N6<=Q6),"ALTO","-")))),"-") -> - | T6: =IFERROR(AVERAGE((O6/N6),(P6/N6)),"-") -> - | U6: =IFERROR(AVERAGEIFS('BDT''s'!$W:$W,'BDT''s'!$L:$L,VMI!M6,'BDT''s'!$F:$F,VMI!$B6,'BDT''s'!$E:$E,VMI!$A6)*T6,"-") -> - | V6: =IFERROR(U6*T6,"-") -> - | W6: TRAÇAMENTO | X6: =IFERROR(AVERAGEIFS('BDT''s'!W:W,'BDT''s'!L:L,VMI!W6,'BDT''s'!F:F,VMI!B6,'BDT''s'!E:E,VMI!A6),"-") -> - | Y6: {=IFERROR(_xlfn.PERCENTILE.INC(_xlfn._xlws.FILTER('BDT''s'!W:W,('BDT''s'!L:L=VMI!W6)*('BDT''s'!F:F=VMI!B6)*('BDT''s'!E:E=VMI!A6)),0.5),"-")} -> - | Z6: {=IFERROR(_xlfn.PERCENTILE.INC(_xlfn._xlws.FILTER('BDT''s'!W:W,('BDT''s'!L:L=VMI!W6)*('BDT''s'!F:F=VMI!B6)*('BDT''s'!E:E=VMI!A6)),0.75),"-")} -> - | AA6: =IFERROR(_xlfn.MAXIFS('BDT''s'!W:W,'BDT''s'!L:L,VMI!W6,'BDT''s'!F:F,VMI!B6,'BDT''s'!E:E,VMI!A6),"-") -> 0 | AB6: =IFERROR(COUNTIFS('BDT''s'!L:L,VMI!W6,'BDT''s'!F:F,VMI!B6,'BDT''s'!E:E,VMI!A6),"-") -> 0 | AC6: =IFERROR(IF(X6="-","-",IF(X6<Y6,"BAIXO",IF(AND(X6>=Y6,X6<Z6),"MEDIO",IF(AND(X6>=Z6,X6<=AA6),"ALTO","-")))),"-") -> - | AD6: =IFERROR(AVERAGE((Y6/X6),(Z6/X6)),"-") -> - | AE6: =IFERROR(AVERAGEIFS('BDT''s'!$W:$W,'BDT''s'!$L:$L,VMI!W6,'BDT''s'!$F:$F,VMI!$B6,'BDT''s'!$E:$E,VMI!$A6)*AD6,"-") -> - | AF6: =IFERROR(AE6*AD6,"-") -> -
A7: 0.06 | B7: 0,06 a 0,10 | C7: CORTE | D7: =IFERROR(AVERAGEIFS('BDT''s'!W:W,'BDT''s'!L:L,VMI!C7,'BDT''s'!F:F,VMI!B7,'BDT''s'!E:E,VMI!A7),"-") -> - | E7: {=IFERROR(_xlfn.PERCENTILE.INC(_xlfn._xlws.FILTER('BDT''s'!W:W,('BDT''s'!L:L=VMI!C7)*('BDT''s'!F:F=VMI!B7)*('BDT''s'!E:E=VMI!A7)),0.5),"-")} -> - | F7: {=IFERROR(_xlfn.PERCENTILE.INC(_xlfn._xlws.FILTER('BDT''s'!W:W,('BDT''s'!L:L=VMI!C7)*('BDT''s'!F:F=VMI!B7)*('BDT''s'!E:E=VMI!A7)),0.75),"-")} -> - | G7: =IFERROR(_xlfn.MAXIFS('BDT''s'!W:W,'BDT''s'!L:L,VMI!C7,'BDT''s'!F:F,VMI!B7,'BDT''s'!E:E,VMI!A7),"-") -> 0 | H7: =IFERROR(COUNTIFS('BDT''s'!L:L,VMI!C7,'BDT''s'!F:F,VMI!B7,'BDT''s'!E:E,VMI!A7),"-") -> 0 | I7: =IFERROR(IF(D7="-","-",IF(D7<E7,"BAIXO",IF(AND(D7>=E7,D7<F7),"MEDIO",IF(AND(D7>=F7,D7<=G7),"ALTO","-")))),"-") -> - | J7: =IFERROR(AVERAGE((E7/D7),(F7/D7)),"-") -> - | K7: =IFERROR(AVERAGEIFS('BDT''s'!$W:$W,'BDT''s'!$L:$L,VMI!C7,'BDT''s'!$F:$F,VMI!$B7,'BDT''s'!$E:$E,VMI!$A7)*J7,"-") -> - | L7: =IFERROR(K7*J7,"-") -> - | M7: ARRASTE | N7: =IFERROR(AVERAGEIFS('BDT''s'!W:W,'BDT''s'!L:L,VMI!M7,'BDT''s'!F:F,VMI!B7,'BDT''s'!E:E,VMI!A7),"-") -> - | O7: {=IFERROR(_xlfn.PERCENTILE.INC(_xlfn._xlws.FILTER('BDT''s'!W:W,('BDT''s'!L:L=VMI!M7)*('BDT''s'!F:F=VMI!B7)*('BDT''s'!E:E=VMI!A7)),0.5),"-")} -> - | P7: {=IFERROR(_xlfn.PERCENTILE.INC(_xlfn._xlws.FILTER('BDT''s'!W:W,('BDT''s'!L:L=VMI!M7)*('BDT''s'!F:F=VMI!B7)*('BDT''s'!E:E=VMI!A7)),0.75),"-")} -> - | Q7: =IFERROR(_xlfn.MAXIFS('BDT''s'!W:W,'BDT''s'!L:L,VMI!M7,'BDT''s'!F:F,VMI!B7,'BDT''s'!E:E,VMI!A7),"-") -> 0 | R7: =IFERROR(COUNTIFS('BDT''s'!L:L,VMI!M7,'BDT''s'!F:F,VMI!B7,'BDT''s'!E:E,VMI!A7),"-") -> 0 | S7: =IFERROR(IF(N7="-","-",IF(N7<O7,"BAIXO",IF(AND(N7>=O7,N7<P7),"MEDIO",IF(AND(N7>=P7,N7<=Q7),"ALTO","-")))),"-") -> - | T7: =IFERROR(AVERAGE((O7/N7),(P7/N7)),"-") -> - | U7: =IFERROR(AVERAGEIFS('BDT''s'!$W:$W,'BDT''s'!$L:$L,VMI!M7,'BDT''s'!$F:$F,VMI!$B7,'BDT''s'!$E:$E,VMI!$A7)*T7,"-") -> - | V7: =IFERROR(U7*T7,"-") -> - | W7: TRAÇAMENTO | X7: =IFERROR(AVERAGEIFS('BDT''s'!W:W,'BDT''s'!L:L,VMI!W7,'BDT''s'!F:F,VMI!B7,'BDT''s'!E:E,VMI!A7),"-") -> - | Y7: {=IFERROR(_xlfn.PERCENTILE.INC(_xlfn._xlws.FILTER('BDT''s'!W:W,('BDT''s'!L:L=VMI!W7)*('BDT''s'!F:F=VMI!B7)*('BDT''s'!E:E=VMI!A7)),0.5),"-")} -> - | Z7: {=IFERROR(_xlfn.PERCENTILE.INC(_xlfn._xlws.FILTER('BDT''s'!W:W,('BDT''s'!L:L=VMI!W7)*('BDT''s'!F:F=VMI!B7)*('BDT''s'!E:E=VMI!A7)),0.75),"-")} -> - | AA7: =IFERROR(_xlfn.MAXIFS('BDT''s'!W:W,'BDT''s'!L:L,VMI!W7,'BDT''s'!F:F,VMI!B7,'BDT''s'!E:E,VMI!A7),"-") -> 0 | AB7: =IFERROR(COUNTIFS('BDT''s'!L:L,VMI!W7,'BDT''s'!F:F,VMI!B7,'BDT''s'!E:E,VMI!A7),"-") -> 0 | AC7: =IFERROR(IF(X7="-","-",IF(X7<Y7,"BAIXO",IF(AND(X7>=Y7,X7<Z7),"MEDIO",IF(AND(X7>=Z7,X7<=AA7),"ALTO","-")))),"-") -> - | AD7: =IFERROR(AVERAGE((Y7/X7),(Z7/X7)),"-") -> - | AE7: =IFERROR(AVERAGEIFS('BDT''s'!$W:$W,'BDT''s'!$L:$L,VMI!W7,'BDT''s'!$F:$F,VMI!$B7,'BDT''s'!$E:$E,VMI!$A7)*AD7,"-") -> - | AF7: =IFERROR(AE7*AD7,"-") -> -
A8: 0.07 | B8: 0,06 a 0,10 | C8: CORTE | D8: =IFERROR(AVERAGEIFS('BDT''s'!W:W,'BDT''s'!L:L,VMI!C8,'BDT''s'!F:F,VMI!B8,'BDT''s'!E:E,VMI!A8),"-") -> - | E8: {=IFERROR(_xlfn.PERCENTILE.INC(_xlfn._xlws.FILTER('BDT''s'!W:W,('BDT''s'!L:L=VMI!C8)*('BDT''s'!F:F=VMI!B8)*('BDT''s'!E:E=VMI!A8)),0.5),"-")} -> - | F8: {=IFERROR(_xlfn.PERCENTILE.INC(_xlfn._xlws.FILTER('BDT''s'!W:W,('BDT''s'!L:L=VMI!C8)*('BDT''s'!F:F=VMI!B8)*('BDT''s'!E:E=VMI!A8)),0.75),"-")} -> - | G8: =IFERROR(_xlfn.MAXIFS('BDT''s'!W:W,'BDT''s'!L:L,VMI!C8,'BDT''s'!F:F,VMI!B8,'BDT''s'!E:E,VMI!A8),"-") -> 0 | H8: =IFERROR(COUNTIFS('BDT''s'!L:L,VMI!C8,'BDT''s'!F:F,VMI!B8,'BDT''s'!E:E,VMI!A8),"-") -> 0 | I8: =IFERROR(IF(D8="-","-",IF(D8<E8,"BAIXO",IF(AND(D8>=E8,D8<F8),"MEDIO",IF(AND(D8>=F8,D8<=G8),"ALTO","-")))),"-") -> - | J8: =IFERROR(AVERAGE((E8/D8),(F8/D8)),"-") -> - | K8: =IFERROR(AVERAGEIFS('BDT''s'!$W:$W,'BDT''s'!$L:$L,VMI!C8,'BDT''s'!$F:$F,VMI!$B8,'BDT''s'!$E:$E,VMI!$A8)*J8,"-") -> - | L8: =IFERROR(K8*J8,"-") -> - | M8: ARRASTE | N8: =IFERROR(AVERAGEIFS('BDT''s'!W:W,'BDT''s'!L:L,VMI!M8,'BDT''s'!F:F,VMI!B8,'BDT''s'!E:E,VMI!A8),"-") -> - | O8: {=IFERROR(_xlfn.PERCENTILE.INC(_xlfn._xlws.FILTER('BDT''s'!W:W,('BDT''s'!L:L=VMI!M8)*('BDT''s'!F:F=VMI!B8)*('BDT''s'!E:E=VMI!A8)),0.5),"-")} -> - | P8: {=IFERROR(_xlfn.PERCENTILE.INC(_xlfn._xlws.FILTER('BDT''s'!W:W,('BDT''s'!L:L=VMI!M8)*('BDT''s'!F:F=VMI!B8)*('BDT''s'!E:E=VMI!A8)),0.75),"-")} -> - | Q8: =IFERROR(_xlfn.MAXIFS('BDT''s'!W:W,'BDT''s'!L:L,VMI!M8,'BDT''s'!F:F,VMI!B8,'BDT''s'!E:E,VMI!A8),"-") -> 0 | R8: =IFERROR(COUNTIFS('BDT''s'!L:L,VMI!M8,'BDT''s'!F:F,VMI!B8,'BDT''s'!E:E,VMI!A8),"-") -> 0 | S8: =IFERROR(IF(N8="-","-",IF(N8<O8,"BAIXO",IF(AND(N8>=O8,N8<P8),"MEDIO",IF(AND(N8>=P8,N8<=Q8),"ALTO","-")))),"-") -> - | T8: =IFERROR(AVERAGE((O8/N8),(P8/N8)),"-") -> - | U8: =IFERROR(AVERAGEIFS('BDT''s'!$W:$W,'BDT''s'!$L:$L,VMI!M8,'BDT''s'!$F:$F,VMI!$B8,'BDT''s'!$E:$E,VMI!$A8)*T8,"-") -> - | V8: =IFERROR(U8*T8,"-") -> - | W8: TRAÇAMENTO | X8: =IFERROR(AVERAGEIFS('BDT''s'!W:W,'BDT''s'!L:L,VMI!W8,'BDT''s'!F:F,VMI!B8,'BDT''s'!E:E,VMI!A8),"-") -> - | Y8: {=IFERROR(_xlfn.PERCENTILE.INC(_xlfn._xlws.FILTER('BDT''s'!W:W,('BDT''s'!L:L=VMI!W8)*('BDT''s'!F:F=VMI!B8)*('BDT''s'!E:E=VMI!A8)),0.5),"-")} -> - | Z8: {=IFERROR(_xlfn.PERCENTILE.INC(_xlfn._xlws.FILTER('BDT''s'!W:W,('BDT''s'!L:L=VMI!W8)*('BDT''s'!F:F=VMI!B8)*('BDT''s'!E:E=VMI!A8)),0.75),"-")} -> - | AA8: =IFERROR(_xlfn.MAXIFS('BDT''s'!W:W,'BDT''s'!L:L,VMI!W8,'BDT''s'!F:F,VMI!B8,'BDT''s'!E:E,VMI!A8),"-") -> 0 | AB8: =IFERROR(COUNTIFS('BDT''s'!L:L,VMI!W8,'BDT''s'!F:F,VMI!B8,'BDT''s'!E:E,VMI!A8),"-") -> 0 | AC8: =IFERROR(IF(X8="-","-",IF(X8<Y8,"BAIXO",IF(AND(X8>=Y8,X8<Z8),"MEDIO",IF(AND(X8>=Z8,X8<=AA8),"ALTO","-")))),"-") -> - | AD8: =IFERROR(AVERAGE((Y8/X8),(Z8/X8)),"-") -> - | AE8: =IFERROR(AVERAGEIFS('BDT''s'!$W:$W,'BDT''s'!$L:$L,VMI!W8,'BDT''s'!$F:$F,VMI!$B8,'BDT''s'!$E:$E,VMI!$A8)*AD8,"-") -> - | AF8: =IFERROR(AE8*AD8,"-") -> -
A9: 0.08 | B9: 0,06 a 0,10 | C9: CORTE | D9: =IFERROR(AVERAGEIFS('BDT''s'!W:W,'BDT''s'!L:L,VMI!C9,'BDT''s'!F:F,VMI!B9,'BDT''s'!E:E,VMI!A9),"-") -> - | E9: {=IFERROR(_xlfn.PERCENTILE.INC(_xlfn._xlws.FILTER('BDT''s'!W:W,('BDT''s'!L:L=VMI!C9)*('BDT''s'!F:F=VMI!B9)*('BDT''s'!E:E=VMI!A9)),0.5),"-")} -> - | F9: {=IFERROR(_xlfn.PERCENTILE.INC(_xlfn._xlws.FILTER('BDT''s'!W:W,('BDT''s'!L:L=VMI!C9)*('BDT''s'!F:F=VMI!B9)*('BDT''s'!E:E=VMI!A9)),0.75),"-")} -> - | G9: =IFERROR(_xlfn.MAXIFS('BDT''s'!W:W,'BDT''s'!L:L,VMI!C9,'BDT''s'!F:F,VMI!B9,'BDT''s'!E:E,VMI!A9),"-") -> 0 | H9: =IFERROR(COUNTIFS('BDT''s'!L:L,VMI!C9,'BDT''s'!F:F,VMI!B9,'BDT''s'!E:E,VMI!A9),"-") -> 0 | I9: =IFERROR(IF(D9="-","-",IF(D9<E9,"BAIXO",IF(AND(D9>=E9,D9<F9),"MEDIO",IF(AND(D9>=F9,D9<=G9),"ALTO","-")))),"-") -> - | J9: =IFERROR(AVERAGE((E9/D9),(F9/D9)),"-") -> - | K9: =IFERROR(AVERAGEIFS('BDT''s'!$W:$W,'BDT''s'!$L:$L,VMI!C9,'BDT''s'!$F:$F,VMI!$B9,'BDT''s'!$E:$E,VMI!$A9)*J9,"-") -> - | L9: =IFERROR(K9*J9,"-") -> - | M9: ARRASTE | N9: =IFERROR(AVERAGEIFS('BDT''s'!W:W,'BDT''s'!L:L,VMI!M9,'BDT''s'!F:F,VMI!B9,'BDT''s'!E:E,VMI!A9),"-") -> - | O9: {=IFERROR(_xlfn.PERCENTILE.INC(_xlfn._xlws.FILTER('BDT''s'!W:W,('BDT''s'!L:L=VMI!M9)*('BDT''s'!F:F=VMI!B9)*('BDT''s'!E:E=VMI!A9)),0.5),"-")} -> - | P9: {=IFERROR(_xlfn.PERCENTILE.INC(_xlfn._xlws.FILTER('BDT''s'!W:W,('BDT''s'!L:L=VMI!M9)*('BDT''s'!F:F=VMI!B9)*('BDT''s'!E:E=VMI!A9)),0.75),"-")} -> - | Q9: =IFERROR(_xlfn.MAXIFS('BDT''s'!W:W,'BDT''s'!L:L,VMI!M9,'BDT''s'!F:F,VMI!B9,'BDT''s'!E:E,VMI!A9),"-") -> 0 | R9: =IFERROR(COUNTIFS('BDT''s'!L:L,VMI!M9,'BDT''s'!F:F,VMI!B9,'BDT''s'!E:E,VMI!A9),"-") -> 0 | S9: =IFERROR(IF(N9="-","-",IF(N9<O9,"BAIXO",IF(AND(N9>=O9,N9<P9),"MEDIO",IF(AND(N9>=P9,N9<=Q9),"ALTO","-")))),"-") -> - | T9: =IFERROR(AVERAGE((O9/N9),(P9/N9)),"-") -> - | U9: =IFERROR(AVERAGEIFS('BDT''s'!$W:$W,'BDT''s'!$L:$L,VMI!M9,'BDT''s'!$F:$F,VMI!$B9,'BDT''s'!$E:$E,VMI!$A9)*T9,"-") -> - | V9: =IFERROR(U9*T9,"-") -> - | W9: TRAÇAMENTO | X9: =IFERROR(AVERAGEIFS('BDT''s'!W:W,'BDT''s'!L:L,VMI!W9,'BDT''s'!F:F,VMI!B9,'BDT''s'!E:E,VMI!A9),"-") -> - | Y9: {=IFERROR(_xlfn.PERCENTILE.INC(_xlfn._xlws.FILTER('BDT''s'!W:W,('BDT''s'!L:L=VMI!W9)*('BDT''s'!F:F=VMI!B9)*('BDT''s'!E:E=VMI!A9)),0.5),"-")} -> - | Z9: {=IFERROR(_xlfn.PERCENTILE.INC(_xlfn._xlws.FILTER('BDT''s'!W:W,('BDT''s'!L:L=VMI!W9)*('BDT''s'!F:F=VMI!B9)*('BDT''s'!E:E=VMI!A9)),0.75),"-")} -> - | AA9: =IFERROR(_xlfn.MAXIFS('BDT''s'!W:W,'BDT''s'!L:L,VMI!W9,'BDT''s'!F:F,VMI!B9,'BDT''s'!E:E,VMI!A9),"-") -> 0 | AB9: =IFERROR(COUNTIFS('BDT''s'!L:L,VMI!W9,'BDT''s'!F:F,VMI!B9,'BDT''s'!E:E,VMI!A9),"-") -> 0 | AC9: =IFERROR(IF(X9="-","-",IF(X9<Y9,"BAIXO",IF(AND(X9>=Y9,X9<Z9),"MEDIO",IF(AND(X9>=Z9,X9<=AA9),"ALTO","-")))),"-") -> - | AD9: =IFERROR(AVERAGE((Y9/X9),(Z9/X9)),"-") -> - | AE9: =IFERROR(AVERAGEIFS('BDT''s'!$W:$W,'BDT''s'!$L:$L,VMI!W9,'BDT''s'!$F:$F,VMI!$B9,'BDT''s'!$E:$E,VMI!$A9)*AD9,"-") -> - | AF9: =IFERROR(AE9*AD9,"-") -> -
A10: 0.09 | B10: 0,06 a 0,10 | C10: CORTE | D10: =IFERROR(AVERAGEIFS('BDT''s'!W:W,'BDT''s'!L:L,VMI!C10,'BDT''s'!F:F,VMI!B10,'BDT''s'!E:E,VMI!A10),"-") -> - | E10: {=IFERROR(_xlfn.PERCENTILE.INC(_xlfn._xlws.FILTER('BDT''s'!W:W,('BDT''s'!L:L=VMI!C10)*('BDT''s'!F:F=VMI!B10)*('BDT''s'!E:E=VMI!A10)),0.5),"-")} -> - | F10: {=IFERROR(_xlfn.PERCENTILE.INC(_xlfn._xlws.FILTER('BDT''s'!W:W,('BDT''s'!L:L=VMI!C10)*('BDT''s'!F:F=VMI!B10)*('BDT''s'!E:E=VMI!A10)),0.75),"-")} -> - | G10: =IFERROR(_xlfn.MAXIFS('BDT''s'!W:W,'BDT''s'!L:L,VMI!C10,'BDT''s'!F:F,VMI!B10,'BDT''s'!E:E,VMI!A10),"-") -> 0 | H10: =IFERROR(COUNTIFS('BDT''s'!L:L,VMI!C10,'BDT''s'!F:F,VMI!B10,'BDT''s'!E:E,VMI!A10),"-") -> 0 | I10: =IFERROR(IF(D10="-","-",IF(D10<E10,"BAIXO",IF(AND(D10>=E10,D10<F10),"MEDIO",IF(AND(D10>=F10,D10<=G10),"ALTO","-")))),"-") -> - | J10: =IFERROR(AVERAGE((E10/D10),(F10/D10)),"-") -> - | K10: =IFERROR(AVERAGEIFS('BDT''s'!$W:$W,'BDT''s'!$L:$L,VMI!C10,'BDT''s'!$F:$F,VMI!$B10,'BDT''s'!$E:$E,VMI!$A10)*J10,"-") -> - | L10: =IFERROR(K10*J10,"-") -> - | M10: ARRASTE | N10: =IFERROR(AVERAGEIFS('BDT''s'!W:W,'BDT''s'!L:L,VMI!M10,'BDT''s'!F:F,VMI!B10,'BDT''s'!E:E,VMI!A10),"-") -> - | O10: {=IFERROR(_xlfn.PERCENTILE.INC(_xlfn._xlws.FILTER('BDT''s'!W:W,('BDT''s'!L:L=VMI!M10)*('BDT''s'!F:F=VMI!B10)*('BDT''s'!E:E=VMI!A10)),0.5),"-")} -> - | P10: {=IFERROR(_xlfn.PERCENTILE.INC(_xlfn._xlws.FILTER('BDT''s'!W:W,('BDT''s'!L:L=VMI!M10)*('BDT''s'!F:F=VMI!B10)*('BDT''s'!E:E=VMI!A10)),0.75),"-")} -> - | Q10: =IFERROR(_xlfn.MAXIFS('BDT''s'!W:W,'BDT''s'!L:L,VMI!M10,'BDT''s'!F:F,VMI!B10,'BDT''s'!E:E,VMI!A10),"-") -> 0 | R10: =IFERROR(COUNTIFS('BDT''s'!L:L,VMI!M10,'BDT''s'!F:F,VMI!B10,'BDT''s'!E:E,VMI!A10),"-") -> 0 | S10: =IFERROR(IF(N10="-","-",IF(N10<O10,"BAIXO",IF(AND(N10>=O10,N10<P10),"MEDIO",IF(AND(N10>=P10,N10<=Q10),"ALTO","-")))),"-") -> - | T10: =IFERROR(AVERAGE((O10/N10),(P10/N10)),"-") -> - | U10: =IFERROR(AVERAGEIFS('BDT''s'!$W:$W,'BDT''s'!$L:$L,VMI!M10,'BDT''s'!$F:$F,VMI!$B10,'BDT''s'!$E:$E,VMI!$A10)*T10,"-") -> - | V10: =IFERROR(U10*T10,"-") -> - | W10: TRAÇAMENTO | X10: =IFERROR(AVERAGEIFS('BDT''s'!W:W,'BDT''s'!L:L,VMI!W10,'BDT''s'!F:F,VMI!B10,'BDT''s'!E:E,VMI!A10),"-") -> - | Y10: {=IFERROR(_xlfn.PERCENTILE.INC(_xlfn._xlws.FILTER('BDT''s'!W:W,('BDT''s'!L:L=VMI!W10)*('BDT''s'!F:F=VMI!B10)*('BDT''s'!E:E=VMI!A10)),0.5),"-")} -> - | Z10: {=IFERROR(_xlfn.PERCENTILE.INC(_xlfn._xlws.FILTER('BDT''s'!W:W,('BDT''s'!L:L=VMI!W10)*('BDT''s'!F:F=VMI!B10)*('BDT''s'!E:E=VMI!A10)),0.75),"-")} -> - | AA10: =IFERROR(_xlfn.MAXIFS('BDT''s'!W:W,'BDT''s'!L:L,VMI!W10,'BDT''s'!F:F,VMI!B10,'BDT''s'!E:E,VMI!A10),"-") -> 0 | AB10: =IFERROR(COUNTIFS('BDT''s'!L:L,VMI!W10,'BDT''s'!F:F,VMI!B10,'BDT''s'!E:E,VMI!A10),"-") -> 0 | AC10: =IFERROR(IF(X10="-","-",IF(X10<Y10,"BAIXO",IF(AND(X10>=Y10,X10<Z10),"MEDIO",IF(AND(X10>=Z10,X10<=AA10),"ALTO","-")))),"-") -> - | AD10: =IFERROR(AVERAGE((Y10/X10),(Z10/X10)),"-") -> - | AE10: =IFERROR(AVERAGEIFS('BDT''s'!$W:$W,'BDT''s'!$L:$L,VMI!W10,'BDT''s'!$F:$F,VMI!$B10,'BDT''s'!$E:$E,VMI!$A10)*AD10,"-") -> - | AF10: =IFERROR(AE10*AD10,"-") -> -
A11: 0.1 | B11: 0,06 a 0,10 | C11: CORTE | D11: =IFERROR(AVERAGEIFS('BDT''s'!W:W,'BDT''s'!L:L,VMI!C11,'BDT''s'!F:F,VMI!B11,'BDT''s'!E:E,VMI!A11),"-") -> - | E11: {=IFERROR(_xlfn.PERCENTILE.INC(_xlfn._xlws.FILTER('BDT''s'!W:W,('BDT''s'!L:L=VMI!C11)*('BDT''s'!F:F=VMI!B11)*('BDT''s'!E:E=VMI!A11)),0.5),"-")} -> - | F11: {=IFERROR(_xlfn.PERCENTILE.INC(_xlfn._xlws.FILTER('BDT''s'!W:W,('BDT''s'!L:L=VMI!C11)*('BDT''s'!F:F=VMI!B11)*('BDT''s'!E:E=VMI!A11)),0.75),"-")} -> - | G11: =IFERROR(_xlfn.MAXIFS('BDT''s'!W:W,'BDT''s'!L:L,VMI!C11,'BDT''s'!F:F,VMI!B11,'BDT''s'!E:E,VMI!A11),"-") -> 0 | H11: =IFERROR(COUNTIFS('BDT''s'!L:L,VMI!C11,'BDT''s'!F:F,VMI!B11,'BDT''s'!E:E,VMI!A11),"-") -> 0 | I11: =IFERROR(IF(D11="-","-",IF(D11<E11,"BAIXO",IF(AND(D11>=E11,D11<F11),"MEDIO",IF(AND(D11>=F11,D11<=G11),"ALTO","-")))),"-") -> - | J11: =IFERROR(AVERAGE((E11/D11),(F11/D11)),"-") -> - | K11: =IFERROR(AVERAGEIFS('BDT''s'!$W:$W,'BDT''s'!$L:$L,VMI!C11,'BDT''s'!$F:$F,VMI!$B11,'BDT''s'!$E:$E,VMI!$A11)*J11,"-") -> - | L11: =IFERROR(K11*J11,"-") -> - | M11: ARRASTE | N11: =IFERROR(AVERAGEIFS('BDT''s'!W:W,'BDT''s'!L:L,VMI!M11,'BDT''s'!F:F,VMI!B11,'BDT''s'!E:E,VMI!A11),"-") -> - | O11: {=IFERROR(_xlfn.PERCENTILE.INC(_xlfn._xlws.FILTER('BDT''s'!W:W,('BDT''s'!L:L=VMI!M11)*('BDT''s'!F:F=VMI!B11)*('BDT''s'!E:E=VMI!A11)),0.5),"-")} -> - | P11: {=IFERROR(_xlfn.PERCENTILE.INC(_xlfn._xlws.FILTER('BDT''s'!W:W,('BDT''s'!L:L=VMI!M11)*('BDT''s'!F:F=VMI!B11)*('BDT''s'!E:E=VMI!A11)),0.75),"-")} -> - | Q11: =IFERROR(_xlfn.MAXIFS('BDT''s'!W:W,'BDT''s'!L:L,VMI!M11,'BDT''s'!F:F,VMI!B11,'BDT''s'!E:E,VMI!A11),"-") -> 0 | R11: =IFERROR(COUNTIFS('BDT''s'!L:L,VMI!M11,'BDT''s'!F:F,VMI!B11,'BDT''s'!E:E,VMI!A11),"-") -> 0 | S11: =IFERROR(IF(N11="-","-",IF(N11<O11,"BAIXO",IF(AND(N11>=O11,N11<P11),"MEDIO",IF(AND(N11>=P11,N11<=Q11),"ALTO","-")))),"-") -> - | T11: =IFERROR(AVERAGE((O11/N11),(P11/N11)),"-") -> - | U11: =IFERROR(AVERAGEIFS('BDT''s'!$W:$W,'BDT''s'!$L:$L,VMI!M11,'BDT''s'!$F:$F,VMI!$B11,'BDT''s'!$E:$E,VMI!$A11)*T11,"-") -> - | V11: =IFERROR(U11*T11,"-") -> - | W11: TRAÇAMENTO | X11: =IFERROR(AVERAGEIFS('BDT''s'!W:W,'BDT''s'!L:L,VMI!W11,'BDT''s'!F:F,VMI!B11,'BDT''s'!E:E,VMI!A11),"-") -> - | Y11: {=IFERROR(_xlfn.PERCENTILE.INC(_xlfn._xlws.FILTER('BDT''s'!W:W,('BDT''s'!L:L=VMI!W11)*('BDT''s'!F:F=VMI!B11)*('BDT''s'!E:E=VMI!A11)),0.5),"-")} -> - | Z11: {=IFERROR(_xlfn.PERCENTILE.INC(_xlfn._xlws.FILTER('BDT''s'!W:W,('BDT''s'!L:L=VMI!W11)*('BDT''s'!F:F=VMI!B11)*('BDT''s'!E:E=VMI!A11)),0.75),"-")} -> - | AA11: =IFERROR(_xlfn.MAXIFS('BDT''s'!W:W,'BDT''s'!L:L,VMI!W11,'BDT''s'!F:F,VMI!B11,'BDT''s'!E:E,VMI!A11),"-") -> 0 | AB11: =IFERROR(COUNTIFS('BDT''s'!L:L,VMI!W11,'BDT''s'!F:F,VMI!B11,'BDT''s'!E:E,VMI!A11),"-") -> 0 | AC11: =IFERROR(IF(X11="-","-",IF(X11<Y11,"BAIXO",IF(AND(X11>=Y11,X11<Z11),"MEDIO",IF(AND(X11>=Z11,X11<=AA11),"ALTO","-")))),"-") -> - | AD11: =IFERROR(AVERAGE((Y11/X11),(Z11/X11)),"-") -> - | AE11: =IFERROR(AVERAGEIFS('BDT''s'!$W:$W,'BDT''s'!$L:$L,VMI!W11,'BDT''s'!$F:$F,VMI!$B11,'BDT''s'!$E:$E,VMI!$A11)*AD11,"-") -> - | AF11: =IFERROR(AE11*AD11,"-") -> -
A12: 0.11 | B12: 0,11 a 0,15 | C12: CORTE | D12: =IFERROR(AVERAGEIFS('BDT''s'!W:W,'BDT''s'!L:L,VMI!C12,'BDT''s'!F:F,VMI!B12,'BDT''s'!E:E,VMI!A12),"-") -> - | E12: {=IFERROR(_xlfn.PERCENTILE.INC(_xlfn._xlws.FILTER('BDT''s'!W:W,('BDT''s'!L:L=VMI!C12)*('BDT''s'!F:F=VMI!B12)*('BDT''s'!E:E=VMI!A12)),0.5),"-")} -> - | F12: {=IFERROR(_xlfn.PERCENTILE.INC(_xlfn._xlws.FILTER('BDT''s'!W:W,('BDT''s'!L:L=VMI!C12)*('BDT''s'!F:F=VMI!B12)*('BDT''s'!E:E=VMI!A12)),0.75),"-")} -> - | G12: =IFERROR(_xlfn.MAXIFS('BDT''s'!W:W,'BDT''s'!L:L,VMI!C12,'BDT''s'!F:F,VMI!B12,'BDT''s'!E:E,VMI!A12),"-") -> 0 | H12: =IFERROR(COUNTIFS('BDT''s'!L:L,VMI!C12,'BDT''s'!F:F,VMI!B12,'BDT''s'!E:E,VMI!A12),"-") -> 0 | I12: =IFERROR(IF(D12="-","-",IF(D12<E12,"BAIXO",IF(AND(D12>=E12,D12<F12),"MEDIO",IF(AND(D12>=F12,D12<=G12),"ALTO","-")))),"-") -> - | J12: =IFERROR(AVERAGE((E12/D12),(F12/D12)),"-") -> - | K12: =IFERROR(AVERAGEIFS('BDT''s'!$W:$W,'BDT''s'!$L:$L,VMI!C12,'BDT''s'!$F:$F,VMI!$B12,'BDT''s'!$E:$E,VMI!$A12)*J12,"-") -> - | L12: =IFERROR(K12*J12,"-") -> - | M12: ARRASTE | N12: =IFERROR(AVERAGEIFS('BDT''s'!W:W,'BDT''s'!L:L,VMI!M12,'BDT''s'!F:F,VMI!B12,'BDT''s'!E:E,VMI!A12),"-") -> - | O12: {=IFERROR(_xlfn.PERCENTILE.INC(_xlfn._xlws.FILTER('BDT''s'!W:W,('BDT''s'!L:L=VMI!M12)*('BDT''s'!F:F=VMI!B12)*('BDT''s'!E:E=VMI!A12)),0.5),"-")} -> - | P12: {=IFERROR(_xlfn.PERCENTILE.INC(_xlfn._xlws.FILTER('BDT''s'!W:W,('BDT''s'!L:L=VMI!M12)*('BDT''s'!F:F=VMI!B12)*('BDT''s'!E:E=VMI!A12)),0.75),"-")} -> - | Q12: =IFERROR(_xlfn.MAXIFS('BDT''s'!W:W,'BDT''s'!L:L,VMI!M12,'BDT''s'!F:F,VMI!B12,'BDT''s'!E:E,VMI!A12),"-") -> 0 | R12: =IFERROR(COUNTIFS('BDT''s'!L:L,VMI!M12,'BDT''s'!F:F,VMI!B12,'BDT''s'!E:E,VMI!A12),"-") -> 0 | S12: =IFERROR(IF(N12="-","-",IF(N12<O12,"BAIXO",IF(AND(N12>=O12,N12<P12),"MEDIO",IF(AND(N12>=P12,N12<=Q12),"ALTO","-")))),"-") -> - | T12: =IFERROR(AVERAGE((O12/N12),(P12/N12)),"-") -> - | U12: =IFERROR(AVERAGEIFS('BDT''s'!$W:$W,'BDT''s'!$L:$L,VMI!M12,'BDT''s'!$F:$F,VMI!$B12,'BDT''s'!$E:$E,VMI!$A12)*T12,"-") -> - | V12: =IFERROR(U12*T12,"-") -> - | W12: TRAÇAMENTO | X12: =IFERROR(AVERAGEIFS('BDT''s'!W:W,'BDT''s'!L:L,VMI!W12,'BDT''s'!F:F,VMI!B12,'BDT''s'!E:E,VMI!A12),"-") -> - | Y12: {=IFERROR(_xlfn.PERCENTILE.INC(_xlfn._xlws.FILTER('BDT''s'!W:W,('BDT''s'!L:L=VMI!W12)*('BDT''s'!F:F=VMI!B12)*('BDT''s'!E:E=VMI!A12)),0.5),"-")} -> - | Z12: {=IFERROR(_xlfn.PERCENTILE.INC(_xlfn._xlws.FILTER('BDT''s'!W:W,('BDT''s'!L:L=VMI!W12)*('BDT''s'!F:F=VMI!B12)*('BDT''s'!E:E=VMI!A12)),0.75),"-")} -> - | AA12: =IFERROR(_xlfn.MAXIFS('BDT''s'!W:W,'BDT''s'!L:L,VMI!W12,'BDT''s'!F:F,VMI!B12,'BDT''s'!E:E,VMI!A12),"-") -> 0 | AB12: =IFERROR(COUNTIFS('BDT''s'!L:L,VMI!W12,'BDT''s'!F:F,VMI!B12,'BDT''s'!E:E,VMI!A12),"-") -> 0 | AC12: =IFERROR(IF(X12="-","-",IF(X12<Y12,"BAIXO",IF(AND(X12>=Y12,X12<Z12),"MEDIO",IF(AND(X12>=Z12,X12<=AA12),"ALTO","-")))),"-") -> - | AD12: =IFERROR(AVERAGE((Y12/X12),(Z12/X12)),"-") -> - | AE12: =IFERROR(AVERAGEIFS('BDT''s'!$W:$W,'BDT''s'!$L:$L,VMI!W12,'BDT''s'!$F:$F,VMI!$B12,'BDT''s'!$E:$E,VMI!$A12)*AD12,"-") -> - | AF12: =IFERROR(AE12*AD12,"-") -> -
A13: 0.12 | B13: 0,11 a 0,15 | C13: CORTE | D13: =IFERROR(AVERAGEIFS('BDT''s'!W:W,'BDT''s'!L:L,VMI!C13,'BDT''s'!F:F,VMI!B13,'BDT''s'!E:E,VMI!A13),"-") -> - | E13: {=IFERROR(_xlfn.PERCENTILE.INC(_xlfn._xlws.FILTER('BDT''s'!W:W,('BDT''s'!L:L=VMI!C13)*('BDT''s'!F:F=VMI!B13)*('BDT''s'!E:E=VMI!A13)),0.5),"-")} -> - | F13: {=IFERROR(_xlfn.PERCENTILE.INC(_xlfn._xlws.FILTER('BDT''s'!W:W,('BDT''s'!L:L=VMI!C13)*('BDT''s'!F:F=VMI!B13)*('BDT''s'!E:E=VMI!A13)),0.75),"-")} -> - | G13: =IFERROR(_xlfn.MAXIFS('BDT''s'!W:W,'BDT''s'!L:L,VMI!C13,'BDT''s'!F:F,VMI!B13,'BDT''s'!E:E,VMI!A13),"-") -> 0 | H13: =IFERROR(COUNTIFS('BDT''s'!L:L,VMI!C13,'BDT''s'!F:F,VMI!B13,'BDT''s'!E:E,VMI!A13),"-") -> 0 | I13: =IFERROR(IF(D13="-","-",IF(D13<E13,"BAIXO",IF(AND(D13>=E13,D13<F13),"MEDIO",IF(AND(D13>=F13,D13<=G13),"ALTO","-")))),"-") -> - | J13: =IFERROR(AVERAGE((E13/D13),(F13/D13)),"-") -> - | K13: =IFERROR(AVERAGEIFS('BDT''s'!$W:$W,'BDT''s'!$L:$L,VMI!C13,'BDT''s'!$F:$F,VMI!$B13,'BDT''s'!$E:$E,VMI!$A13)*J13,"-") -> - | L13: =IFERROR(K13*J13,"-") -> - | M13: ARRASTE | N13: =IFERROR(AVERAGEIFS('BDT''s'!W:W,'BDT''s'!L:L,VMI!M13,'BDT''s'!F:F,VMI!B13,'BDT''s'!E:E,VMI!A13),"-") -> - | O13: {=IFERROR(_xlfn.PERCENTILE.INC(_xlfn._xlws.FILTER('BDT''s'!W:W,('BDT''s'!L:L=VMI!M13)*('BDT''s'!F:F=VMI!B13)*('BDT''s'!E:E=VMI!A13)),0.5),"-")} -> - | P13: {=IFERROR(_xlfn.PERCENTILE.INC(_xlfn._xlws.FILTER('BDT''s'!W:W,('BDT''s'!L:L=VMI!M13)*('BDT''s'!F:F=VMI!B13)*('BDT''s'!E:E=VMI!A13)),0.75),"-")} -> - | Q13: =IFERROR(_xlfn.MAXIFS('BDT''s'!W:W,'BDT''s'!L:L,VMI!M13,'BDT''s'!F:F,VMI!B13,'BDT''s'!E:E,VMI!A13),"-") -> 0 | R13: =IFERROR(COUNTIFS('BDT''s'!L:L,VMI!M13,'BDT''s'!F:F,VMI!B13,'BDT''s'!E:E,VMI!A13),"-") -> 0 | S13: =IFERROR(IF(N13="-","-",IF(N13<O13,"BAIXO",IF(AND(N13>=O13,N13<P13),"MEDIO",IF(AND(N13>=P13,N13<=Q13),"ALTO","-")))),"-") -> - | T13: =IFERROR(AVERAGE((O13/N13),(P13/N13)),"-") -> - | U13: =IFERROR(AVERAGEIFS('BDT''s'!$W:$W,'BDT''s'!$L:$L,VMI!M13,'BDT''s'!$F:$F,VMI!$B13,'BDT''s'!$E:$E,VMI!$A13)*T13,"-") -> - | V13: =IFERROR(U13*T13,"-") -> - | W13: TRAÇAMENTO | X13: =IFERROR(AVERAGEIFS('BDT''s'!W:W,'BDT''s'!L:L,VMI!W13,'BDT''s'!F:F,VMI!B13,'BDT''s'!E:E,VMI!A13),"-") -> - | Y13: {=IFERROR(_xlfn.PERCENTILE.INC(_xlfn._xlws.FILTER('BDT''s'!W:W,('BDT''s'!L:L=VMI!W13)*('BDT''s'!F:F=VMI!B13)*('BDT''s'!E:E=VMI!A13)),0.5),"-")} -> - | Z13: {=IFERROR(_xlfn.PERCENTILE.INC(_xlfn._xlws.FILTER('BDT''s'!W:W,('BDT''s'!L:L=VMI!W13)*('BDT''s'!F:F=VMI!B13)*('BDT''s'!E:E=VMI!A13)),0.75),"-")} -> - | AA13: =IFERROR(_xlfn.MAXIFS('BDT''s'!W:W,'BDT''s'!L:L,VMI!W13,'BDT''s'!F:F,VMI!B13,'BDT''s'!E:E,VMI!A13),"-") -> 0 | AB13: =IFERROR(COUNTIFS('BDT''s'!L:L,VMI!W13,'BDT''s'!F:F,VMI!B13,'BDT''s'!E:E,VMI!A13),"-") -> 0 | AC13: =IFERROR(IF(X13="-","-",IF(X13<Y13,"BAIXO",IF(AND(X13>=Y13,X13<Z13),"MEDIO",IF(AND(X13>=Z13,X13<=AA13),"ALTO","-")))),"-") -> - | AD13: =IFERROR(AVERAGE((Y13/X13),(Z13/X13)),"-") -> - | AE13: =IFERROR(AVERAGEIFS('BDT''s'!$W:$W,'BDT''s'!$L:$L,VMI!W13,'BDT''s'!$F:$F,VMI!$B13,'BDT''s'!$E:$E,VMI!$A13)*AD13,"-") -> - | AF13: =IFERROR(AE13*AD13,"-") -> -
... A100: 0.99 | B100: 0,51 a 0,99 | C100: CORTE | D100: =IFERROR(AVERAGEIFS('BDT''s'!W:W,'BDT''s'!L:L,VMI!C100,'BDT''s'!F:F,VMI!B100,'BDT''s'!E:E,VMI!A100),"-") -> - | E100: {=IFERROR(_xlfn.PERCENTILE.INC(_xlfn._xlws.FILTER('BDT''s'!W:W,('BDT''s'!L:L=VMI!C100)*('BDT''s'!F:F=VMI!B100)*('BDT''s'!E:E=VMI!A100)),0.5),"-")} -> - | F100: {=IFERROR(_xlfn.PERCENTILE.INC(_xlfn._xlws.FILTER('BDT''s'!W:W,('BDT''s'!L:L=VMI!C100)*('BDT''s'!F:F=VMI!B100)*('BDT''s'!E:E=VMI!A100)),0.75),"-")} -> - | G100: =IFERROR(_xlfn.MAXIFS('BDT''s'!W:W,'BDT''s'!L:L,VMI!C100,'BDT''s'!F:F,VMI!B100,'BDT''s'!E:E,VMI!A100),"-") -> 0 | H100: =IFERROR(COUNTIFS('BDT''s'!L:L,VMI!C100,'BDT''s'!F:F,VMI!B100,'BDT''s'!E:E,VMI!A100),"-") -> 0 | I100: =IFERROR(IF(D100="-","-",IF(D100<E100,"BAIXO",IF(AND(D100>=E100,D100<F100),"MEDIO",IF(AND(D100>=F100,D100<=G100),"ALTO","-")))),"-") -> - | J100: =IFERROR(AVERAGE((E100/D100),(F100/D100)),"-") -> - | K100: =IFERROR(AVERAGEIFS('BDT''s'!$W:$W,'BDT''s'!$L:$L,VMI!C100,'BDT''s'!$F:$F,VMI!$B100,'BDT''s'!$E:$E,VMI!$A100)*J100,"-") -> - | L100: =IFERROR(K100*J100,"-") -> - | M100: ARRASTE | N100: =IFERROR(AVERAGEIFS('BDT''s'!W:W,'BDT''s'!L:L,VMI!M100,'BDT''s'!F:F,VMI!B100,'BDT''s'!E:E,VMI!A100),"-") -> - | O100: {=IFERROR(_xlfn.PERCENTILE.INC(_xlfn._xlws.FILTER('BDT''s'!W:W,('BDT''s'!L:L=VMI!M100)*('BDT''s'!F:F=VMI!B100)*('BDT''s'!E:E=VMI!A100)),0.5),"-")} -> - | P100: {=IFERROR(_xlfn.PERCENTILE.INC(_xlfn._xlws.FILTER('BDT''s'!W:W,('BDT''s'!L:L=VMI!M100)*('BDT''s'!F:F=VMI!B100)*('BDT''s'!E:E=VMI!A100)),0.75),"-")} -> - | Q100: =IFERROR(_xlfn.MAXIFS('BDT''s'!W:W,'BDT''s'!L:L,VMI!M100,'BDT''s'!F:F,VMI!B100,'BDT''s'!E:E,VMI!A100),"-") -> 0 | R100: =IFERROR(COUNTIFS('BDT''s'!L:L,VMI!M100,'BDT''s'!F:F,VMI!B100,'BDT''s'!E:E,VMI!A100),"-") -> 0 | S100: =IFERROR(IF(N100="-","-",IF(N100<O100,"BAIXO",IF(AND(N100>=O100,N100<P100),"MEDIO",IF(AND(N100>=P100,N100<=Q100),"ALTO","-")))),"-") -> - | T100: =IFERROR(AVERAGE((O100/N100),(P100/N100)),"-") -> - | U100: =IFERROR(AVERAGEIFS('BDT''s'!$W:$W,'BDT''s'!$L:$L,VMI!M100,'BDT''s'!$F:$F,VMI!$B100,'BDT''s'!$E:$E,VMI!$A100)*T100,"-") -> - | V100: =IFERROR(U100*T100,"-") -> - | W100: TRAÇAMENTO | X100: =IFERROR(AVERAGEIFS('BDT''s'!W:W,'BDT''s'!L:L,VMI!W100,'BDT''s'!F:F,VMI!B100,'BDT''s'!E:E,VMI!A100),"-") -> - | Y100: {=IFERROR(_xlfn.PERCENTILE.INC(_xlfn._xlws.FILTER('BDT''s'!W:W,('BDT''s'!L:L=VMI!W100)*('BDT''s'!F:F=VMI!B100)*('BDT''s'!E:E=VMI!A100)),0.5),"-")} -> - | Z100: {=IFERROR(_xlfn.PERCENTILE.INC(_xlfn._xlws.FILTER('BDT''s'!W:W,('BDT''s'!L:L=VMI!W100)*('BDT''s'!F:F=VMI!B100)*('BDT''s'!E:E=VMI!A100)),0.75),"-")} -> - | AA100: =IFERROR(_xlfn.MAXIFS('BDT''s'!W:W,'BDT''s'!L:L,VMI!W100,'BDT''s'!F:F,VMI!B100,'BDT''s'!E:E,VMI!A100),"-") -> 0 | AB100: =IFERROR(COUNTIFS('BDT''s'!L:L,VMI!W100,'BDT''s'!F:F,VMI!B100,'BDT''s'!E:E,VMI!A100),"-") -> 0 | AC100: =IFERROR(IF(X100="-","-",IF(X100<Y100,"BAIXO",IF(AND(X100>=Y100,X100<Z100),"MEDIO",IF(AND(X100>=Z100,X100<=AA100),"ALTO","-")))),"-") -> - | AD100: =IFERROR(AVERAGE((Y100/X100),(Z100/X100)),"-") -> - | AE100: =IFERROR(AVERAGEIFS('BDT''s'!$W:$W,'BDT''s'!$L:$L,VMI!W100,'BDT''s'!$F:$F,VMI!$B100,'BDT''s'!$E:$E,VMI!$A100)*AD100,"-") -> - | AF100: =IFERROR(AE100*AD100,"-") -> -

Sheet Metas Produção
A1: MÁQUINAS | B1: TIPO DE EQUIPAMENTO | C1: MÉDIA REAL | D1: PERCENTIL 50 | E1: PERCENTIL 75 | F1: TETO OPERACIONAL | G1: QUANTIDADE DE REGISTROS | H1: STATUS | I1: FATOR | J1: 0,01 A 0,05 | K1: META BASE | L1: META DESAFIO | M1: TETO META | N1: 0,06 A 0,10 | O1: META BASE | P1: META DESAFIO | Q1: TETO META | R1: 0,11 A 0,15 | S1: META BASE | T1: META DESAFIO | U1: TETO META | V1: 0,16 A 0,20 | W1: META BASE | X1: META DESAFIO | Y1: TETO META | Z1: 0,21 A 0,25 | AA1: META BASE | AB1: META DESAFIO | AC1: TETO META | AD1: 0,26 A 0,30 | AE1: META BASE | AF1: META DESAFIO | AG1: TETO META | AH1: 0,31 A 0,35 | AI1: META BASE | AJ1: META DESAFIO | AK1: TETO META | AL1: 0,36 A 0,40 | AM1: META BASE | AN1: META DESAFIO | AO1: TETO META | AP1: 0,41 A 0,45 | AQ1: META BASE | AR1: META DESAFIO | AS1: TETO META | AT1: 0,46 A 0,50 | AU1: META BASE | AV1: META DESAFIO | AW1: TETO META | AX1: 0,51 A 0,99 | AY1: META BASE | AZ1: META DESAFIO | BA1: TETO META
A2: FELLER BUNCHER 1 | B2: =IFERROR(VLOOKUP(A2,Cadastros!B:D,3,FALSE),"-") -> CORTE | C2: =IFERROR(AVERAGEIFS('BDT''s'!W:W,'BDT''s'!K:K,'Metas Produção'!A2,'BDT''s'!L:L,'Metas Produção'!B2),"-") -> 85.817728 | D2: {=IFERROR(_xlfn.PERCENTILE.INC(_xlfn._xlws.FILTER('BDT''s'!W:W,('BDT''s'!K:K='Metas Produção'!A2)*('BDT''s'!L:L='Metas Produção'!B2)),0.5),"-")} -> 85.851142 | E2: {=IFERROR(_xlfn.PERCENTILE.INC(_xlfn._xlws.FILTER('BDT''s'!W:W,('BDT''s'!K:K='Metas Produção'!A2)*('BDT''s'!L:L='Metas Produção'!B2)),0.75),"-")} -> 90.217391 | F2: =IFERROR(_xlfn.MAXIFS('BDT''s'!W:W,'BDT''s'!K:K,'Metas Produção'!A2,'BDT''s'!L:L,'Metas Produção'!B2),"-") -> 100 | G2: =IFERROR(COUNTIFS('BDT''s'!K:K,'Metas Produção'!A2,'BDT''s'!L:L,'Metas Produção'!B2),"-") -> 4 | H2: =IFERROR(IF(C2<D2,"BAIXO",IF(AND(C2>=D2,C2<E2),"MEDIO",IF(AND(C2>=E2,C2<F2),"ALTO","-"))),"-") -> BAIXO | I2: =IFERROR(AVERAGE((D2/C2),(E2/C2)),"-") -> 1.0258284 | J2: 0,01 a 0,05 | K2: =IFERROR(AVERAGEIFS('BDT''s'!$W:$W,'BDT''s'!$K:$K,'Metas Produção'!$A2,'BDT''s'!$L:$L,'Metas Produção'!$B2,'BDT''s'!$F:$F,'Metas Produção'!J2)*'Metas Produção'!$I2,"-") -> - | L2: =IFERROR(K2*$I2,"-") -> - | M2: =IFERROR(_xlfn.MAXIFS('BDT''s'!$W:$W,'BDT''s'!$K:$K,'Metas Produção'!$A2,'BDT''s'!$L:$L,'Metas Produção'!$B2,'BDT''s'!$F:$F,'Metas Produção'!J2),"-") -> 0 | N2: 0,06 a 0,10 | O2: =IFERROR(AVERAGEIFS('BDT''s'!$W:$W,'BDT''s'!$K:$K,'Metas Produção'!$A2,'BDT''s'!$L:$L,'Metas Produção'!$B2,'BDT''s'!$F:$F,'Metas Produção'!N2)*'Metas Produção'!$I2,"-") -> - | P2: =IFERROR(O2*$I2,"-") -> - | Q2: =IFERROR(_xlfn.MAXIFS('BDT''s'!$W:$W,'BDT''s'!$K:$K,'Metas Produção'!$A2,'BDT''s'!$L:$L,'Metas Produção'!$B2,'BDT''s'!$F:$F,'Metas Produção'!N2),"-") -> 0 | R2: 0,11 a 0,15 | S2: =IFERROR(AVERAGEIFS('BDT''s'!$W:$W,'BDT''s'!$K:$K,'Metas Produção'!$A2,'BDT''s'!$L:$L,'Metas Produção'!$B2,'BDT''s'!$F:$F,'Metas Produção'!R2)*'Metas Produção'!$I2,"-") -> 88.034267 | T2: =IFERROR(S2*$I2,"-") -> 90.308055 | U2: =IFERROR(_xlfn.MAXIFS('BDT''s'!$W:$W,'BDT''s'!$K:$K,'Metas Produção'!$A2,'BDT''s'!$L:$L,'Metas Produção'!$B2,'BDT''s'!$F:$F,'Metas Produção'!R2),"-") -> 100 | V2: 0,16 a 0,20 | W2: =IFERROR(AVERAGEIFS('BDT''s'!$W:$W,'BDT''s'!$K:$K,'Metas Produção'!$A2,'BDT''s'!$L:$L,'Metas Produção'!$B2,'BDT''s'!$F:$F,'Metas Produção'!V2)*'Metas Produção'!$I2,"-") -> - | X2: =IFERROR(W2*$I2,"-") -> - | Y2: =IFERROR(_xlfn.MAXIFS('BDT''s'!$W:$W,'BDT''s'!$K:$K,'Metas Produção'!$A2,'BDT''s'!$L:$L,'Metas Produção'!$B2,'BDT''s'!$F:$F,'Metas Produção'!V2),"-") -> 0 | Z2: 0,21 a 0,25 | AA2: =IFERROR(AVERAGEIFS('BDT''s'!$W:$W,'BDT''s'!$K:$K,'Metas Produção'!$A2,'BDT''s'!$L:$L,'Metas Produção'!$B2,'BDT''s'!$F:$F,'Metas Produção'!Z2)*'Metas Produção'!$I2,"-") -> - | AB2: =IFERROR(AA2*$I2,"-") -> - | AC2: =IFERROR(_xlfn.MAXIFS('BDT''s'!$W:$W,'BDT''s'!$K:$K,'Metas Produção'!$A2,'BDT''s'!$L:$L,'Metas Produção'!$B2,'BDT''s'!$F:$F,'Metas Produção'!Z2),"-") -> 0 | AD2: 0,26 a 0,30 | AE2: =IFERROR(AVERAGEIFS('BDT''s'!$W:$W,'BDT''s'!$K:$K,'Metas Produção'!$A2,'BDT''s'!$L:$L,'Metas Produção'!$B2,'BDT''s'!$F:$F,'Metas Produção'!AD2)*'Metas Produção'!$I2,"-") -> - | AF2: =IFERROR(AE2*$I2,"-") -> - | AG2: =IFERROR(_xlfn.MAXIFS('BDT''s'!$W:$W,'BDT''s'!$K:$K,'Metas Produção'!$A2,'BDT''s'!$L:$L,'Metas Produção'!$B2,'BDT''s'!$F:$F,'Metas Produção'!AD2),"-") -> 0 | AH2: 0,31 a 0,35 | AI2: =IFERROR(AVERAGEIFS('BDT''s'!$W:$W,'BDT''s'!$K:$K,'Metas Produção'!$A2,'BDT''s'!$L:$L,'Metas Produção'!$B2,'BDT''s'!$F:$F,'Metas Produção'!AH2)*'Metas Produção'!$I2,"-") -> - | AJ2: =IFERROR(AI2*$I2,"-") -> - | AK2: =IFERROR(_xlfn.MAXIFS('BDT''s'!$W:$W,'BDT''s'!$K:$K,'Metas Produção'!$A2,'BDT''s'!$L:$L,'Metas Produção'!$B2,'BDT''s'!$F:$F,'Metas Produção'!AH2),"-") -> 0 | AL2: 0,36 a 0,40 | AM2: =IFERROR(AVERAGEIFS('BDT''s'!$W:$W,'BDT''s'!$K:$K,'Metas Produção'!$A2,'BDT''s'!$L:$L,'Metas Produção'!$B2,'BDT''s'!$F:$F,'Metas Produção'!AL2)*'Metas Produção'!$I2,"-") -> - | AN2: =IFERROR(AM2*$I2,"-") -> - | AO2: =IFERROR(_xlfn.MAXIFS('BDT''s'!$W:$W,'BDT''s'!$K:$K,'Metas Produção'!$A2,'BDT''s'!$L:$L,'Metas Produção'!$B2,'BDT''s'!$F:$F,'Metas Produção'!AL2),"-") -> 0 | AP2: 0,41 a 0,45 | AQ2: =IFERROR(AVERAGEIFS('BDT''s'!$W:$W,'BDT''s'!$K:$K,'Metas Produção'!$A2,'BDT''s'!$L:$L,'Metas Produção'!$B2,'BDT''s'!$F:$F,'Metas Produção'!AP2)*'Metas Produção'!$I2,"-") -> - | AR2: =IFERROR(AQ2*$I2,"-") -> - | AS2: =IFERROR(_xlfn.MAXIFS('BDT''s'!$W:$W,'BDT''s'!$K:$K,'Metas Produção'!$A2,'BDT''s'!$L:$L,'Metas Produção'!$B2,'BDT''s'!$F:$F,'Metas Produção'!AP2),"-") -> 0 | AT2: 0,46 a 0,50 | AU2: =IFERROR(AVERAGEIFS('BDT''s'!$W:$W,'BDT''s'!$K:$K,'Metas Produção'!$A2,'BDT''s'!$L:$L,'Metas Produção'!$B2,'BDT''s'!$F:$F,'Metas Produção'!AT2)*'Metas Produção'!$I2,"-") -> - | AV2: =IFERROR(AU2*$I2,"-") -> - | AW2: =IFERROR(_xlfn.MAXIFS('BDT''s'!$W:$W,'BDT''s'!$K:$K,'Metas Produção'!$A2,'BDT''s'!$L:$L,'Metas Produção'!$B2,'BDT''s'!$F:$F,'Metas Produção'!AT2),"-") -> 0 | AX2: 0,51 a 0,99 | AY2: =IFERROR(AVERAGEIFS('BDT''s'!$W:$W,'BDT''s'!$K:$K,'Metas Produção'!$A2,'BDT''s'!$L:$L,'Metas Produção'!$B2,'BDT''s'!$F:$F,'Metas Produção'!AX2)*'Metas Produção'!$I2,"-") -> - | AZ2: =IFERROR(AY2*$I2,"-") -> - | BA2: =IFERROR(_xlfn.MAXIFS('BDT''s'!$W:$W,'BDT''s'!$K:$K,'Metas Produção'!$A2,'BDT''s'!$L:$L,'Metas Produção'!$B2,'BDT''s'!$F:$F,'Metas Produção'!AX2),"-") -> 0
A3: FELLER BUNCHER 2 | B3: =IFERROR(VLOOKUP(A3,Cadastros!B:D,3,FALSE),"-") -> CORTE | C3: =IFERROR(AVERAGEIFS('BDT''s'!W:W,'BDT''s'!K:K,'Metas Produção'!A3,'BDT''s'!L:L,'Metas Produção'!B3),"-") -> 124.16186 | D3: {=IFERROR(_xlfn.PERCENTILE.INC(_xlfn._xlws.FILTER('BDT''s'!W:W,('BDT''s'!K:K='Metas Produção'!A3)*('BDT''s'!L:L='Metas Produção'!B3)),0.5),"-")} -> 114.05405 | E3: {=IFERROR(_xlfn.PERCENTILE.INC(_xlfn._xlws.FILTER('BDT''s'!W:W,('BDT''s'!K:K='Metas Produção'!A3)*('BDT''s'!L:L='Metas Produção'!B3)),0.75),"-")} -> 132.13483 | F3: =IFERROR(_xlfn.MAXIFS('BDT''s'!W:W,'BDT''s'!K:K,'Metas Produção'!A3,'BDT''s'!L:L,'Metas Produção'!B3),"-") -> 168.53933 | G3: =IFERROR(COUNTIFS('BDT''s'!K:K,'Metas Produção'!A3,'BDT''s'!L:L,'Metas Produção'!B3),"-") -> 4 | H3: =IFERROR(IF(C3<D3,"BAIXO",IF(AND(C3>=D3,C3<E3),"MEDIO",IF(AND(C3>=E3,C3<F3),"ALTO","-"))),"-") -> MEDIO | I3: =IFERROR(AVERAGE((D3/C3),(E3/C3)),"-") -> 0.99140303 | J3: 0,01 a 0,05 | K3: =IFERROR(AVERAGEIFS('BDT''s'!$W:$W,'BDT''s'!$K:$K,'Metas Produção'!$A3,'BDT''s'!$L:$L,'Metas Produção'!$B3,'BDT''s'!$F:$F,'Metas Produção'!J3)*'Metas Produção'!$I3,"-") -> - | L3: =IFERROR(K3*$I3,"-") -> - | M3: =IFERROR(_xlfn.MAXIFS('BDT''s'!$W:$W,'BDT''s'!$K:$K,'Metas Produção'!$A3,'BDT''s'!$L:$L,'Metas Produção'!$B3,'BDT''s'!$F:$F,'Metas Produção'!J3),"-") -> 0 | N3: 0,06 a 0,10 | O3: =IFERROR(AVERAGEIFS('BDT''s'!$W:$W,'BDT''s'!$K:$K,'Metas Produção'!$A3,'BDT''s'!$L:$L,'Metas Produção'!$B3,'BDT''s'!$F:$F,'Metas Produção'!N3)*'Metas Produção'!$I3,"-") -> - | P3: =IFERROR(O3*$I3,"-") -> - | Q3: =IFERROR(_xlfn.MAXIFS('BDT''s'!$W:$W,'BDT''s'!$K:$K,'Metas Produção'!$A3,'BDT''s'!$L:$L,'Metas Produção'!$B3,'BDT''s'!$F:$F,'Metas Produção'!N3),"-") -> 0 | R3: 0,11 a 0,15 | S3: =IFERROR(AVERAGEIFS('BDT''s'!$W:$W,'BDT''s'!$K:$K,'Metas Produção'!$A3,'BDT''s'!$L:$L,'Metas Produção'!$B3,'BDT''s'!$F:$F,'Metas Produção'!R3)*'Metas Produção'!$I3,"-") -> - | T3: =IFERROR(S3*$I3,"-") -> - | U3: =IFERROR(_xlfn.MAXIFS('BDT''s'!$W:$W,'BDT''s'!$K:$K,'Metas Produção'!$A3,'BDT''s'!$L:$L,'Metas Produção'!$B3,'BDT''s'!$F:$F,'Metas Produção'!R3),"-") -> 0 | V3: 0,16 a 0,20 | W3: =IFERROR(AVERAGEIFS('BDT''s'!$W:$W,'BDT''s'!$K:$K,'Metas Produção'!$A3,'BDT''s'!$L:$L,'Metas Produção'!$B3,'BDT''s'!$F:$F,'Metas Produção'!V3)*'Metas Produção'!$I3,"-") -> 123.09444 | X3: =IFERROR(W3*$I3,"-") -> 122.0362 | Y3: =IFERROR(_xlfn.MAXIFS('BDT''s'!$W:$W,'BDT''s'!$K:$K,'Metas Produção'!$A3,'BDT''s'!$L:$L,'Metas Produção'!$B3,'BDT''s'!$F:$F,'Metas Produção'!V3),"-") -> 168.53933 | Z3: 0,21 a 0,25 | AA3: =IFERROR(AVERAGEIFS('BDT''s'!$W:$W,'BDT''s'!$K:$K,'Metas Produção'!$A3,'BDT''s'!$L:$L,'Metas Produção'!$B3,'BDT''s'!$F:$F,'Metas Produção'!Z3)*'Metas Produção'!$I3,"-") -> - | AB3: =IFERROR(AA3*$I3,"-") -> - | AC3: =IFERROR(_xlfn.MAXIFS('BDT''s'!$W:$W,'BDT''s'!$K:$K,'Metas Produção'!$A3,'BDT''s'!$L:$L,'Metas Produção'!$B3,'BDT''s'!$F:$F,'Metas Produção'!Z3),"-") -> 0 | AD3: 0,26 a 0,30 | AE3: =IFERROR(AVERAGEIFS('BDT''s'!$W:$W,'BDT''s'!$K:$K,'Metas Produção'!$A3,'BDT''s'!$L:$L,'Metas Produção'!$B3,'BDT''s'!$F:$F,'Metas Produção'!AD3)*'Metas Produção'!$I3,"-") -> - | AF3: =IFERROR(AE3*$I3,"-") -> - | AG3: =IFERROR(_xlfn.MAXIFS('BDT''s'!$W:$W,'BDT''s'!$K:$K,'Metas Produção'!$A3,'BDT''s'!$L:$L,'Metas Produção'!$B3,'BDT''s'!$F:$F,'Metas Produção'!AD3),"-") -> 0 | AH3: 0,31 a 0,35 | AI3: =IFERROR(AVERAGEIFS('BDT''s'!$W:$W,'BDT''s'!$K:$K,'Metas Produção'!$A3,'BDT''s'!$L:$L,'Metas Produção'!$B3,'BDT''s'!$F:$F,'Metas Produção'!AH3)*'Metas Produção'!$I3,"-") -> - | AJ3: =IFERROR(AI3*$I3,"-") -> - | AK3: =IFERROR(_xlfn.MAXIFS('BDT''s'!$W:$W,'BDT''s'!$K:$K,'Metas Produção'!$A3,'BDT''s'!$L:$L,'Metas Produção'!$B3,'BDT''s'!$F:$F,'Metas Produção'!AH3),"-") -> 0 | AL3: 0,36 a 0,40 | AM3: =IFERROR(AVERAGEIFS('BDT''s'!$W:$W,'BDT''s'!$K:$K,'Metas Produção'!$A3,'BDT''s'!$L:$L,'Metas Produção'!$B3,'BDT''s'!$F:$F,'Metas Produção'!AL3)*'Metas Produção'!$I3,"-") -> - | AN3: =IFERROR(AM3*$I3,"-") -> - | AO3: =IFERROR(_xlfn.MAXIFS('BDT''s'!$W:$W,'BDT''s'!$K:$K,'Metas Produção'!$A3,'BDT''s'!$L:$L,'Metas Produção'!$B3,'BDT''s'!$F:$F,'Metas Produção'!AL3),"-") -> 0 | AP3: 0,41 a 0,45 | AQ3: =IFERROR(AVERAGEIFS('BDT''s'!$W:$W,'BDT''s'!$K:$K,'Metas Produção'!$A3,'BDT''s'!$L:$L,'Metas Produção'!$B3,'BDT''s'!$F:$F,'Metas Produção'!AP3)*'Metas Produção'!$I3,"-") -> - | AR3: =IFERROR(AQ3*$I3,"-") -> - | AS3: =IFERROR(_xlfn.MAXIFS('BDT''s'!$W:$W,'BDT''s'!$K:$K,'Metas Produção'!$A3,'BDT''s'!$L:$L,'Metas Produção'!$B3,'BDT''s'!$F:$F,'Metas Produção'!AP3),"-") -> 0 | AT3: 0,46 a 0,50 | AU3: =IFERROR(AVERAGEIFS('BDT''s'!$W:$W,'BDT''s'!$K:$K,'Metas Produção'!$A3,'BDT''s'!$L:$L,'Metas Produção'!$B3,'BDT''s'!$F:$F,'Metas Produção'!AT3)*'Metas Produção'!$I3,"-") -> - | AV3: =IFERROR(AU3*$I3,"-") -> - | AW3: =IFERROR(_xlfn.MAXIFS('BDT''s'!$W:$W,'BDT''s'!$K:$K,'Metas Produção'!$A3,'BDT''s'!$L:$L,'Metas Produção'!$B3,'BDT''s'!$F:$F,'Metas Produção'!AT3),"-") -> 0 | AX3: 0,51 a 0,99 | AY3: =IFERROR(AVERAGEIFS('BDT''s'!$W:$W,'BDT''s'!$K:$K,'Metas Produção'!$A3,'BDT''s'!$L:$L,'Metas Produção'!$B3,'BDT''s'!$F:$F,'Metas Produção'!AX3)*'Metas Produção'!$I3,"-") -> - | AZ3: =IFERROR(AY3*$I3,"-") -> - | BA3: =IFERROR(_xlfn.MAXIFS('BDT''s'!$W:$W,'BDT''s'!$K:$K,'Metas Produção'!$A3,'BDT''s'!$L:$L,'Metas Produção'!$B3,'BDT''s'!$F:$F,'Metas Produção'!AX3),"-") -> 0
A4: SKIDDER 1 | B4: =IFERROR(VLOOKUP(A4,Cadastros!B:D,3,FALSE),"-") -> ARRASTE | C4: =IFERROR(AVERAGEIFS('BDT''s'!W:W,'BDT''s'!K:K,'Metas Produção'!A4,'BDT''s'!L:L,'Metas Produção'!B4),"-") -> 123.83929 | D4: {=IFERROR(_xlfn.PERCENTILE.INC(_xlfn._xlws.FILTER('BDT''s'!W:W,('BDT''s'!K:K='Metas Produção'!A4)*('BDT''s'!L:L='Metas Produção'!B4)),0.5),"-")} -> 121.42857 | E4: {=IFERROR(_xlfn.PERCENTILE.INC(_xlfn._xlws.FILTER('BDT''s'!W:W,('BDT''s'!K:K='Metas Produção'!A4)*('BDT''s'!L:L='Metas Produção'!B4)),0.75),"-")} -> 160 | F4: =IFERROR(_xlfn.MAXIFS('BDT''s'!W:W,'BDT''s'!K:K,'Metas Produção'!A4,'BDT''s'!L:L,'Metas Produção'!B4),"-") -> 190 | G4: =IFERROR(COUNTIFS('BDT''s'!K:K,'Metas Produção'!A4,'BDT''s'!L:L,'Metas Produção'!B4),"-") -> 4 | H4: =IFERROR(IF(C4<D4,"BAIXO",IF(AND(C4>=D4,C4<E4),"MEDIO",IF(AND(C4>=E4,C4<F4),"ALTO","-"))),"-") -> MEDIO | I4: =IFERROR(AVERAGE((D4/C4),(E4/C4)),"-") -> 1.1362653 | J4: 0,01 a 0,05 | K4: =IFERROR(AVERAGEIFS('BDT''s'!$W:$W,'BDT''s'!$K:$K,'Metas Produção'!$A4,'BDT''s'!$L:$L,'Metas Produção'!$B4,'BDT''s'!$F:$F,'Metas Produção'!J4)*'Metas Produção'!$I4,"-") -> - | L4: =IFERROR(K4*$I4,"-") -> - | M4: =IFERROR(_xlfn.MAXIFS('BDT''s'!$W:$W,'BDT''s'!$K:$K,'Metas Produção'!$A4,'BDT''s'!$L:$L,'Metas Produção'!$B4,'BDT''s'!$F:$F,'Metas Produção'!J4),"-") -> 0 | N4: 0,06 a 0,10 | O4: =IFERROR(AVERAGEIFS('BDT''s'!$W:$W,'BDT''s'!$K:$K,'Metas Produção'!$A4,'BDT''s'!$L:$L,'Metas Produção'!$B4,'BDT''s'!$F:$F,'Metas Produção'!N4)*'Metas Produção'!$I4,"-") -> - | P4: =IFERROR(O4*$I4,"-") -> - | Q4: =IFERROR(_xlfn.MAXIFS('BDT''s'!$W:$W,'BDT''s'!$K:$K,'Metas Produção'!$A4,'BDT''s'!$L:$L,'Metas Produção'!$B4,'BDT''s'!$F:$F,'Metas Produção'!N4),"-") -> 0 | R4: 0,11 a 0,15 | S4: =IFERROR(AVERAGEIFS('BDT''s'!$W:$W,'BDT''s'!$K:$K,'Metas Produção'!$A4,'BDT''s'!$L:$L,'Metas Produção'!$B4,'BDT''s'!$F:$F,'Metas Produção'!R4)*'Metas Produção'!$I4,"-") -> 140.71429 | T4: =IFERROR(S4*$I4,"-") -> 159.88876 | U4: =IFERROR(_xlfn.MAXIFS('BDT''s'!$W:$W,'BDT''s'!$K:$K,'Metas Produção'!$A4,'BDT''s'!$L:$L,'Metas Produção'!$B4,'BDT''s'!$F:$F,'Metas Produção'!R4),"-") -> 190 | V4: 0,16 a 0,20 | W4: =IFERROR(AVERAGEIFS('BDT''s'!$W:$W,'BDT''s'!$K:$K,'Metas Produção'!$A4,'BDT''s'!$L:$L,'Metas Produção'!$B4,'BDT''s'!$F:$F,'Metas Produção'!V4)*'Metas Produção'!$I4,"-") -> - | X4: =IFERROR(W4*$I4,"-") -> - | Y4: =IFERROR(_xlfn.MAXIFS('BDT''s'!$W:$W,'BDT''s'!$K:$K,'Metas Produção'!$A4,'BDT''s'!$L:$L,'Metas Produção'!$B4,'BDT''s'!$F:$F,'Metas Produção'!V4),"-") -> 0 | Z4: 0,21 a 0,25 | AA4: =IFERROR(AVERAGEIFS('BDT''s'!$W:$W,'BDT''s'!$K:$K,'Metas Produção'!$A4,'BDT''s'!$L:$L,'Metas Produção'!$B4,'BDT''s'!$F:$F,'Metas Produção'!Z4)*'Metas Produção'!$I4,"-") -> - | AB4: =IFERROR(AA4*$I4,"-") -> - | AC4: =IFERROR(_xlfn.MAXIFS('BDT''s'!$W:$W,'BDT''s'!$K:$K,'Metas Produção'!$A4,'BDT''s'!$L:$L,'Metas Produção'!$B4,'BDT''s'!$F:$F,'Metas Produção'!Z4),"-") -> 0 | AD4: 0,26 a 0,30 | AE4: =IFERROR(AVERAGEIFS('BDT''s'!$W:$W,'BDT''s'!$K:$K,'Metas Produção'!$A4,'BDT''s'!$L:$L,'Metas Produção'!$B4,'BDT''s'!$F:$F,'Metas Produção'!AD4)*'Metas Produção'!$I4,"-") -> - | AF4: =IFERROR(AE4*$I4,"-") -> - | AG4: =IFERROR(_xlfn.MAXIFS('BDT''s'!$W:$W,'BDT''s'!$K:$K,'Metas Produção'!$A4,'BDT''s'!$L:$L,'Metas Produção'!$B4,'BDT''s'!$F:$F,'Metas Produção'!AD4),"-") -> 0 | AH4: 0,31 a 0,35 | AI4: =IFERROR(AVERAGEIFS('BDT''s'!$W:$W,'BDT''s'!$K:$K,'Metas Produção'!$A4,'BDT''s'!$L:$L,'Metas Produção'!$B4,'BDT''s'!$F:$F,'Metas Produção'!AH4)*'Metas Produção'!$I4,"-") -> - | AJ4: =IFERROR(AI4*$I4,"-") -> - | AK4: =IFERROR(_xlfn.MAXIFS('BDT''s'!$W:$W,'BDT''s'!$K:$K,'Metas Produção'!$A4,'BDT''s'!$L:$L,'Metas Produção'!$B4,'BDT''s'!$F:$F,'Metas Produção'!AH4),"-") -> 0 | AL4: 0,36 a 0,40 | AM4: =IFERROR(AVERAGEIFS('BDT''s'!$W:$W,'BDT''s'!$K:$K,'Metas Produção'!$A4,'BDT''s'!$L:$L,'Metas Produção'!$B4,'BDT''s'!$F:$F,'Metas Produção'!AL4)*'Metas Produção'!$I4,"-") -> - | AN4: =IFERROR(AM4*$I4,"-") -> - | AO4: =IFERROR(_xlfn.MAXIFS('BDT''s'!$W:$W,'BDT''s'!$K:$K,'Metas Produção'!$A4,'BDT''s'!$L:$L,'Metas Produção'!$B4,'BDT''s'!$F:$F,'Metas Produção'!AL4),"-") -> 0 | AP4: 0,41 a 0,45 | AQ4: =IFERROR(AVERAGEIFS('BDT''s'!$W:$W,'BDT''s'!$K:$K,'Metas Produção'!$A4,'BDT''s'!$L:$L,'Metas Produção'!$B4,'BDT''s'!$F:$F,'Metas Produção'!AP4)*'Metas Produção'!$I4,"-") -> - | AR4: =IFERROR(AQ4*$I4,"-") -> - | AS4: =IFERROR(_xlfn.MAXIFS('BDT''s'!$W:$W,'BDT''s'!$K:$K,'Metas Produção'!$A4,'BDT''s'!$L:$L,'Metas Produção'!$B4,'BDT''s'!$F:$F,'Metas Produção'!AP4),"-") -> 0 | AT4: 0,46 a 0,50 | AU4: =IFERROR(AVERAGEIFS('BDT''s'!$W:$W,'BDT''s'!$K:$K,'Metas Produção'!$A4,'BDT''s'!$L:$L,'Metas Produção'!$B4,'BDT''s'!$F:$F,'Metas Produção'!AT4)*'Metas Produção'!$I4,"-") -> - | AV4: =IFERROR(AU4*$I4,"-") -> - | AW4: =IFERROR(_xlfn.MAXIFS('BDT''s'!$W:$W,'BDT''s'!$K:$K,'Metas Produção'!$A4,'BDT''s'!$L:$L,'Metas Produção'!$B4,'BDT''s'!$F:$F,'Metas Produção'!AT4),"-") -> 0 | AX4: 0,51 a 0,99 | AY4: =IFERROR(AVERAGEIFS('BDT''s'!$W:$W,'BDT''s'!$K:$K,'Metas Produção'!$A4,'BDT''s'!$L:$L,'Metas Produção'!$B4,'BDT''s'!$F:$F,'Metas Produção'!AX4)*'Metas Produção'!$I4,"-") -> - | AZ4: =IFERROR(AY4*$I4,"-") -> - | BA4: =IFERROR(_xlfn.MAXIFS('BDT''s'!$W:$W,'BDT''s'!$K:$K,'Metas Produção'!$A4,'BDT''s'!$L:$L,'Metas Produção'!$B4,'BDT''s'!$F:$F,'Metas Produção'!AX4),"-") -> 0
A5: SKIDDER 2 | B5: =IFERROR(VLOOKUP(A5,Cadastros!B:D,3,FALSE),"-") -> ARRASTE | C5: =IFERROR(AVERAGEIFS('BDT''s'!W:W,'BDT''s'!K:K,'Metas Produção'!A5,'BDT''s'!L:L,'Metas Produção'!B5),"-") -> 90.580808 | D5: {=IFERROR(_xlfn.PERCENTILE.INC(_xlfn._xlws.FILTER('BDT''s'!W:W,('BDT''s'!K:K='Metas Produção'!A5)*('BDT''s'!L:L='Metas Produção'!B5)),0.5),"-")} -> 83.888889 | E5: {=IFERROR(_xlfn.PERCENTILE.INC(_xlfn._xlws.FILTER('BDT''s'!W:W,('BDT''s'!K:K='Metas Produção'!A5)*('BDT''s'!L:L='Metas Produção'!B5)),0.75),"-")} -> 97.5 | F5: =IFERROR(_xlfn.MAXIFS('BDT''s'!W:W,'BDT''s'!K:K,'Metas Produção'!A5,'BDT''s'!L:L,'Metas Produção'!B5),"-") -> 120 | G5: =IFERROR(COUNTIFS('BDT''s'!K:K,'Metas Produção'!A5,'BDT''s'!L:L,'Metas Produção'!B5),"-") -> 4 | H5: =IFERROR(IF(C5<D5,"BAIXO",IF(AND(C5>=D5,C5<E5),"MEDIO",IF(AND(C5>=E5,C5<F5),"ALTO","-"))),"-") -> MEDIO | I5: =IFERROR(AVERAGE((D5/C5),(E5/C5)),"-") -> 1.0012545 | J5: 0,01 a 0,05 | K5: =IFERROR(AVERAGEIFS('BDT''s'!$W:$W,'BDT''s'!$K:$K,'Metas Produção'!$A5,'BDT''s'!$L:$L,'Metas Produção'!$B5,'BDT''s'!$F:$F,'Metas Produção'!J5)*'Metas Produção'!$I5,"-") -> - | L5: =IFERROR(K5*$I5,"-") -> - | M5: =IFERROR(_xlfn.MAXIFS('BDT''s'!$W:$W,'BDT''s'!$K:$K,'Metas Produção'!$A5,'BDT''s'!$L:$L,'Metas Produção'!$B5,'BDT''s'!$F:$F,'Metas Produção'!J5),"-") -> 0 | N5: 0,06 a 0,10 | O5: =IFERROR(AVERAGEIFS('BDT''s'!$W:$W,'BDT''s'!$K:$K,'Metas Produção'!$A5,'BDT''s'!$L:$L,'Metas Produção'!$B5,'BDT''s'!$F:$F,'Metas Produção'!N5)*'Metas Produção'!$I5,"-") -> - | P5: =IFERROR(O5*$I5,"-") -> - | Q5: =IFERROR(_xlfn.MAXIFS('BDT''s'!$W:$W,'BDT''s'!$K:$K,'Metas Produção'!$A5,'BDT''s'!$L:$L,'Metas Produção'!$B5,'BDT''s'!$F:$F,'Metas Produção'!N5),"-") -> 0 | R5: 0,11 a 0,15 | S5: =IFERROR(AVERAGEIFS('BDT''s'!$W:$W,'BDT''s'!$K:$K,'Metas Produção'!$A5,'BDT''s'!$L:$L,'Metas Produção'!$B5,'BDT''s'!$F:$F,'Metas Produção'!R5)*'Metas Produção'!$I5,"-") -> - | T5: =IFERROR(S5*$I5,"-") -> - | U5: =IFERROR(_xlfn.MAXIFS('BDT''s'!$W:$W,'BDT''s'!$K:$K,'Metas Produção'!$A5,'BDT''s'!$L:$L,'Metas Produção'!$B5,'BDT''s'!$F:$F,'Metas Produção'!R5),"-") -> 0 | V5: 0,16 a 0,20 | W5: =IFERROR(AVERAGEIFS('BDT''s'!$W:$W,'BDT''s'!$K:$K,'Metas Produção'!$A5,'BDT''s'!$L:$L,'Metas Produção'!$B5,'BDT''s'!$F:$F,'Metas Produção'!V5)*'Metas Produção'!$I5,"-") -> 90.694444 | X5: =IFERROR(W5*$I5,"-") -> 90.808223 | Y5: =IFERROR(_xlfn.MAXIFS('BDT''s'!$W:$W,'BDT''s'!$K:$K,'Metas Produção'!$A5,'BDT''s'!$L:$L,'Metas Produção'!$B5,'BDT''s'!$F:$F,'Metas Produção'!V5),"-") -> 120 | Z5: 0,21 a 0,25 | AA5: =IFERROR(AVERAGEIFS('BDT''s'!$W:$W,'BDT''s'!$K:$K,'Metas Produção'!$A5,'BDT''s'!$L:$L,'Metas Produção'!$B5,'BDT''s'!$F:$F,'Metas Produção'!Z5)*'Metas Produção'!$I5,"-") -> - | AB5: =IFERROR(AA5*$I5,"-") -> - | AC5: =IFERROR(_xlfn.MAXIFS('BDT''s'!$W:$W,'BDT''s'!$K:$K,'Metas Produção'!$A5,'BDT''s'!$L:$L,'Metas Produção'!$B5,'BDT''s'!$F:$F,'Metas Produção'!Z5),"-") -> 0 | AD5: 0,26 a 0,30 | AE5: =IFERROR(AVERAGEIFS('BDT''s'!$W:$W,'BDT''s'!$K:$K,'Metas Produção'!$A5,'BDT''s'!$L:$L,'Metas Produção'!$B5,'BDT''s'!$F:$F,'Metas Produção'!AD5)*'Metas Produção'!$I5,"-") -> - | AF5: =IFERROR(AE5*$I5,"-") -> - | AG5: =IFERROR(_xlfn.MAXIFS('BDT''s'!$W:$W,'BDT''s'!$K:$K,'Metas Produção'!$A5,'BDT''s'!$L:$L,'Metas Produção'!$B5,'BDT''s'!$F:$F,'Metas Produção'!AD5),"-") -> 0 | AH5: 0,31 a 0,35 | AI5: =IFERROR(AVERAGEIFS('BDT''s'!$W:$W,'BDT''s'!$K:$K,'Metas Produção'!$A5,'BDT''s'!$L:$L,'Metas Produção'!$B5,'BDT''s'!$F:$F,'Metas Produção'!AH5)*'Metas Produção'!$I5,"-") -> - | AJ5: =IFERROR(AI5*$I5,"-") -> - | AK5: =IFERROR(_xlfn.MAXIFS('BDT''s'!$W:$W,'BDT''s'!$K:$K,'Metas Produção'!$A5,'BDT''s'!$L:$L,'Metas Produção'!$B5,'BDT''s'!$F:$F,'Metas Produção'!AH5),"-") -> 0 | AL5: 0,36 a 0,40 | AM5: =IFERROR(AVERAGEIFS('BDT''s'!$W:$W,'BDT''s'!$K:$K,'Metas Produção'!$A5,'BDT''s'!$L:$L,'Metas Produção'!$B5,'BDT''s'!$F:$F,'Metas Produção'!AL5)*'Metas Produção'!$I5,"-") -> - | AN5: =IFERROR(AM5*$I5,"-") -> - | AO5: =IFERROR(_xlfn.MAXIFS('BDT''s'!$W:$W,'BDT''s'!$K:$K,'Metas Produção'!$A5,'BDT''s'!$L:$L,'Metas Produção'!$B5,'BDT''s'!$F:$F,'Metas Produção'!AL5),"-") -> 0 | AP5: 0,41 a 0,45 | AQ5: =IFERROR(AVERAGEIFS('BDT''s'!$W:$W,'BDT''s'!$K:$K,'Metas Produção'!$A5,'BDT''s'!$L:$L,'Metas Produção'!$B5,'BDT''s'!$F:$F,'Metas Produção'!AP5)*'Metas Produção'!$I5,"-") -> - | AR5: =IFERROR(AQ5*$I5,"-") -> - | AS5: =IFERROR(_xlfn.MAXIFS('BDT''s'!$W:$W,'BDT''s'!$K:$K,'Metas Produção'!$A5,'BDT''s'!$L:$L,'Metas Produção'!$B5,'BDT''s'!$F:$F,'Metas Produção'!AP5),"-") -> 0 | AT5: 0,46 a 0,50 | AU5: =IFERROR(AVERAGEIFS('BDT''s'!$W:$W,'BDT''s'!$K:$K,'Metas Produção'!$A5,'BDT''s'!$L:$L,'Metas Produção'!$B5,'BDT''s'!$F:$F,'Metas Produção'!AT5)*'Metas Produção'!$I5,"-") -> - | AV5: =IFERROR(AU5*$I5,"-") -> - | AW5: =IFERROR(_xlfn.MAXIFS('BDT''s'!$W:$W,'BDT''s'!$K:$K,'Metas Produção'!$A5,'BDT''s'!$L:$L,'Metas Produção'!$B5,'BDT''s'!$F:$F,'Metas Produção'!AT5),"-") -> 0 | AX5: 0,51 a 0,99 | AY5: =IFERROR(AVERAGEIFS('BDT''s'!$W:$W,'BDT''s'!$K:$K,'Metas Produção'!$A5,'BDT''s'!$L:$L,'Metas Produção'!$B5,'BDT''s'!$F:$F,'Metas Produção'!AX5)*'Metas Produção'!$I5,"-") -> - | AZ5: =IFERROR(AY5*$I5,"-") -> - | BA5: =IFERROR(_xlfn.MAXIFS('BDT''s'!$W:$W,'BDT''s'!$K:$K,'Metas Produção'!$A5,'BDT''s'!$L:$L,'Metas Produção'!$B5,'BDT''s'!$F:$F,'Metas Produção'!AX5),"-") -> 0
A6: GARRA TRAÇADORA 1 | B6: =IFERROR(VLOOKUP(A6,Cadastros!B:D,3,FALSE),"-") -> TRAÇAMENTO | C6: =IFERROR(AVERAGEIFS('BDT''s'!W:W,'BDT''s'!K:K,'Metas Produção'!A6,'BDT''s'!L:L,'Metas Produção'!B6),"-") -> 60.763889 | D6: {=IFERROR(_xlfn.PERCENTILE.INC(_xlfn._xlws.FILTER('BDT''s'!W:W,('BDT''s'!K:K='Metas Produção'!A6)*('BDT''s'!L:L='Metas Produção'!B6)),0.5),"-")} -> 66.111111 | E6: {=IFERROR(_xlfn.PERCENTILE.INC(_xlfn._xlws.FILTER('BDT''s'!W:W,('BDT''s'!K:K='Metas Produção'!A6)*('BDT''s'!L:L='Metas Produção'!B6)),0.75),"-")} -> 68.75 | F6: =IFERROR(_xlfn.MAXIFS('BDT''s'!W:W,'BDT''s'!K:K,'Metas Produção'!A6,'BDT''s'!L:L,'Metas Produção'!B6),"-") -> 75 | G6: =IFERROR(COUNTIFS('BDT''s'!K:K,'Metas Produção'!A6,'BDT''s'!L:L,'Metas Produção'!B6),"-") -> 4 | H6: =IFERROR(IF(C6<D6,"BAIXO",IF(AND(C6>=D6,C6<E6),"MEDIO",IF(AND(C6>=E6,C6<F6),"ALTO","-"))),"-") -> BAIXO | I6: =IFERROR(AVERAGE((D6/C6),(E6/C6)),"-") -> 1.1097143 | J6: 0,01 a 0,05 | K6: =IFERROR(AVERAGEIFS('BDT''s'!$W:$W,'BDT''s'!$K:$K,'Metas Produção'!$A6,'BDT''s'!$L:$L,'Metas Produção'!$B6,'BDT''s'!$F:$F,'Metas Produção'!J6)*'Metas Produção'!$I6,"-") -> - | L6: =IFERROR(K6*$I6,"-") -> - | M6: =IFERROR(_xlfn.MAXIFS('BDT''s'!$W:$W,'BDT''s'!$K:$K,'Metas Produção'!$A6,'BDT''s'!$L:$L,'Metas Produção'!$B6,'BDT''s'!$F:$F,'Metas Produção'!J6),"-") -> 0 | N6: 0,06 a 0,10 | O6: =IFERROR(AVERAGEIFS('BDT''s'!$W:$W,'BDT''s'!$K:$K,'Metas Produção'!$A6,'BDT''s'!$L:$L,'Metas Produção'!$B6,'BDT''s'!$F:$F,'Metas Produção'!N6)*'Metas Produção'!$I6,"-") -> - | P6: =IFERROR(O6*$I6,"-") -> - | Q6: =IFERROR(_xlfn.MAXIFS('BDT''s'!$W:$W,'BDT''s'!$K:$K,'Metas Produção'!$A6,'BDT''s'!$L:$L,'Metas Produção'!$B6,'BDT''s'!$F:$F,'Metas Produção'!N6),"-") -> 0 | R6: 0,11 a 0,15 | S6: =IFERROR(AVERAGEIFS('BDT''s'!$W:$W,'BDT''s'!$K:$K,'Metas Produção'!$A6,'BDT''s'!$L:$L,'Metas Produção'!$B6,'BDT''s'!$F:$F,'Metas Produção'!R6)*'Metas Produção'!$I6,"-") -> 67.430556 | T6: =IFERROR(S6*$I6,"-") -> 74.828651 | U6: =IFERROR(_xlfn.MAXIFS('BDT''s'!$W:$W,'BDT''s'!$K:$K,'Metas Produção'!$A6,'BDT''s'!$L:$L,'Metas Produção'!$B6,'BDT''s'!$F:$F,'Metas Produção'!R6),"-") -> 75 | V6: 0,16 a 0,20 | W6: =IFERROR(AVERAGEIFS('BDT''s'!$W:$W,'BDT''s'!$K:$K,'Metas Produção'!$A6,'BDT''s'!$L:$L,'Metas Produção'!$B6,'BDT''s'!$F:$F,'Metas Produção'!V6)*'Metas Produção'!$I6,"-") -> - | X6: =IFERROR(W6*$I6,"-") -> - | Y6: =IFERROR(_xlfn.MAXIFS('BDT''s'!$W:$W,'BDT''s'!$K:$K,'Metas Produção'!$A6,'BDT''s'!$L:$L,'Metas Produção'!$B6,'BDT''s'!$F:$F,'Metas Produção'!V6),"-") -> 0 | Z6: 0,21 a 0,25 | AA6: =IFERROR(AVERAGEIFS('BDT''s'!$W:$W,'BDT''s'!$K:$K,'Metas Produção'!$A6,'BDT''s'!$L:$L,'Metas Produção'!$B6,'BDT''s'!$F:$F,'Metas Produção'!Z6)*'Metas Produção'!$I6,"-") -> - | AB6: =IFERROR(AA6*$I6,"-") -> - | AC6: =IFERROR(_xlfn.MAXIFS('BDT''s'!$W:$W,'BDT''s'!$K:$K,'Metas Produção'!$A6,'BDT''s'!$L:$L,'Metas Produção'!$B6,'BDT''s'!$F:$F,'Metas Produção'!Z6),"-") -> 0 | AD6: 0,26 a 0,30 | AE6: =IFERROR(AVERAGEIFS('BDT''s'!$W:$W,'BDT''s'!$K:$K,'Metas Produção'!$A6,'BDT''s'!$L:$L,'Metas Produção'!$B6,'BDT''s'!$F:$F,'Metas Produção'!AD6)*'Metas Produção'!$I6,"-") -> - | AF6: =IFERROR(AE6*$I6,"-") -> - | AG6: =IFERROR(_xlfn.MAXIFS('BDT''s'!$W:$W,'BDT''s'!$K:$K,'Metas Produção'!$A6,'BDT''s'!$L:$L,'Metas Produção'!$B6,'BDT''s'!$F:$F,'Metas Produção'!AD6),"-") -> 0 | AH6: 0,31 a 0,35 | AI6: =IFERROR(AVERAGEIFS('BDT''s'!$W:$W,'BDT''s'!$K:$K,'Metas Produção'!$A6,'BDT''s'!$L:$L,'Metas Produção'!$B6,'BDT''s'!$F:$F,'Metas Produção'!AH6)*'Metas Produção'!$I6,"-") -> - | AJ6: =IFERROR(AI6*$I6,"-") -> - | AK6: =IFERROR(_xlfn.MAXIFS('BDT''s'!$W:$W,'BDT''s'!$K:$K,'Metas Produção'!$A6,'BDT''s'!$L:$L,'Metas Produção'!$B6,'BDT''s'!$F:$F,'Metas Produção'!AH6),"-") -> 0 | AL6: 0,36 a 0,40 | AM6: =IFERROR(AVERAGEIFS('BDT''s'!$W:$W,'BDT''s'!$K:$K,'Metas Produção'!$A6,'BDT''s'!$L:$L,'Metas Produção'!$B6,'BDT''s'!$F:$F,'Metas Produção'!AL6)*'Metas Produção'!$I6,"-") -> - | AN6: =IFERROR(AM6*$I6,"-") -> - | AO6: =IFERROR(_xlfn.MAXIFS('BDT''s'!$W:$W,'BDT''s'!$K:$K,'Metas Produção'!$A6,'BDT''s'!$L:$L,'Metas Produção'!$B6,'BDT''s'!$F:$F,'Metas Produção'!AL6),"-") -> 0 | AP6: 0,41 a 0,45 | AQ6: =IFERROR(AVERAGEIFS('BDT''s'!$W:$W,'BDT''s'!$K:$K,'Metas Produção'!$A6,'BDT''s'!$L:$L,'Metas Produção'!$B6,'BDT''s'!$F:$F,'Metas Produção'!AP6)*'Metas Produção'!$I6,"-") -> - | AR6: =IFERROR(AQ6*$I6,"-") -> - | AS6: =IFERROR(_xlfn.MAXIFS('BDT''s'!$W:$W,'BDT''s'!$K:$K,'Metas Produção'!$A6,'BDT''s'!$L:$L,'Metas Produção'!$B6,'BDT''s'!$F:$F,'Metas Produção'!AP6),"-") -> 0 | AT6: 0,46 a 0,50 | AU6: =IFERROR(AVERAGEIFS('BDT''s'!$W:$W,'BDT''s'!$K:$K,'Metas Produção'!$A6,'BDT''s'!$L:$L,'Metas Produção'!$B6,'BDT''s'!$F:$F,'Metas Produção'!AT6)*'Metas Produção'!$I6,"-") -> - | AV6: =IFERROR(AU6*$I6,"-") -> - | AW6: =IFERROR(_xlfn.MAXIFS('BDT''s'!$W:$W,'BDT''s'!$K:$K,'Metas Produção'!$A6,'BDT''s'!$L:$L,'Metas Produção'!$B6,'BDT''s'!$F:$F,'Metas Produção'!AT6),"-") -> 0 | AX6: 0,51 a 0,99 | AY6: =IFERROR(AVERAGEIFS('BDT''s'!$W:$W,'BDT''s'!$K:$K,'Metas Produção'!$A6,'BDT''s'!$L:$L,'Metas Produção'!$B6,'BDT''s'!$F:$F,'Metas Produção'!AX6)*'Metas Produção'!$I6,"-") -> - | AZ6: =IFERROR(AY6*$I6,"-") -> - | BA6: =IFERROR(_xlfn.MAXIFS('BDT''s'!$W:$W,'BDT''s'!$K:$K,'Metas Produção'!$A6,'BDT''s'!$L:$L,'Metas Produção'!$B6,'BDT''s'!$F:$F,'Metas Produção'!AX6),"-") -> 0
A7: GARRA TRAÇADORA 2 | B7: =IFERROR(VLOOKUP(A7,Cadastros!B:D,3,FALSE),"-") -> TRAÇAMENTO | C7: =IFERROR(AVERAGEIFS('BDT''s'!W:W,'BDT''s'!K:K,'Metas Produção'!A7,'BDT''s'!L:L,'Metas Produção'!B7),"-") -> 77.5 | D7: {=IFERROR(_xlfn.PERCENTILE.INC(_xlfn._xlws.FILTER('BDT''s'!W:W,('BDT''s'!K:K='Metas Produção'!A7)*('BDT''s'!L:L='Metas Produção'!B7)),0.5),"-")} -> 75 | E7: {=IFERROR(_xlfn.PERCENTILE.INC(_xlfn._xlws.FILTER('BDT''s'!W:W,('BDT''s'!K:K='Metas Produção'!A7)*('BDT''s'!L:L='Metas Produção'!B7)),0.75),"-")} -> 84 | F7: =IFERROR(_xlfn.MAXIFS('BDT''s'!W:W,'BDT''s'!K:K,'Metas Produção'!A7,'BDT''s'!L:L,'Metas Produção'!B7),"-") -> 96 | G7: =IFERROR(COUNTIFS('BDT''s'!K:K,'Metas Produção'!A7,'BDT''s'!L:L,'Metas Produção'!B7),"-") -> 4 | H7: =IFERROR(IF(C7<D7,"BAIXO",IF(AND(C7>=D7,C7<E7),"MEDIO",IF(AND(C7>=E7,C7<F7),"ALTO","-"))),"-") -> MEDIO | I7: =IFERROR(AVERAGE((D7/C7),(E7/C7)),"-") -> 1.0258065 | J7: 0,01 a 0,05 | K7: =IFERROR(AVERAGEIFS('BDT''s'!$W:$W,'BDT''s'!$K:$K,'Metas Produção'!$A7,'BDT''s'!$L:$L,'Metas Produção'!$B7,'BDT''s'!$F:$F,'Metas Produção'!J7)*'Metas Produção'!$I7,"-") -> - | L7: =IFERROR(K7*$I7,"-") -> - | M7: =IFERROR(_xlfn.MAXIFS('BDT''s'!$W:$W,'BDT''s'!$K:$K,'Metas Produção'!$A7,'BDT''s'!$L:$L,'Metas Produção'!$B7,'BDT''s'!$F:$F,'Metas Produção'!J7),"-") -> 0 | N7: 0,06 a 0,10 | O7: =IFERROR(AVERAGEIFS('BDT''s'!$W:$W,'BDT''s'!$K:$K,'Metas Produção'!$A7,'BDT''s'!$L:$L,'Metas Produção'!$B7,'BDT''s'!$F:$F,'Metas Produção'!N7)*'Metas Produção'!$I7,"-") -> - | P7: =IFERROR(O7*$I7,"-") -> - | Q7: =IFERROR(_xlfn.MAXIFS('BDT''s'!$W:$W,'BDT''s'!$K:$K,'Metas Produção'!$A7,'BDT''s'!$L:$L,'Metas Produção'!$B7,'BDT''s'!$F:$F,'Metas Produção'!N7),"-") -> 0 | R7: 0,11 a 0,15 | S7: =IFERROR(AVERAGEIFS('BDT''s'!$W:$W,'BDT''s'!$K:$K,'Metas Produção'!$A7,'BDT''s'!$L:$L,'Metas Produção'!$B7,'BDT''s'!$F:$F,'Metas Produção'!R7)*'Metas Produção'!$I7,"-") -> - | T7: =IFERROR(S7*$I7,"-") -> - | U7: =IFERROR(_xlfn.MAXIFS('BDT''s'!$W:$W,'BDT''s'!$K:$K,'Metas Produção'!$A7,'BDT''s'!$L:$L,'Metas Produção'!$B7,'BDT''s'!$F:$F,'Metas Produção'!R7),"-") -> 0 | V7: 0,16 a 0,20 | W7: =IFERROR(AVERAGEIFS('BDT''s'!$W:$W,'BDT''s'!$K:$K,'Metas Produção'!$A7,'BDT''s'!$L:$L,'Metas Produção'!$B7,'BDT''s'!$F:$F,'Metas Produção'!V7)*'Metas Produção'!$I7,"-") -> 79.5 | X7: =IFERROR(W7*$I7,"-") -> 81.551613 | Y7: =IFERROR(_xlfn.MAXIFS('BDT''s'!$W:$W,'BDT''s'!$K:$K,'Metas Produção'!$A7,'BDT''s'!$L:$L,'Metas Produção'!$B7,'BDT''s'!$F:$F,'Metas Produção'!V7),"-") -> 96 | Z7: 0,21 a 0,25 | AA7: =IFERROR(AVERAGEIFS('BDT''s'!$W:$W,'BDT''s'!$K:$K,'Metas Produção'!$A7,'BDT''s'!$L:$L,'Metas Produção'!$B7,'BDT''s'!$F:$F,'Metas Produção'!Z7)*'Metas Produção'!$I7,"-") -> - | AB7: =IFERROR(AA7*$I7,"-") -> - | AC7: =IFERROR(_xlfn.MAXIFS('BDT''s'!$W:$W,'BDT''s'!$K:$K,'Metas Produção'!$A7,'BDT''s'!$L:$L,'Metas Produção'!$B7,'BDT''s'!$F:$F,'Metas Produção'!Z7),"-") -> 0 | AD7: 0,26 a 0,30 | AE7: =IFERROR(AVERAGEIFS('BDT''s'!$W:$W,'BDT''s'!$K:$K,'Metas Produção'!$A7,'BDT''s'!$L:$L,'Metas Produção'!$B7,'BDT''s'!$F:$F,'Metas Produção'!AD7)*'Metas Produção'!$I7,"-") -> - | AF7: =IFERROR(AE7*$I7,"-") -> - | AG7: =IFERROR(_xlfn.MAXIFS('BDT''s'!$W:$W,'BDT''s'!$K:$K,'Metas Produção'!$A7,'BDT''s'!$L:$L,'Metas Produção'!$B7,'BDT''s'!$F:$F,'Metas Produção'!AD7),"-") -> 0 | AH7: 0,31 a 0,35 | AI7: =IFERROR(AVERAGEIFS('BDT''s'!$W:$W,'BDT''s'!$K:$K,'Metas Produção'!$A7,'BDT''s'!$L:$L,'Metas Produção'!$B7,'BDT''s'!$F:$F,'Metas Produção'!AH7)*'Metas Produção'!$I7,"-") -> - | AJ7: =IFERROR(AI7*$I7,"-") -> - | AK7: =IFERROR(_xlfn.MAXIFS('BDT''s'!$W:$W,'BDT''s'!$K:$K,'Metas Produção'!$A7,'BDT''s'!$L:$L,'Metas Produção'!$B7,'BDT''s'!$F:$F,'Metas Produção'!AH7),"-") -> 0 | AL7: 0,36 a 0,40 | AM7: =IFERROR(AVERAGEIFS('BDT''s'!$W:$W,'BDT''s'!$K:$K,'Metas Produção'!$A7,'BDT''s'!$L:$L,'Metas Produção'!$B7,'BDT''s'!$F:$F,'Metas Produção'!AL7)*'Metas Produção'!$I7,"-") -> - | AN7: =IFERROR(AM7*$I7,"-") -> - | AO7: =IFERROR(_xlfn.MAXIFS('BDT''s'!$W:$W,'BDT''s'!$K:$K,'Metas Produção'!$A7,'BDT''s'!$L:$L,'Metas Produção'!$B7,'BDT''s'!$F:$F,'Metas Produção'!AL7),"-") -> 0 | AP7: 0,41 a 0,45 | AQ7: =IFERROR(AVERAGEIFS('BDT''s'!$W:$W,'BDT''s'!$K:$K,'Metas Produção'!$A7,'BDT''s'!$L:$L,'Metas Produção'!$B7,'BDT''s'!$F:$F,'Metas Produção'!AP7)*'Metas Produção'!$I7,"-") -> - | AR7: =IFERROR(AQ7*$I7,"-") -> - | AS7: =IFERROR(_xlfn.MAXIFS('BDT''s'!$W:$W,'BDT''s'!$K:$K,'Metas Produção'!$A7,'BDT''s'!$L:$L,'Metas Produção'!$B7,'BDT''s'!$F:$F,'Metas Produção'!AP7),"-") -> 0 | AT7: 0,46 a 0,50 | AU7: =IFERROR(AVERAGEIFS('BDT''s'!$W:$W,'BDT''s'!$K:$K,'Metas Produção'!$A7,'BDT''s'!$L:$L,'Metas Produção'!$B7,'BDT''s'!$F:$F,'Metas Produção'!AT7)*'Metas Produção'!$I7,"-") -> - | AV7: =IFERROR(AU7*$I7,"-") -> - | AW7: =IFERROR(_xlfn.MAXIFS('BDT''s'!$W:$W,'BDT''s'!$K:$K,'Metas Produção'!$A7,'BDT''s'!$L:$L,'Metas Produção'!$B7,'BDT''s'!$F:$F,'Metas Produção'!AT7),"-") -> 0 | AX7: 0,51 a 0,99 | AY7: =IFERROR(AVERAGEIFS('BDT''s'!$W:$W,'BDT''s'!$K:$K,'Metas Produção'!$A7,'BDT''s'!$L:$L,'Metas Produção'!$B7,'BDT''s'!$F:$F,'Metas Produção'!AX7)*'Metas Produção'!$I7,"-") -> - | AZ7: =IFERROR(AY7*$I7,"-") -> - | BA7: =IFERROR(_xlfn.MAXIFS('BDT''s'!$W:$W,'BDT''s'!$K:$K,'Metas Produção'!$A7,'BDT''s'!$L:$L,'Metas Produção'!$B7,'BDT''s'!$F:$F,'Metas Produção'!AX7),"-") -> 0

Sheet Cadastros
A1: EQUIPAMENTO DIGITADO | B1: EQUIPAMENTO | C1: CONTRATO | D1: TIPO
A2: FELLER1 | B2: FELLER BUNCHER 1 | C2: - | D2: CORTE
A3: FELLER2 | B3: FELLER BUNCHER 2 | C3: - | D3: CORTE
A4: SKIDDER1 | B4: SKIDDER 1 | C4: - | D4: ARRASTE
A5: SKIDDER2 | B5: SKIDDER 2 | C5: - | D5: ARRASTE
A6: GARRA1 | B6: GARRA TRAÇADORA 1 | C6: - | D6: TRAÇAMENTO
A7: GARRA2 | B7: GARRA TRAÇADORA 2 | C7: - | D7: TRAÇAMENTO
